row_id,split
RICE_000001,train
RICE_000002,train
RICE_000003,train
RICE_000004,train
RICE_000005,train
RICE_000006,train
RICE_000007,train
RICE_000008,train
RICE_000009,train
RICE_000010,train
RICE_000011,train
RICE_000012,train
RICE_000013,train
RICE_000014,train
RICE_000015,train
RICE_000016,train
RICE_000017,train
RICE_000018,train
RICE_000019,train
RICE_000020,train
RICE_000021,train
RICE_000022,train
RICE_000023,train
RICE_000024,train
RICE_000025,train
RICE_000026,train
RICE_000027,train
RICE_000028,train
RICE_000029,train
RICE_000030,train
RICE_000031,train
RICE_000032,train
RICE_000033,train
RICE_000034,train
RICE_000035,train
RICE_000036,train
RICE_000037,train
RICE_000038,train
RICE_000039,train
RICE_000040,train
RICE_000041,train
RICE_000042,train
RICE_000043,train
RICE_000044,train
RICE_000045,train
RICE_000046,train
RICE_000047,train
RICE_000048,train
RICE_000049,train
RICE_000050,train
RICE_000051,train
RICE_000052,train
RICE_000053,train
RICE_000054,train
RICE_000055,train
RICE_000056,train
RICE_000057,train
RICE_000058,train
RICE_000059,train
RICE_000060,train
RICE_000061,train
RICE_000062,train
RICE_000063,train
RICE_000064,train
RICE_000065,train
RICE_000066,train
RICE_000067,train
RICE_000068,train
RICE_000069,train
RICE_000070,train
RICE_000071,train
RICE_000072,train
RICE_000073,train
RICE_000074,train
RICE_000075,train
RICE_000076,train
RICE_000077,train
RICE_000078,train
RICE_000079,train
RICE_000080,train
RICE_000081,train
RICE_000082,train
RICE_000083,train
RICE_000084,train
RICE_000085,train
RICE_000086,train
RICE_000087,train
RICE_000088,train
RICE_000089,train
RICE_000090,train
RICE_000091,train
RICE_000092,train
RICE_000093,train
RICE_000094,train
RICE_000095,train
RICE_000096,train
RICE_000097,train
RICE_000098,train
RICE_000099,train
RICE_000100,train
RICE_000101,train
RICE_000102,train
RICE_000103,train
RICE_000104,train
RICE_000105,train
RICE_000106,train
RICE_000107,train
RICE_000108,train
RICE_000109,train
RICE_000110,train
RICE_000111,train
RICE_000112,train
RICE_000113,train
RICE_000114,train
RICE_000115,train
RICE_000116,train
RICE_000117,train
RICE_000118,train
RICE_000119,train
RICE_000120,train
RICE_000121,train
RICE_000122,train
RICE_000123,train
RICE_000124,train
RICE_000125,train
RICE_000126,train
RICE_000127,train
RICE_000128,train
RICE_000129,train
RICE_000130,train
RICE_000131,train
RICE_000132,train
RICE_000133,train
RICE_000134,train
RICE_000135,train
RICE_000136,train
RICE_000137,train
RICE_000138,train
RICE_000139,train
RICE_000140,train
RICE_000141,train
RICE_000142,train
RICE_000143,train
RICE_000144,train
RICE_000145,train
RICE_000146,train
RICE_000147,train
RICE_000148,train
RICE_000149,train
RICE_000150,train
RICE_000151,train
RICE_000152,train
RICE_000153,train
RICE_000154,train
RICE_000155,train
RICE_000156,train
RICE_000157,train
RICE_000158,train
RICE_000159,train
RICE_000160,train
RICE_000161,train
RICE_000162,train
RICE_000163,train
RICE_000164,train
RICE_000165,train
RICE_000166,train
RICE_000167,train
RICE_000168,train
RICE_000169,train
RICE_000170,train
RICE_000171,train
RICE_000172,train
RICE_000173,train
RICE_000174,train
RICE_000175,train
RICE_000176,train
RICE_000177,train
RICE_000178,train
RICE_000179,train
RICE_000180,train
RICE_000181,train
RICE_000182,train
RICE_000183,train
RICE_000184,train
RICE_000185,train
RICE_000186,train
RICE_000187,train
RICE_000188,train
RICE_000189,train
RICE_000190,train
RICE_000191,train
RICE_000192,train
RICE_000193,train
RICE_000194,train
RICE_000195,train
RICE_000196,train
RICE_000197,train
RICE_000198,train
RICE_000199,train
RICE_000200,train
RICE_000201,train
RICE_000202,train
RICE_000203,train
RICE_000204,train
RICE_000205,train
RICE_000206,train
RICE_000207,train
RICE_000208,train
RICE_000209,train
RICE_000210,train
RICE_000211,train
RICE_000212,train
RICE_000213,train
RICE_000214,train
RICE_000215,train
RICE_000216,train
RICE_000217,train
RICE_000218,train
RICE_000219,train
RICE_000220,train
RICE_000221,train
RICE_000222,train
RICE_000223,train
RICE_000224,train
RICE_000225,train
RICE_000226,train
RICE_000227,train
RICE_000228,train
RICE_000229,train
RICE_000230,train
RICE_000231,train
RICE_000232,train
RICE_000233,train
RICE_000234,train
RICE_000235,train
RICE_000236,train
RICE_000237,train
RICE_000238,train
RICE_000239,train
RICE_000240,train
RICE_000241,train
RICE_000242,train
RICE_000243,train
RICE_000244,train
RICE_000245,train
RICE_000246,train
RICE_000247,train
RICE_000248,train
RICE_000249,train
RICE_000250,train
RICE_000251,train
RICE_000252,train
RICE_000253,train
RICE_000254,train
RICE_000255,train
RICE_000256,train
RICE_000257,train
RICE_000258,train
RICE_000259,train
RICE_000260,train
RICE_000261,train
RICE_000262,train
RICE_000263,train
RICE_000264,train
RICE_000265,train
RICE_000266,train
RICE_000267,train
RICE_000268,train
RICE_000269,train
RICE_000270,train
RICE_000271,train
RICE_000272,train
RICE_000273,train
RICE_000274,train
RICE_000275,train
RICE_000276,train
RICE_000277,train
RICE_000278,train
RICE_000279,train
RICE_000280,train
RICE_000281,train
RICE_000282,train
RICE_000283,train
RICE_000284,train
RICE_000285,train
RICE_000286,train
RICE_000287,train
RICE_000288,train
RICE_000289,train
RICE_000290,train
RICE_000291,train
RICE_000292,train
RICE_000293,train
RICE_000294,train
RICE_000295,train
RICE_000296,train
RICE_000297,train
RICE_000298,train
RICE_000299,train
RICE_000300,train
RICE_000301,train
RICE_000302,train
RICE_000303,train
RICE_000304,train
RICE_000305,train
RICE_000306,train
RICE_000307,train
RICE_000308,train
RICE_000309,train
RICE_000310,train
RICE_000311,train
RICE_000312,train
RICE_000313,train
RICE_000314,train
RICE_000315,train
RICE_000316,train
RICE_000317,train
RICE_000318,train
RICE_000319,train
RICE_000320,train
RICE_000321,train
RICE_000322,train
RICE_000323,train
RICE_000324,train
RICE_000325,train
RICE_000326,train
RICE_000327,train
RICE_000328,train
RICE_000329,train
RICE_000330,train
RICE_000331,train
RICE_000332,train
RICE_000333,train
RICE_000334,train
RICE_000335,train
RICE_000336,train
RICE_000337,train
RICE_000338,train
RICE_000339,train
RICE_000340,train
RICE_000341,train
RICE_000342,train
RICE_000343,train
RICE_000344,train
RICE_000345,train
RICE_000346,train
RICE_000347,train
RICE_000348,train
RICE_000349,train
RICE_000350,train
RICE_000351,train
RICE_000352,train
RICE_000353,train
RICE_000354,train
RICE_000355,train
RICE_000356,train
RICE_000357,train
RICE_000358,train
RICE_000359,train
RICE_000360,train
RICE_000361,train
RICE_000362,train
RICE_000363,train
RICE_000364,train
RICE_000365,train
RICE_000366,train
RICE_000367,train
RICE_000368,train
RICE_000369,train
RICE_000370,train
RICE_000371,train
RICE_000372,train
RICE_000373,train
RICE_000374,train
RICE_000375,train
RICE_000376,train
RICE_000377,train
RICE_000378,train
RICE_000379,train
RICE_000380,train
RICE_000381,train
RICE_000382,train
RICE_000383,train
RICE_000384,train
RICE_000385,train
RICE_000386,train
RICE_000387,train
RICE_000388,train
RICE_000389,train
RICE_000390,train
RICE_000391,train
RICE_000392,train
RICE_000393,train
RICE_000394,train
RICE_000395,train
RICE_000396,train
RICE_000397,train
RICE_000398,train
RICE_000399,train
RICE_000400,train
RICE_000401,train
RICE_000402,train
RICE_000403,train
RICE_000404,train
RICE_000405,train
RICE_000406,train
RICE_000407,train
RICE_000408,train
RICE_000409,train
RICE_000410,train
RICE_000411,train
RICE_000412,train
RICE_000413,train
RICE_000414,train
RICE_000415,train
RICE_000416,train
RICE_000417,train
RICE_000418,train
RICE_000419,train
RICE_000420,train
RICE_000421,train
RICE_000422,train
RICE_000423,train
RICE_000424,train
RICE_000425,train
RICE_000426,train
RICE_000427,train
RICE_000428,train
RICE_000429,train
RICE_000430,train
RICE_000431,train
RICE_000432,train
RICE_000433,train
RICE_000434,train
RICE_000435,train
RICE_000436,train
RICE_000437,train
RICE_000438,train
RICE_000439,train
RICE_000440,train
RICE_000441,train
RICE_000442,train
RICE_000443,train
RICE_000444,train
RICE_000445,train
RICE_000446,train
RICE_000447,train
RICE_000448,train
RICE_000449,train
RICE_000450,train
RICE_000451,train
RICE_000452,train
RICE_000453,train
RICE_000454,train
RICE_000455,train
RICE_000456,train
RICE_000457,train
RICE_000458,train
RICE_000459,train
RICE_000460,train
RICE_000461,train
RICE_000462,train
RICE_000463,train
RICE_000464,train
RICE_000465,train
RICE_000466,train
RICE_000467,train
RICE_000468,train
RICE_000469,train
RICE_000470,train
RICE_000471,train
RICE_000472,train
RICE_000473,train
RICE_000474,train
RICE_000475,train
RICE_000476,train
RICE_000477,train
RICE_000478,train
RICE_000479,train
RICE_000480,train
RICE_000481,train
RICE_000482,train
RICE_000483,train
RICE_000484,train
RICE_000485,train
RICE_000486,train
RICE_000487,train
RICE_000488,train
RICE_000489,train
RICE_000490,train
RICE_000491,train
RICE_000492,train
RICE_000493,train
RICE_000494,train
RICE_000495,train
RICE_000496,train
RICE_000497,train
RICE_000498,train
RICE_000499,train
RICE_000500,train
RICE_000501,train
RICE_000502,train
RICE_000503,train
RICE_000504,train
RICE_000505,train
RICE_000506,train
RICE_000507,train
RICE_000508,train
RICE_000509,train
RICE_000510,train
RICE_000511,train
RICE_000512,train
RICE_000513,train
RICE_000514,train
RICE_000515,train
RICE_000516,train
RICE_000517,train
RICE_000518,train
RICE_000519,train
RICE_000520,train
RICE_000521,train
RICE_000522,train
RICE_000523,train
RICE_000524,train
RICE_000525,train
RICE_000526,train
RICE_000527,train
RICE_000528,train
RICE_000529,train
RICE_000530,train
RICE_000531,train
RICE_000532,train
RICE_000533,train
RICE_000534,train
RICE_000535,train
RICE_000536,train
RICE_000537,train
RICE_000538,train
RICE_000539,train
RICE_000540,train
RICE_000541,train
RICE_000542,train
RICE_000543,train
RICE_000544,train
RICE_000545,train
RICE_000546,train
RICE_000547,train
RICE_000548,train
RICE_000549,train
RICE_000550,train
RICE_000551,train
RICE_000552,train
RICE_000553,train
RICE_000554,train
RICE_000555,train
RICE_000556,train
RICE_000557,train
RICE_000558,train
RICE_000559,train
RICE_000560,train
RICE_000561,train
RICE_000562,train
RICE_000563,train
RICE_000564,train
RICE_000565,train
RICE_000566,train
RICE_000567,train
RICE_000568,train
RICE_000569,train
RICE_000570,train
RICE_000571,train
RICE_000572,train
RICE_000573,train
RICE_000574,train
RICE_000575,train
RICE_000576,train
RICE_000577,train
RICE_000578,train
RICE_000579,train
RICE_000580,train
RICE_000581,train
RICE_000582,train
RICE_000583,train
RICE_000584,train
RICE_000585,train
RICE_000586,train
RICE_000587,train
RICE_000588,train
RICE_000589,train
RICE_000590,train
RICE_000591,train
RICE_000592,train
RICE_000593,train
RICE_000594,train
RICE_000595,train
RICE_000596,train
RICE_000597,train
RICE_000598,train
RICE_000599,train
RICE_000600,train
RICE_000601,train
RICE_000602,train
RICE_000603,train
RICE_000604,train
RICE_000605,train
RICE_000606,train
RICE_000607,train
RICE_000608,train
RICE_000609,train
RICE_000610,train
RICE_000611,train
RICE_000612,train
RICE_000613,train
RICE_000614,train
RICE_000615,train
RICE_000616,train
RICE_000617,train
RICE_000618,train
RICE_000619,train
RICE_000620,train
RICE_000621,train
RICE_000622,train
RICE_000623,train
RICE_000624,train
RICE_000625,train
RICE_000626,train
RICE_000627,train
RICE_000628,train
RICE_000629,train
RICE_000630,train
RICE_000631,train
RICE_000632,train
RICE_000633,train
RICE_000634,train
RICE_000635,train
RICE_000636,train
RICE_000637,train
RICE_000638,train
RICE_000639,train
RICE_000640,train
RICE_000641,train
RICE_000642,train
RICE_000643,train
RICE_000644,train
RICE_000645,train
RICE_000646,train
RICE_000647,train
RICE_000648,train
RICE_000649,train
RICE_000650,train
RICE_000651,train
RICE_000652,train
RICE_000653,train
RICE_000654,train
RICE_000655,train
RICE_000656,train
RICE_000657,train
RICE_000658,train
RICE_000659,train
RICE_000660,train
RICE_000661,train
RICE_000662,train
RICE_000663,train
RICE_000664,train
RICE_000665,train
RICE_000666,train
RICE_000667,train
RICE_000668,train
RICE_000669,train
RICE_000670,train
RICE_000671,train
RICE_000672,train
RICE_000673,train
RICE_000674,train
RICE_000675,train
RICE_000676,train
RICE_000677,train
RICE_000678,train
RICE_000679,train
RICE_000680,train
RICE_000681,train
RICE_000682,train
RICE_000683,train
RICE_000684,train
RICE_000685,train
RICE_000686,train
RICE_000687,train
RICE_000688,train
RICE_000689,train
RICE_000690,train
RICE_000691,train
RICE_000692,train
RICE_000693,train
RICE_000694,train
RICE_000695,train
RICE_000696,train
RICE_000697,train
RICE_000698,train
RICE_000699,train
RICE_000700,train
RICE_000701,train
RICE_000702,train
RICE_000703,train
RICE_000704,train
RICE_000705,train
RICE_000706,train
RICE_000707,train
RICE_000708,train
RICE_000709,train
RICE_000710,train
RICE_000711,train
RICE_000712,train
RICE_000713,train
RICE_000714,train
RICE_000715,train
RICE_000716,train
RICE_000717,train
RICE_000718,train
RICE_000719,train
RICE_000720,train
RICE_000721,train
RICE_000722,train
RICE_000723,train
RICE_000724,train
RICE_000725,train
RICE_000726,train
RICE_000727,train
RICE_000728,train
RICE_000729,train
RICE_000730,train
RICE_000731,train
RICE_000732,train
RICE_000733,train
RICE_000734,train
RICE_000735,train
RICE_000736,train
RICE_000737,train
RICE_000738,train
RICE_000739,train
RICE_000740,train
RICE_000741,train
RICE_000742,train
RICE_000743,train
RICE_000744,train
RICE_000745,train
RICE_000746,train
RICE_000747,train
RICE_000748,train
RICE_000749,train
RICE_000750,train
RICE_000751,train
RICE_000752,train
RICE_000753,train
RICE_000754,train
RICE_000755,train
RICE_000756,train
RICE_000757,train
RICE_000758,train
RICE_000759,train
RICE_000760,train
RICE_000761,train
RICE_000762,train
RICE_000763,train
RICE_000764,train
RICE_000765,train
RICE_000766,train
RICE_000767,train
RICE_000768,train
RICE_000769,train
RICE_000770,train
RICE_000771,train
RICE_000772,train
RICE_000773,train
RICE_000774,train
RICE_000775,train
RICE_000776,train
RICE_000777,train
RICE_000778,train
RICE_000779,train
RICE_000780,train
RICE_000781,train
RICE_000782,train
RICE_000783,train
RICE_000784,train
RICE_000785,train
RICE_000786,train
RICE_000787,train
RICE_000788,train
RICE_000789,train
RICE_000790,train
RICE_000791,train
RICE_000792,train
RICE_000793,train
RICE_000794,train
RICE_000795,train
RICE_000796,train
RICE_000797,train
RICE_000798,train
RICE_000799,train
RICE_000800,train
RICE_000801,train
RICE_000802,train
RICE_000803,train
RICE_000804,train
RICE_000805,train
RICE_000806,train
RICE_000807,train
RICE_000808,train
RICE_000809,train
RICE_000810,train
RICE_000811,train
RICE_000812,train
RICE_000813,train
RICE_000814,train
RICE_000815,train
RICE_000816,train
RICE_000817,train
RICE_000818,train
RICE_000819,train
RICE_000820,train
RICE_000821,train
RICE_000822,train
RICE_000823,train
RICE_000824,train
RICE_000825,train
RICE_000826,train
RICE_000827,train
RICE_000828,train
RICE_000829,train
RICE_000830,train
RICE_000831,train
RICE_000832,train
RICE_000833,train
RICE_000834,train
RICE_000835,train
RICE_000836,train
RICE_000837,train
RICE_000838,train
RICE_000839,train
RICE_000840,train
RICE_000841,train
RICE_000842,train
RICE_000843,train
RICE_000844,train
RICE_000845,train
RICE_000846,train
RICE_000847,train
RICE_000848,train
RICE_000849,train
RICE_000850,train
RICE_000851,train
RICE_000852,train
RICE_000853,train
RICE_000854,train
RICE_000855,train
RICE_000856,train
RICE_000857,train
RICE_000858,train
RICE_000859,train
RICE_000860,train
RICE_000861,train
RICE_000862,train
RICE_000863,train
RICE_000864,train
RICE_000865,train
RICE_000866,train
RICE_000867,train
RICE_000868,train
RICE_000869,train
RICE_000870,train
RICE_000871,train
RICE_000872,train
RICE_000873,train
RICE_000874,train
RICE_000875,train
RICE_000876,train
RICE_000877,train
RICE_000878,train
RICE_000879,train
RICE_000880,train
RICE_000881,train
RICE_000882,train
RICE_000883,train
RICE_000884,train
RICE_000885,train
RICE_000886,train
RICE_000887,train
RICE_000888,train
RICE_000889,train
RICE_000890,train
RICE_000891,train
RICE_000892,train
RICE_000893,train
RICE_000894,train
RICE_000895,train
RICE_000896,train
RICE_000897,train
RICE_000898,train
RICE_000899,train
RICE_000900,train
RICE_000901,train
RICE_000902,train
RICE_000903,train
RICE_000904,train
RICE_000905,train
RICE_000906,train
RICE_000907,train
RICE_000908,train
RICE_000909,train
RICE_000910,train
RICE_000911,train
RICE_000912,train
RICE_000913,train
RICE_000914,train
RICE_000915,train
RICE_000916,train
RICE_000917,train
RICE_000918,train
RICE_000919,train
RICE_000920,train
RICE_000921,train
RICE_000922,train
RICE_000923,train
RICE_000924,train
RICE_000925,train
RICE_000926,train
RICE_000927,train
RICE_000928,train
RICE_000929,train
RICE_000930,train
RICE_000931,train
RICE_000932,train
RICE_000933,train
RICE_000934,train
RICE_000935,train
RICE_000936,train
RICE_000937,train
RICE_000938,train
RICE_000939,train
RICE_000940,train
RICE_000941,train
RICE_000942,train
RICE_000943,train
RICE_000944,train
RICE_000945,train
RICE_000946,train
RICE_000947,train
RICE_000948,train
RICE_000949,train
RICE_000950,train
RICE_000951,train
RICE_000952,train
RICE_000953,train
RICE_000954,train
RICE_000955,train
RICE_000956,train
RICE_000957,train
RICE_000958,train
RICE_000959,train
RICE_000960,train
RICE_000961,train
RICE_000962,train
RICE_000963,train
RICE_000964,train
RICE_000965,train
RICE_000966,train
RICE_000967,train
RICE_000968,train
RICE_000969,train
RICE_000970,train
RICE_000971,train
RICE_000972,train
RICE_000973,train
RICE_000974,train
RICE_000975,train
RICE_000976,train
RICE_000977,train
RICE_000978,train
RICE_000979,train
RICE_000980,train
RICE_000981,train
RICE_000982,train
RICE_000983,train
RICE_000984,train
RICE_000985,train
RICE_000986,train
RICE_000987,train
RICE_000988,train
RICE_000989,train
RICE_000990,train
RICE_000991,train
RICE_000992,train
RICE_000993,train
RICE_000994,train
RICE_000995,train
RICE_000996,train
RICE_000997,train
RICE_000998,train
RICE_000999,train
RICE_001000,train
RICE_001001,train
RICE_001002,train
RICE_001003,train
RICE_001004,train
RICE_001005,train
RICE_001006,train
RICE_001007,train
RICE_001008,train
RICE_001009,train
RICE_001010,train
RICE_001011,train
RICE_001012,train
RICE_001013,train
RICE_001014,train
RICE_001015,train
RICE_001016,train
RICE_001017,train
RICE_001018,train
RICE_001019,train
RICE_001020,train
RICE_001021,train
RICE_001022,train
RICE_001023,train
RICE_001024,train
RICE_001025,train
RICE_001026,train
RICE_001027,train
RICE_001028,train
RICE_001029,train
RICE_001030,train
RICE_001031,train
RICE_001032,train
RICE_001033,train
RICE_001034,train
RICE_001035,train
RICE_001036,train
RICE_001037,train
RICE_001038,train
RICE_001039,train
RICE_001040,train
RICE_001041,train
RICE_001042,train
RICE_001043,train
RICE_001044,train
RICE_001045,train
RICE_001046,train
RICE_001047,train
RICE_001048,train
RICE_001049,train
RICE_001050,train
RICE_001051,train
RICE_001052,train
RICE_001053,train
RICE_001054,train
RICE_001055,train
RICE_001056,train
RICE_001057,train
RICE_001058,train
RICE_001059,train
RICE_001060,train
RICE_001061,train
RICE_001062,train
RICE_001063,train
RICE_001064,train
RICE_001065,train
RICE_001066,train
RICE_001067,train
RICE_001068,train
RICE_001069,train
RICE_001070,train
RICE_001071,train
RICE_001072,train
RICE_001073,train
RICE_001074,train
RICE_001075,train
RICE_001076,train
RICE_001077,train
RICE_001078,train
RICE_001079,train
RICE_001080,train
RICE_001081,train
RICE_001082,train
RICE_001083,train
RICE_001084,train
RICE_001085,train
RICE_001086,train
RICE_001087,train
RICE_001088,train
RICE_001089,train
RICE_001090,train
RICE_001091,train
RICE_001092,train
RICE_001093,train
RICE_001094,train
RICE_001095,train
RICE_001096,train
RICE_001097,train
RICE_001098,train
RICE_001099,train
RICE_001100,train
RICE_001101,train
RICE_001102,train
RICE_001103,train
RICE_001104,train
RICE_001105,train
RICE_001106,train
RICE_001107,train
RICE_001108,train
RICE_001109,train
RICE_001110,train
RICE_001111,train
RICE_001112,train
RICE_001113,train
RICE_001114,train
RICE_001115,train
RICE_001116,train
RICE_001117,train
RICE_001118,train
RICE_001119,train
RICE_001120,train
RICE_001121,train
RICE_001122,train
RICE_001123,train
RICE_001124,train
RICE_001125,train
RICE_001126,train
RICE_001127,train
RICE_001128,train
RICE_001129,train
RICE_001130,train
RICE_001131,train
RICE_001132,train
RICE_001133,train
RICE_001134,train
RICE_001135,train
RICE_001136,train
RICE_001137,train
RICE_001138,train
RICE_001139,train
RICE_001140,train
RICE_001141,train
RICE_001142,train
RICE_001143,train
RICE_001144,train
RICE_001145,train
RICE_001146,train
RICE_001147,train
RICE_001148,train
RICE_001149,train
RICE_001150,train
RICE_001151,train
RICE_001152,train
RICE_001153,train
RICE_001154,train
RICE_001155,train
RICE_001156,train
RICE_001157,train
RICE_001158,train
RICE_001159,train
RICE_001160,train
RICE_001161,train
RICE_001162,train
RICE_001163,train
RICE_001164,train
RICE_001165,train
RICE_001166,train
RICE_001167,train
RICE_001168,train
RICE_001169,train
RICE_001170,train
RICE_001171,train
RICE_001172,train
RICE_001173,train
RICE_001174,train
RICE_001175,train
RICE_001176,train
RICE_001177,train
RICE_001178,train
RICE_001179,train
RICE_001180,train
RICE_001181,train
RICE_001182,train
RICE_001183,train
RICE_001184,train
RICE_001185,train
RICE_001186,train
RICE_001187,train
RICE_001188,train
RICE_001189,train
RICE_001190,train
RICE_001191,train
RICE_001192,train
RICE_001193,train
RICE_001194,train
RICE_001195,train
RICE_001196,train
RICE_001197,train
RICE_001198,train
RICE_001199,train
RICE_001200,train
RICE_001201,train
RICE_001202,train
RICE_001203,train
RICE_001204,train
RICE_001205,train
RICE_001206,train
RICE_001207,train
RICE_001208,train
RICE_001209,train
RICE_001210,train
RICE_001211,train
RICE_001212,train
RICE_001213,train
RICE_001214,train
RICE_001215,train
RICE_001216,train
RICE_001217,train
RICE_001218,train
RICE_001219,train
RICE_001220,train
RICE_001221,train
RICE_001222,train
RICE_001223,train
RICE_001224,train
RICE_001225,train
RICE_001226,train
RICE_001227,train
RICE_001228,train
RICE_001229,train
RICE_001230,train
RICE_001231,train
RICE_001232,train
RICE_001233,train
RICE_001234,train
RICE_001235,train
RICE_001236,train
RICE_001237,train
RICE_001238,train
RICE_001239,train
RICE_001240,train
RICE_001241,train
RICE_001242,train
RICE_001243,train
RICE_001244,train
RICE_001245,train
RICE_001246,train
RICE_001247,train
RICE_001248,train
RICE_001249,train
RICE_001250,train
RICE_001251,train
RICE_001252,train
RICE_001253,train
RICE_001254,train
RICE_001255,train
RICE_001256,train
RICE_001257,train
RICE_001258,train
RICE_001259,train
RICE_001260,train
RICE_001261,train
RICE_001262,train
RICE_001263,train
RICE_001264,train
RICE_001265,train
RICE_001266,train
RICE_001267,train
RICE_001268,train
RICE_001269,train
RICE_001270,train
RICE_001271,train
RICE_001272,train
RICE_001273,train
RICE_001274,train
RICE_001275,train
RICE_001276,train
RICE_001277,train
RICE_001278,train
RICE_001279,train
RICE_001280,train
RICE_001281,train
RICE_001282,train
RICE_001283,train
RICE_001284,train
RICE_001285,train
RICE_001286,train
RICE_001287,train
RICE_001288,train
RICE_001289,train
RICE_001290,train
RICE_001291,train
RICE_001292,train
RICE_001293,train
RICE_001294,train
RICE_001295,train
RICE_001296,train
RICE_001297,train
RICE_001298,train
RICE_001299,train
RICE_001300,train
RICE_001301,train
RICE_001302,train
RICE_001303,train
RICE_001304,train
RICE_001305,train
RICE_001306,train
RICE_001307,train
RICE_001308,train
RICE_001309,train
RICE_001310,train
RICE_001311,train
RICE_001312,train
RICE_001313,train
RICE_001314,train
RICE_001315,train
RICE_001316,train
RICE_001317,train
RICE_001318,train
RICE_001319,train
RICE_001320,train
RICE_001321,train
RICE_001322,train
RICE_001323,train
RICE_001324,train
RICE_001325,train
RICE_001326,train
RICE_001327,train
RICE_001328,train
RICE_001329,train
RICE_001330,train
RICE_001331,train
RICE_001332,train
RICE_001333,train
RICE_001334,train
RICE_001335,train
RICE_001336,train
RICE_001337,train
RICE_001338,train
RICE_001339,train
RICE_001340,train
RICE_001341,train
RICE_001342,train
RICE_001343,train
RICE_001344,train
RICE_001345,train
RICE_001346,train
RICE_001347,train
RICE_001348,train
RICE_001349,train
RICE_001350,train
RICE_001351,train
RICE_001352,train
RICE_001353,train
RICE_001354,train
RICE_001355,train
RICE_001356,train
RICE_001357,train
RICE_001358,train
RICE_001359,train
RICE_001360,train
RICE_001361,train
RICE_001362,train
RICE_001363,train
RICE_001364,train
RICE_001365,train
RICE_001366,train
RICE_001367,train
RICE_001368,train
RICE_001369,train
RICE_001370,train
RICE_001371,train
RICE_001372,train
RICE_001373,train
RICE_001374,train
RICE_001375,train
RICE_001376,train
RICE_001377,train
RICE_001378,train
RICE_001379,train
RICE_001380,train
RICE_001381,train
RICE_001382,train
RICE_001383,train
RICE_001384,train
RICE_001385,train
RICE_001386,train
RICE_001387,train
RICE_001388,train
RICE_001389,train
RICE_001390,train
RICE_001391,train
RICE_001392,train
RICE_001393,train
RICE_001394,train
RICE_001395,train
RICE_001396,train
RICE_001397,train
RICE_001398,train
RICE_001399,train
RICE_001400,train
RICE_001401,train
RICE_001402,train
RICE_001403,train
RICE_001404,train
RICE_001405,train
RICE_001406,train
RICE_001407,train
RICE_001408,train
RICE_001409,train
RICE_001410,train
RICE_001411,train
RICE_001412,train
RICE_001413,train
RICE_001414,train
RICE_001415,train
RICE_001416,train
RICE_001417,train
RICE_001418,train
RICE_001419,train
RICE_001420,train
RICE_001421,train
RICE_001422,train
RICE_001423,train
RICE_001424,train
RICE_001425,train
RICE_001426,train
RICE_001427,train
RICE_001428,train
RICE_001429,train
RICE_001430,train
RICE_001431,train
RICE_001432,train
RICE_001433,train
RICE_001434,train
RICE_001435,train
RICE_001436,train
RICE_001437,train
RICE_001438,train
RICE_001439,train
RICE_001440,train
RICE_001441,train
RICE_001442,train
RICE_001443,train
RICE_001444,train
RICE_001445,train
RICE_001446,train
RICE_001447,train
RICE_001448,train
RICE_001449,train
RICE_001450,train
RICE_001451,train
RICE_001452,train
RICE_001453,train
RICE_001454,train
RICE_001455,train
RICE_001456,train
RICE_001457,train
RICE_001458,train
RICE_001459,train
RICE_001460,train
RICE_001461,train
RICE_001462,train
RICE_001463,train
RICE_001464,train
RICE_001465,train
RICE_001466,train
RICE_001467,train
RICE_001468,train
RICE_001469,train
RICE_001470,train
RICE_001471,train
RICE_001472,train
RICE_001473,train
RICE_001474,train
RICE_001475,train
RICE_001476,train
RICE_001477,train
RICE_001478,train
RICE_001479,train
RICE_001480,train
RICE_001481,train
RICE_001482,train
RICE_001483,train
RICE_001484,train
RICE_001485,train
RICE_001486,train
RICE_001487,train
RICE_001488,train
RICE_001489,train
RICE_001490,train
RICE_001491,train
RICE_001492,train
RICE_001493,train
RICE_001494,train
RICE_001495,train
RICE_001496,train
RICE_001497,train
RICE_001498,train
RICE_001499,train
RICE_001500,train
RICE_001501,train
RICE_001502,train
RICE_001503,train
RICE_001504,train
RICE_001505,train
RICE_001506,train
RICE_001507,train
RICE_001508,train
RICE_001509,train
RICE_001510,train
RICE_001511,train
RICE_001512,train
RICE_001513,train
RICE_001514,train
RICE_001515,train
RICE_001516,train
RICE_001517,train
RICE_001518,train
RICE_001519,train
RICE_001520,train
RICE_001521,train
RICE_001522,train
RICE_001523,train
RICE_001524,train
RICE_001525,train
RICE_001526,train
RICE_001527,train
RICE_001528,train
RICE_001529,train
RICE_001530,train
RICE_001531,train
RICE_001532,train
RICE_001533,train
RICE_001534,train
RICE_001535,train
RICE_001536,train
RICE_001537,train
RICE_001538,train
RICE_001539,train
RICE_001540,train
RICE_001541,train
RICE_001542,train
RICE_001543,train
RICE_001544,train
RICE_001545,train
RICE_001546,train
RICE_001547,train
RICE_001548,train
RICE_001549,train
RICE_001550,train
RICE_001551,train
RICE_001552,train
RICE_001553,train
RICE_001554,train
RICE_001555,train
RICE_001556,train
RICE_001557,train
RICE_001558,train
RICE_001559,train
RICE_001560,train
RICE_001561,train
RICE_001562,train
RICE_001563,train
RICE_001564,train
RICE_001565,train
RICE_001566,train
RICE_001567,train
RICE_001568,train
RICE_001569,train
RICE_001570,train
RICE_001571,train
RICE_001572,train
RICE_001573,train
RICE_001574,train
RICE_001575,train
RICE_001576,train
RICE_001577,train
RICE_001578,train
RICE_001579,train
RICE_001580,train
RICE_001581,train
RICE_001582,train
RICE_001583,train
RICE_001584,train
RICE_001585,train
RICE_001586,train
RICE_001587,train
RICE_001588,train
RICE_001589,train
RICE_001590,train
RICE_001591,train
RICE_001592,train
RICE_001593,train
RICE_001594,train
RICE_001595,train
RICE_001596,train
RICE_001597,train
RICE_001598,train
RICE_001599,train
RICE_001600,train
RICE_001601,train
RICE_001602,train
RICE_001603,train
RICE_001604,train
RICE_001605,train
RICE_001606,train
RICE_001607,train
RICE_001608,train
RICE_001609,train
RICE_001610,train
RICE_001611,train
RICE_001612,train
RICE_001613,train
RICE_001614,train
RICE_001615,train
RICE_001616,train
RICE_001617,train
RICE_001618,train
RICE_001619,train
RICE_001620,train
RICE_001621,train
RICE_001622,train
RICE_001623,train
RICE_001624,train
RICE_001625,train
RICE_001626,train
RICE_001627,train
RICE_001628,train
RICE_001629,train
RICE_001630,train
RICE_001631,train
RICE_001632,train
RICE_001633,train
RICE_001634,train
RICE_001635,train
RICE_001636,train
RICE_001637,train
RICE_001638,train
RICE_001639,train
RICE_001640,train
RICE_001641,train
RICE_001642,train
RICE_001643,train
RICE_001644,train
RICE_001645,train
RICE_001646,train
RICE_001647,train
RICE_001648,train
RICE_001649,train
RICE_001650,train
RICE_001651,train
RICE_001652,train
RICE_001653,train
RICE_001654,train
RICE_001655,train
RICE_001656,train
RICE_001657,train
RICE_001658,train
RICE_001659,train
RICE_001660,train
RICE_001661,train
RICE_001662,train
RICE_001663,train
RICE_001664,train
RICE_001665,train
RICE_001666,train
RICE_001667,train
RICE_001668,train
RICE_001669,train
RICE_001670,train
RICE_001671,train
RICE_001672,train
RICE_001673,train
RICE_001674,train
RICE_001675,train
RICE_001676,train
RICE_001677,train
RICE_001678,train
RICE_001679,train
RICE_001680,train
RICE_001681,train
RICE_001682,train
RICE_001683,train
RICE_001684,train
RICE_001685,train
RICE_001686,train
RICE_001687,train
RICE_001688,train
RICE_001689,train
RICE_001690,train
RICE_001691,train
RICE_001692,train
RICE_001693,train
RICE_001694,train
RICE_001695,train
RICE_001696,train
RICE_001697,train
RICE_001698,train
RICE_001699,train
RICE_001700,train
RICE_001701,train
RICE_001702,train
RICE_001703,train
RICE_001704,train
RICE_001705,train
RICE_001706,train
RICE_001707,train
RICE_001708,train
RICE_001709,train
RICE_001710,train
RICE_001711,train
RICE_001712,train
RICE_001713,train
RICE_001714,train
RICE_001715,train
RICE_001716,train
RICE_001717,train
RICE_001718,train
RICE_001719,train
RICE_001720,train
RICE_001721,train
RICE_001722,train
RICE_001723,train
RICE_001724,train
RICE_001725,train
RICE_001726,train
RICE_001727,train
RICE_001728,train
RICE_001729,train
RICE_001730,train
RICE_001731,train
RICE_001732,train
RICE_001733,train
RICE_001734,train
RICE_001735,train
RICE_001736,train
RICE_001737,train
RICE_001738,train
RICE_001739,train
RICE_001740,train
RICE_001741,train
RICE_001742,train
RICE_001743,train
RICE_001744,train
RICE_001745,train
RICE_001746,train
RICE_001747,train
RICE_001748,train
RICE_001749,train
RICE_001750,train
RICE_001751,train
RICE_001752,train
RICE_001753,train
RICE_001754,train
RICE_001755,train
RICE_001756,train
RICE_001757,train
RICE_001758,train
RICE_001759,train
RICE_001760,train
RICE_001761,train
RICE_001762,train
RICE_001763,train
RICE_001764,train
RICE_001765,train
RICE_001766,train
RICE_001767,train
RICE_001768,train
RICE_001769,train
RICE_001770,train
RICE_001771,train
RICE_001772,train
RICE_001773,train
RICE_001774,train
RICE_001775,train
RICE_001776,train
RICE_001777,train
RICE_001778,train
RICE_001779,train
RICE_001780,train
RICE_001781,train
RICE_001782,train
RICE_001783,train
RICE_001784,train
RICE_001785,train
RICE_001786,train
RICE_001787,train
RICE_001788,train
RICE_001789,train
RICE_001790,train
RICE_001791,train
RICE_001792,train
RICE_001793,train
RICE_001794,train
RICE_001795,train
RICE_001796,train
RICE_001797,train
RICE_001798,train
RICE_001799,train
RICE_001800,train
RICE_001801,train
RICE_001802,train
RICE_001803,train
RICE_001804,train
RICE_001805,train
RICE_001806,train
RICE_001807,train
RICE_001808,train
RICE_001809,train
RICE_001810,train
RICE_001811,train
RICE_001812,train
RICE_001813,train
RICE_001814,train
RICE_001815,train
RICE_001816,train
RICE_001817,train
RICE_001818,train
RICE_001819,train
RICE_001820,train
RICE_001821,train
RICE_001822,train
RICE_001823,train
RICE_001824,train
RICE_001825,train
RICE_001826,train
RICE_001827,train
RICE_001828,train
RICE_001829,train
RICE_001830,train
RICE_001831,train
RICE_001832,train
RICE_001833,train
RICE_001834,train
RICE_001835,train
RICE_001836,train
RICE_001837,train
RICE_001838,train
RICE_001839,train
RICE_001840,train
RICE_001841,train
RICE_001842,train
RICE_001843,train
RICE_001844,train
RICE_001845,train
RICE_001846,train
RICE_001847,train
RICE_001848,train
RICE_001849,train
RICE_001850,train
RICE_001851,train
RICE_001852,train
RICE_001853,train
RICE_001854,train
RICE_001855,train
RICE_001856,train
RICE_001857,train
RICE_001858,train
RICE_001859,train
RICE_001860,train
RICE_001861,train
RICE_001862,train
RICE_001863,train
RICE_001864,train
RICE_001865,train
RICE_001866,train
RICE_001867,train
RICE_001868,train
RICE_001869,train
RICE_001870,train
RICE_001871,train
RICE_001872,train
RICE_001873,train
RICE_001874,train
RICE_001875,train
RICE_001876,train
RICE_001877,train
RICE_001878,train
RICE_001879,train
RICE_001880,train
RICE_001881,train
RICE_001882,train
RICE_001883,train
RICE_001884,train
RICE_001885,train
RICE_001886,train
RICE_001887,train
RICE_001888,train
RICE_001889,train
RICE_001890,train
RICE_001891,train
RICE_001892,train
RICE_001893,train
RICE_001894,train
RICE_001895,train
RICE_001896,train
RICE_001897,train
RICE_001898,train
RICE_001899,train
RICE_001900,train
RICE_001901,train
RICE_001902,train
RICE_001903,train
RICE_001904,train
RICE_001905,train
RICE_001906,train
RICE_001907,train
RICE_001908,train
RICE_001909,train
RICE_001910,train
RICE_001911,train
RICE_001912,train
RICE_001913,train
RICE_001914,train
RICE_001915,train
RICE_001916,train
RICE_001917,train
RICE_001918,train
RICE_001919,train
RICE_001920,train
RICE_001921,train
RICE_001922,train
RICE_001923,train
RICE_001924,train
RICE_001925,train
RICE_001926,train
RICE_001927,train
RICE_001928,train
RICE_001929,train
RICE_001930,train
RICE_001931,train
RICE_001932,train
RICE_001933,train
RICE_001934,train
RICE_001935,train
RICE_001936,train
RICE_001937,train
RICE_001938,train
RICE_001939,train
RICE_001940,train
RICE_001941,train
RICE_001942,train
RICE_001943,train
RICE_001944,train
RICE_001945,train
RICE_001946,train
RICE_001947,train
RICE_001948,train
RICE_001949,train
RICE_001950,train
RICE_001951,train
RICE_001952,train
RICE_001953,train
RICE_001954,train
RICE_001955,train
RICE_001956,train
RICE_001957,train
RICE_001958,train
RICE_001959,train
RICE_001960,train
RICE_001961,train
RICE_001962,train
RICE_001963,train
RICE_001964,train
RICE_001965,train
RICE_001966,train
RICE_001967,train
RICE_001968,train
RICE_001969,train
RICE_001970,train
RICE_001971,train
RICE_001972,train
RICE_001973,train
RICE_001974,train
RICE_001975,train
RICE_001976,train
RICE_001977,train
RICE_001978,train
RICE_001979,train
RICE_001980,train
RICE_001981,train
RICE_001982,train
RICE_001983,train
RICE_001984,train
RICE_001985,train
RICE_001986,train
RICE_001987,train
RICE_001988,train
RICE_001989,train
RICE_001990,train
RICE_001991,train
RICE_001992,train
RICE_001993,train
RICE_001994,train
RICE_001995,train
RICE_001996,train
RICE_001997,train
RICE_001998,train
RICE_001999,train
RICE_002000,train
RICE_002001,train
RICE_002002,train
RICE_002003,train
RICE_002004,train
RICE_002005,train
RICE_002006,train
RICE_002007,train
RICE_002008,train
RICE_002009,train
RICE_002010,train
RICE_002011,train
RICE_002012,train
RICE_002013,train
RICE_002014,train
RICE_002015,train
RICE_002016,train
RICE_002017,train
RICE_002018,train
RICE_002019,train
RICE_002020,train
RICE_002021,train
RICE_002022,train
RICE_002023,train
RICE_002024,train
RICE_002025,train
RICE_002026,train
RICE_002027,train
RICE_002028,train
RICE_002029,train
RICE_002030,train
RICE_002031,train
RICE_002032,train
RICE_002033,train
RICE_002034,train
RICE_002035,train
RICE_002036,train
RICE_002037,train
RICE_002038,train
RICE_002039,train
RICE_002040,train
RICE_002041,train
RICE_002042,train
RICE_002043,train
RICE_002044,train
RICE_002045,train
RICE_002046,train
RICE_002047,train
RICE_002048,train
RICE_002049,train
RICE_002050,train
RICE_002051,train
RICE_002052,train
RICE_002053,train
RICE_002054,train
RICE_002055,train
RICE_002056,train
RICE_002057,train
RICE_002058,train
RICE_002059,train
RICE_002060,train
RICE_002061,train
RICE_002062,train
RICE_002063,train
RICE_002064,train
RICE_002065,train
RICE_002066,train
RICE_002067,train
RICE_002068,train
RICE_002069,train
RICE_002070,train
RICE_002071,train
RICE_002072,train
RICE_002073,train
RICE_002074,train
RICE_002075,train
RICE_002076,train
RICE_002077,train
RICE_002078,train
RICE_002079,train
RICE_002080,train
RICE_002081,train
RICE_002082,train
RICE_002083,train
RICE_002084,train
RICE_002085,train
RICE_002086,train
RICE_002087,train
RICE_002088,train
RICE_002089,train
RICE_002090,train
RICE_002091,train
RICE_002092,train
RICE_002093,train
RICE_002094,train
RICE_002095,train
RICE_002096,train
RICE_002097,train
RICE_002098,train
RICE_002099,train
RICE_002100,train
RICE_002101,train
RICE_002102,train
RICE_002103,train
RICE_002104,train
RICE_002105,train
RICE_002106,train
RICE_002107,train
RICE_002108,train
RICE_002109,train
RICE_002110,train
RICE_002111,train
RICE_002112,train
RICE_002113,train
RICE_002114,train
RICE_002115,train
RICE_002116,train
RICE_002117,train
RICE_002118,train
RICE_002119,train
RICE_002120,train
RICE_002121,train
RICE_002122,train
RICE_002123,train
RICE_002124,train
RICE_002125,train
RICE_002126,train
RICE_002127,train
RICE_002128,train
RICE_002129,train
RICE_002130,train
RICE_002131,train
RICE_002132,train
RICE_002133,train
RICE_002134,train
RICE_002135,train
RICE_002136,train
RICE_002137,train
RICE_002138,train
RICE_002139,train
RICE_002140,train
RICE_002141,train
RICE_002142,train
RICE_002143,train
RICE_002144,train
RICE_002145,train
RICE_002146,train
RICE_002147,train
RICE_002148,train
RICE_002149,train
RICE_002150,train
RICE_002151,train
RICE_002152,train
RICE_002153,train
RICE_002154,train
RICE_002155,train
RICE_002156,train
RICE_002157,train
RICE_002158,train
RICE_002159,train
RICE_002160,train
RICE_002161,train
RICE_002162,train
RICE_002163,train
RICE_002164,train
RICE_002165,train
RICE_002166,train
RICE_002167,train
RICE_002168,train
RICE_002169,train
RICE_002170,train
RICE_002171,train
RICE_002172,train
RICE_002173,train
RICE_002174,train
RICE_002175,train
RICE_002176,train
RICE_002177,train
RICE_002178,train
RICE_002179,train
RICE_002180,train
RICE_002181,train
RICE_002182,train
RICE_002183,train
RICE_002184,train
RICE_002185,train
RICE_002186,train
RICE_002187,train
RICE_002188,train
RICE_002189,train
RICE_002190,train
RICE_002191,train
RICE_002192,train
RICE_002193,train
RICE_002194,train
RICE_002195,train
RICE_002196,train
RICE_002197,train
RICE_002198,train
RICE_002199,train
RICE_002200,train
RICE_002201,train
RICE_002202,train
RICE_002203,train
RICE_002204,train
RICE_002205,train
RICE_002206,train
RICE_002207,train
RICE_002208,train
RICE_002209,train
RICE_002210,train
RICE_002211,train
RICE_002212,train
RICE_002213,train
RICE_002214,train
RICE_002215,train
RICE_002216,train
RICE_002217,train
RICE_002218,train
RICE_002219,train
RICE_002220,train
RICE_002221,train
RICE_002222,train
RICE_002223,train
RICE_002224,train
RICE_002225,train
RICE_002226,train
RICE_002227,train
RICE_002228,train
RICE_002229,train
RICE_002230,train
RICE_002231,train
RICE_002232,train
RICE_002233,train
RICE_002234,train
RICE_002235,train
RICE_002236,train
RICE_002237,train
RICE_002238,train
RICE_002239,train
RICE_002240,train
RICE_002241,train
RICE_002242,train
RICE_002243,train
RICE_002244,train
RICE_002245,train
RICE_002246,train
RICE_002247,train
RICE_002248,train
RICE_002249,train
RICE_002250,train
RICE_002251,train
RICE_002252,train
RICE_002253,train
RICE_002254,train
RICE_002255,train
RICE_002256,train
RICE_002257,train
RICE_002258,train
RICE_002259,train
RICE_002260,train
RICE_002261,train
RICE_002262,train
RICE_002263,train
RICE_002264,train
RICE_002265,train
RICE_002266,train
RICE_002267,train
RICE_002268,train
RICE_002269,train
RICE_002270,train
RICE_002271,train
RICE_002272,train
RICE_002273,train
RICE_002274,train
RICE_002275,train
RICE_002276,train
RICE_002277,train
RICE_002278,train
RICE_002279,train
RICE_002280,train
RICE_002281,train
RICE_002282,train
RICE_002283,train
RICE_002284,train
RICE_002285,train
RICE_002286,train
RICE_002287,train
RICE_002288,train
RICE_002289,train
RICE_002290,train
RICE_002291,train
RICE_002292,train
RICE_002293,train
RICE_002294,train
RICE_002295,train
RICE_002296,train
RICE_002297,train
RICE_002298,train
RICE_002299,train
RICE_002300,train
RICE_002301,train
RICE_002302,train
RICE_002303,train
RICE_002304,train
RICE_002305,train
RICE_002306,train
RICE_002307,train
RICE_002308,train
RICE_002309,train
RICE_002310,train
RICE_002311,train
RICE_002312,train
RICE_002313,train
RICE_002314,train
RICE_002315,train
RICE_002316,train
RICE_002317,train
RICE_002318,train
RICE_002319,train
RICE_002320,train
RICE_002321,train
RICE_002322,train
RICE_002323,train
RICE_002324,train
RICE_002325,train
RICE_002326,train
RICE_002327,train
RICE_002328,train
RICE_002329,train
RICE_002330,train
RICE_002331,train
RICE_002332,train
RICE_002333,train
RICE_002334,train
RICE_002335,train
RICE_002336,train
RICE_002337,train
RICE_002338,train
RICE_002339,train
RICE_002340,train
RICE_002341,train
RICE_002342,train
RICE_002343,train
RICE_002344,train
RICE_002345,train
RICE_002346,train
RICE_002347,train
RICE_002348,train
RICE_002349,train
RICE_002350,train
RICE_002351,train
RICE_002352,train
RICE_002353,train
RICE_002354,train
RICE_002355,train
RICE_002356,train
RICE_002357,train
RICE_002358,train
RICE_002359,train
RICE_002360,train
RICE_002361,train
RICE_002362,train
RICE_002363,train
RICE_002364,train
RICE_002365,train
RICE_002366,train
RICE_002367,train
RICE_002368,train
RICE_002369,train
RICE_002370,train
RICE_002371,train
RICE_002372,train
RICE_002373,train
RICE_002374,train
RICE_002375,train
RICE_002376,train
RICE_002377,train
RICE_002378,train
RICE_002379,train
RICE_002380,train
RICE_002381,train
RICE_002382,train
RICE_002383,train
RICE_002384,train
RICE_002385,train
RICE_002386,train
RICE_002387,train
RICE_002388,train
RICE_002389,train
RICE_002390,train
RICE_002391,train
RICE_002392,train
RICE_002393,train
RICE_002394,train
RICE_002395,train
RICE_002396,train
RICE_002397,train
RICE_002398,train
RICE_002399,train
RICE_002400,train
RICE_002401,train
RICE_002402,train
RICE_002403,train
RICE_002404,train
RICE_002405,train
RICE_002406,train
RICE_002407,train
RICE_002408,train
RICE_002409,train
RICE_002410,train
RICE_002411,train
RICE_002412,train
RICE_002413,train
RICE_002414,train
RICE_002415,train
RICE_002416,train
RICE_002417,train
RICE_002418,train
RICE_002419,train
RICE_002420,train
RICE_002421,train
RICE_002422,train
RICE_002423,train
RICE_002424,train
RICE_002425,train
RICE_002426,train
RICE_002427,train
RICE_002428,train
RICE_002429,train
RICE_002430,train
RICE_002431,train
RICE_002432,train
RICE_002433,train
RICE_002434,train
RICE_002435,train
RICE_002436,train
RICE_002437,train
RICE_002438,train
RICE_002439,train
RICE_002440,train
RICE_002441,train
RICE_002442,train
RICE_002443,train
RICE_002444,train
RICE_002445,train
RICE_002446,train
RICE_002447,train
RICE_002448,train
RICE_002449,train
RICE_002450,train
RICE_002451,train
RICE_002452,train
RICE_002453,train
RICE_002454,train
RICE_002455,train
RICE_002456,train
RICE_002457,train
RICE_002458,train
RICE_002459,train
RICE_002460,train
RICE_002461,train
RICE_002462,train
RICE_002463,train
RICE_002464,train
RICE_002465,train
RICE_002466,train
RICE_002467,train
RICE_002468,train
RICE_002469,train
RICE_002470,train
RICE_002471,train
RICE_002472,train
RICE_002473,train
RICE_002474,train
RICE_002475,train
RICE_002476,train
RICE_002477,train
RICE_002478,train
RICE_002479,train
RICE_002480,train
RICE_002481,train
RICE_002482,train
RICE_002483,train
RICE_002484,train
RICE_002485,train
RICE_002486,train
RICE_002487,train
RICE_002488,train
RICE_002489,train
RICE_002490,train
RICE_002491,train
RICE_002492,train
RICE_002493,train
RICE_002494,train
RICE_002495,train
RICE_002496,train
RICE_002497,train
RICE_002498,train
RICE_002499,train
RICE_002500,train
RICE_002501,train
RICE_002502,train
RICE_002503,train
RICE_002504,train
RICE_002505,train
RICE_002506,train
RICE_002507,train
RICE_002508,train
RICE_002509,train
RICE_002510,train
RICE_002511,train
RICE_002512,train
RICE_002513,train
RICE_002514,train
RICE_002515,train
RICE_002516,train
RICE_002517,train
RICE_002518,train
RICE_002519,train
RICE_002520,train
RICE_002521,train
RICE_002522,train
RICE_002523,train
RICE_002524,train
RICE_002525,train
RICE_002526,train
RICE_002527,train
RICE_002528,train
RICE_002529,train
RICE_002530,train
RICE_002531,train
RICE_002532,train
RICE_002533,train
RICE_002534,train
RICE_002535,train
RICE_002536,train
RICE_002537,train
RICE_002538,train
RICE_002539,train
RICE_002540,train
RICE_002541,train
RICE_002542,train
RICE_002543,train
RICE_002544,train
RICE_002545,train
RICE_002546,train
RICE_002547,train
RICE_002548,train
RICE_002549,train
RICE_002550,train
RICE_002551,train
RICE_002552,train
RICE_002553,train
RICE_002554,train
RICE_002555,train
RICE_002556,train
RICE_002557,train
RICE_002558,train
RICE_002559,train
RICE_002560,train
RICE_002561,train
RICE_002562,train
RICE_002563,train
RICE_002564,train
RICE_002565,train
RICE_002566,train
RICE_002567,train
RICE_002568,train
RICE_002569,train
RICE_002570,train
RICE_002571,train
RICE_002572,train
RICE_002573,train
RICE_002574,train
RICE_002575,train
RICE_002576,train
RICE_002577,train
RICE_002578,train
RICE_002579,train
RICE_002580,train
RICE_002581,train
RICE_002582,train
RICE_002583,train
RICE_002584,train
RICE_002585,train
RICE_002586,train
RICE_002587,train
RICE_002588,train
RICE_002589,train
RICE_002590,train
RICE_002591,train
RICE_002592,train
RICE_002593,train
RICE_002594,train
RICE_002595,train
RICE_002596,train
RICE_002597,train
RICE_002598,train
RICE_002599,train
RICE_002600,train
RICE_002601,train
RICE_002602,train
RICE_002603,train
RICE_002604,train
RICE_002605,train
RICE_002606,train
RICE_002607,train
RICE_002608,train
RICE_002609,train
RICE_002610,train
RICE_002611,train
RICE_002612,train
RICE_002613,train
RICE_002614,train
RICE_002615,train
RICE_002616,train
RICE_002617,train
RICE_002618,train
RICE_002619,train
RICE_002620,train
RICE_002621,train
RICE_002622,train
RICE_002623,train
RICE_002624,train
RICE_002625,train
RICE_002626,train
RICE_002627,train
RICE_002628,train
RICE_002629,train
RICE_002630,train
RICE_002631,train
RICE_002632,train
RICE_002633,train
RICE_002634,train
RICE_002635,train
RICE_002636,train
RICE_002637,train
RICE_002638,train
RICE_002639,train
RICE_002640,train
RICE_002641,train
RICE_002642,train
RICE_002643,train
RICE_002644,train
RICE_002645,train
RICE_002646,train
RICE_002647,train
RICE_002648,train
RICE_002649,train
RICE_002650,train
RICE_002651,train
RICE_002652,train
RICE_002653,train
RICE_002654,train
RICE_002655,train
RICE_002656,train
RICE_002657,train
RICE_002658,train
RICE_002659,train
RICE_002660,train
RICE_002661,train
RICE_002662,train
RICE_002663,train
RICE_002664,train
RICE_002665,train
RICE_002666,train
RICE_002667,train
RICE_002668,train
RICE_002669,train
RICE_002670,train
RICE_002671,train
RICE_002672,train
RICE_002673,train
RICE_002674,train
RICE_002675,train
RICE_002676,train
RICE_002677,train
RICE_002678,train
RICE_002679,train
RICE_002680,train
RICE_002681,train
RICE_002682,train
RICE_002683,train
RICE_002684,train
RICE_002685,train
RICE_002686,train
RICE_002687,train
RICE_002688,train
RICE_002689,train
RICE_002690,train
RICE_002691,train
RICE_002692,train
RICE_002693,train
RICE_002694,train
RICE_002695,train
RICE_002696,train
RICE_002697,train
RICE_002698,train
RICE_002699,train
RICE_002700,train
RICE_002701,train
RICE_002702,train
RICE_002703,train
RICE_002704,train
RICE_002705,train
RICE_002706,train
RICE_002707,train
RICE_002708,train
RICE_002709,train
RICE_002710,train
RICE_002711,train
RICE_002712,train
RICE_002713,train
RICE_002714,train
RICE_002715,train
RICE_002716,train
RICE_002717,train
RICE_002718,train
RICE_002719,train
RICE_002720,train
RICE_002721,train
RICE_002722,train
RICE_002723,train
RICE_002724,train
RICE_002725,train
RICE_002726,train
RICE_002727,train
RICE_002728,train
RICE_002729,train
RICE_002730,train
RICE_002731,train
RICE_002732,train
RICE_002733,train
RICE_002734,train
RICE_002735,train
RICE_002736,train
RICE_002737,train
RICE_002738,train
RICE_002739,train
RICE_002740,train
RICE_002741,train
RICE_002742,train
RICE_002743,train
RICE_002744,train
RICE_002745,train
RICE_002746,train
RICE_002747,train
RICE_002748,train
RICE_002749,train
RICE_002750,train
RICE_002751,train
RICE_002752,train
RICE_002753,train
RICE_002754,train
RICE_002755,train
RICE_002756,train
RICE_002757,train
RICE_002758,train
RICE_002759,train
RICE_002760,train
RICE_002761,train
RICE_002762,train
RICE_002763,train
RICE_002764,train
RICE_002765,train
RICE_002766,train
RICE_002767,train
RICE_002768,train
RICE_002769,train
RICE_002770,train
RICE_002771,train
RICE_002772,train
RICE_002773,train
RICE_002774,train
RICE_002775,train
RICE_002776,train
RICE_002777,train
RICE_002778,train
RICE_002779,train
RICE_002780,train
RICE_002781,train
RICE_002782,train
RICE_002783,train
RICE_002784,train
RICE_002785,train
RICE_002786,train
RICE_002787,train
RICE_002788,train
RICE_002789,train
RICE_002790,train
RICE_002791,train
RICE_002792,train
RICE_002793,train
RICE_002794,train
RICE_002795,train
RICE_002796,train
RICE_002797,train
RICE_002798,train
RICE_002799,train
RICE_002800,train
RICE_002801,train
RICE_002802,train
RICE_002803,train
RICE_002804,train
RICE_002805,train
RICE_002806,train
RICE_002807,train
RICE_002808,train
RICE_002809,train
RICE_002810,train
RICE_002811,train
RICE_002812,train
RICE_002813,train
RICE_002814,train
RICE_002815,train
RICE_002816,train
RICE_002817,train
RICE_002818,train
RICE_002819,train
RICE_002820,train
RICE_002821,train
RICE_002822,train
RICE_002823,train
RICE_002824,train
RICE_002825,train
RICE_002826,train
RICE_002827,train
RICE_002828,train
RICE_002829,train
RICE_002830,train
RICE_002831,train
RICE_002832,train
RICE_002833,train
RICE_002834,train
RICE_002835,train
RICE_002836,train
RICE_002837,train
RICE_002838,train
RICE_002839,train
RICE_002840,train
RICE_002841,train
RICE_002842,train
RICE_002843,train
RICE_002844,train
RICE_002845,train
RICE_002846,train
RICE_002847,train
RICE_002848,train
RICE_002849,train
RICE_002850,train
RICE_002851,train
RICE_002852,train
RICE_002853,train
RICE_002854,train
RICE_002855,train
RICE_002856,train
RICE_002857,train
RICE_002858,train
RICE_002859,train
RICE_002860,train
RICE_002861,train
RICE_002862,train
RICE_002863,train
RICE_002864,train
RICE_002865,train
RICE_002866,train
RICE_002867,train
RICE_002868,train
RICE_002869,train
RICE_002870,train
RICE_002871,train
RICE_002872,train
RICE_002873,train
RICE_002874,train
RICE_002875,train
RICE_002876,train
RICE_002877,train
RICE_002878,train
RICE_002879,train
RICE_002880,train
RICE_002881,train
RICE_002882,train
RICE_002883,train
RICE_002884,train
RICE_002885,train
RICE_002886,train
RICE_002887,train
RICE_002888,train
RICE_002889,train
RICE_002890,train
RICE_002891,train
RICE_002892,train
RICE_002893,train
RICE_002894,train
RICE_002895,train
RICE_002896,train
RICE_002897,train
RICE_002898,train
RICE_002899,train
RICE_002900,train
RICE_002901,train
RICE_002902,train
RICE_002903,train
RICE_002904,train
RICE_002905,train
RICE_002906,train
RICE_002907,train
RICE_002908,train
RICE_002909,train
RICE_002910,train
RICE_002911,train
RICE_002912,train
RICE_002913,train
RICE_002914,train
RICE_002915,train
RICE_002916,train
RICE_002917,train
RICE_002918,train
RICE_002919,train
RICE_002920,train
RICE_002921,train
RICE_002922,train
RICE_002923,train
RICE_002924,train
RICE_002925,train
RICE_002926,train
RICE_002927,train
RICE_002928,train
RICE_002929,train
RICE_002930,train
RICE_002931,train
RICE_002932,train
RICE_002933,train
RICE_002934,train
RICE_002935,train
RICE_002936,train
RICE_002937,train
RICE_002938,train
RICE_002939,train
RICE_002940,train
RICE_002941,train
RICE_002942,train
RICE_002943,train
RICE_002944,train
RICE_002945,train
RICE_002946,train
RICE_002947,train
RICE_002948,train
RICE_002949,train
RICE_002950,train
RICE_002951,train
RICE_002952,train
RICE_002953,train
RICE_002954,train
RICE_002955,train
RICE_002956,train
RICE_002957,train
RICE_002958,train
RICE_002959,train
RICE_002960,train
RICE_002961,train
RICE_002962,train
RICE_002963,train
RICE_002964,train
RICE_002965,train
RICE_002966,train
RICE_002967,train
RICE_002968,train
RICE_002969,train
RICE_002970,train
RICE_002971,train
RICE_002972,train
RICE_002973,train
RICE_002974,train
RICE_002975,train
RICE_002976,train
RICE_002977,train
RICE_002978,train
RICE_002979,train
RICE_002980,train
RICE_002981,train
RICE_002982,train
RICE_002983,train
RICE_002984,train
RICE_002985,train
RICE_002986,train
RICE_002987,train
RICE_002988,train
RICE_002989,train
RICE_002990,train
RICE_002991,train
RICE_002992,train
RICE_002993,train
RICE_002994,train
RICE_002995,train
RICE_002996,train
RICE_002997,train
RICE_002998,train
RICE_002999,train
RICE_003000,train
RICE_003001,train
RICE_003002,train
RICE_003003,train
RICE_003004,train
RICE_003005,train
RICE_003006,train
RICE_003007,train
RICE_003008,train
RICE_003009,train
RICE_003010,train
RICE_003011,train
RICE_003012,train
RICE_003013,train
RICE_003014,train
RICE_003015,train
RICE_003016,train
RICE_003017,train
RICE_003018,train
RICE_003019,train
RICE_003020,train
RICE_003021,train
RICE_003022,train
RICE_003023,train
RICE_003024,train
RICE_003025,train
RICE_003026,train
RICE_003027,train
RICE_003028,train
RICE_003029,train
RICE_003030,train
RICE_003031,train
RICE_003032,train
RICE_003033,train
RICE_003034,train
RICE_003035,train
RICE_003036,train
RICE_003037,train
RICE_003038,train
RICE_003039,train
RICE_003040,train
RICE_003041,train
RICE_003042,train
RICE_003043,train
RICE_003044,train
RICE_003045,train
RICE_003046,train
RICE_003047,train
RICE_003048,train
RICE_003049,train
RICE_003050,train
RICE_003051,train
RICE_003052,train
RICE_003053,train
RICE_003054,train
RICE_003055,train
RICE_003056,train
RICE_003057,train
RICE_003058,train
RICE_003059,train
RICE_003060,train
RICE_003061,train
RICE_003062,train
RICE_003063,train
RICE_003064,train
RICE_003065,train
RICE_003066,train
RICE_003067,train
RICE_003068,train
RICE_003069,train
RICE_003070,train
RICE_003071,train
RICE_003072,train
RICE_003073,train
RICE_003074,train
RICE_003075,train
RICE_003076,train
RICE_003077,train
RICE_003078,train
RICE_003079,train
RICE_003080,train
RICE_003081,train
RICE_003082,train
RICE_003083,train
RICE_003084,train
RICE_003085,train
RICE_003086,train
RICE_003087,train
RICE_003088,train
RICE_003089,train
RICE_003090,train
RICE_003091,train
RICE_003092,train
RICE_003093,train
RICE_003094,train
RICE_003095,train
RICE_003096,train
RICE_003097,train
RICE_003098,train
RICE_003099,train
RICE_003100,train
RICE_003101,train
RICE_003102,train
RICE_003103,train
RICE_003104,train
RICE_003105,train
RICE_003106,train
RICE_003107,train
RICE_003108,train
RICE_003109,train
RICE_003110,train
RICE_003111,train
RICE_003112,train
RICE_003113,train
RICE_003114,train
RICE_003115,train
RICE_003116,train
RICE_003117,train
RICE_003118,train
RICE_003119,train
RICE_003120,train
RICE_003121,train
RICE_003122,train
RICE_003123,train
RICE_003124,train
RICE_003125,train
RICE_003126,train
RICE_003127,train
RICE_003128,train
RICE_003129,train
RICE_003130,train
RICE_003131,train
RICE_003132,train
RICE_003133,train
RICE_003134,train
RICE_003135,train
RICE_003136,train
RICE_003137,train
RICE_003138,train
RICE_003139,train
RICE_003140,train
RICE_003141,train
RICE_003142,train
RICE_003143,train
RICE_003144,train
RICE_003145,train
RICE_003146,train
RICE_003147,train
RICE_003148,train
RICE_003149,train
RICE_003150,train
RICE_003151,train
RICE_003152,train
RICE_003153,train
RICE_003154,train
RICE_003155,train
RICE_003156,train
RICE_003157,train
RICE_003158,train
RICE_003159,train
RICE_003160,train
RICE_003161,train
RICE_003162,train
RICE_003163,train
RICE_003164,train
RICE_003165,train
RICE_003166,train
RICE_003167,train
RICE_003168,train
RICE_003169,train
RICE_003170,train
RICE_003171,train
RICE_003172,train
RICE_003173,train
RICE_003174,train
RICE_003175,train
RICE_003176,train
RICE_003177,train
RICE_003178,train
RICE_003179,train
RICE_003180,train
RICE_003181,train
RICE_003182,train
RICE_003183,train
RICE_003184,train
RICE_003185,train
RICE_003186,train
RICE_003187,train
RICE_003188,train
RICE_003189,train
RICE_003190,train
RICE_003191,train
RICE_003192,train
RICE_003193,train
RICE_003194,train
RICE_003195,train
RICE_003196,train
RICE_003197,train
RICE_003198,train
RICE_003199,train
RICE_003200,train
RICE_003201,train
RICE_003202,train
RICE_003203,train
RICE_003204,train
RICE_003205,train
RICE_003206,train
RICE_003207,train
RICE_003208,train
RICE_003209,train
RICE_003210,train
RICE_003211,train
RICE_003212,train
RICE_003213,train
RICE_003214,train
RICE_003215,train
RICE_003216,train
RICE_003217,train
RICE_003218,train
RICE_003219,train
RICE_003220,train
RICE_003221,train
RICE_003222,train
RICE_003223,train
RICE_003224,train
RICE_003225,train
RICE_003226,train
RICE_003227,train
RICE_003228,train
RICE_003229,train
RICE_003230,train
RICE_003231,train
RICE_003232,train
RICE_003233,train
RICE_003234,train
RICE_003235,train
RICE_003236,train
RICE_003237,train
RICE_003238,train
RICE_003239,train
RICE_003240,train
RICE_003241,train
RICE_003242,train
RICE_003243,train
RICE_003244,train
RICE_003245,train
RICE_003246,train
RICE_003247,train
RICE_003248,train
RICE_003249,train
RICE_003250,train
RICE_003251,train
RICE_003252,train
RICE_003253,train
RICE_003254,train
RICE_003255,train
RICE_003256,train
RICE_003257,train
RICE_003258,train
RICE_003259,train
RICE_003260,train
RICE_003261,train
RICE_003262,train
RICE_003263,train
RICE_003264,train
RICE_003265,train
RICE_003266,train
RICE_003267,train
RICE_003268,train
RICE_003269,train
RICE_003270,train
RICE_003271,train
RICE_003272,train
RICE_003273,train
RICE_003274,train
RICE_003275,train
RICE_003276,train
RICE_003277,train
RICE_003278,train
RICE_003279,train
RICE_003280,train
RICE_003281,train
RICE_003282,train
RICE_003283,train
RICE_003284,train
RICE_003285,train
RICE_003286,train
RICE_003287,train
RICE_003288,train
RICE_003289,train
RICE_003290,train
RICE_003291,train
RICE_003292,train
RICE_003293,train
RICE_003294,train
RICE_003295,train
RICE_003296,train
RICE_003297,train
RICE_003298,train
RICE_003299,train
RICE_003300,train
RICE_003301,train
RICE_003302,train
RICE_003303,train
RICE_003304,train
RICE_003305,train
RICE_003306,train
RICE_003307,train
RICE_003308,train
RICE_003309,train
RICE_003310,train
RICE_003311,train
RICE_003312,train
RICE_003313,train
RICE_003314,train
RICE_003315,train
RICE_003316,train
RICE_003317,train
RICE_003318,train
RICE_003319,train
RICE_003320,train
RICE_003321,train
RICE_003322,train
RICE_003323,train
RICE_003324,train
RICE_003325,train
RICE_003326,train
RICE_003327,train
RICE_003328,train
RICE_003329,train
RICE_003330,train
RICE_003331,train
RICE_003332,train
RICE_003333,train
RICE_003334,train
RICE_003335,train
RICE_003336,train
RICE_003337,train
RICE_003338,train
RICE_003339,train
RICE_003340,train
RICE_003341,train
RICE_003342,train
RICE_003343,train
RICE_003344,train
RICE_003345,train
RICE_003346,train
RICE_003347,train
RICE_003348,train
RICE_003349,train
RICE_003350,train
RICE_003351,train
RICE_003352,train
RICE_003353,train
RICE_003354,train
RICE_003355,train
RICE_003356,train
RICE_003357,train
RICE_003358,train
RICE_003359,train
RICE_003360,train
RICE_003361,train
RICE_003362,train
RICE_003363,train
RICE_003364,train
RICE_003365,train
RICE_003366,train
RICE_003367,train
RICE_003368,train
RICE_003369,train
RICE_003370,train
RICE_003371,train
RICE_003372,train
RICE_003373,train
RICE_003374,train
RICE_003375,train
RICE_003376,train
RICE_003377,train
RICE_003378,train
RICE_003379,train
RICE_003380,train
RICE_003381,train
RICE_003382,train
RICE_003383,train
RICE_003384,train
RICE_003385,train
RICE_003386,train
RICE_003387,train
RICE_003388,train
RICE_003389,train
RICE_003390,train
RICE_003391,train
RICE_003392,train
RICE_003393,train
RICE_003394,train
RICE_003395,train
RICE_003396,train
RICE_003397,train
RICE_003398,train
RICE_003399,train
RICE_003400,train
RICE_003401,train
RICE_003402,train
RICE_003403,train
RICE_003404,train
RICE_003405,train
RICE_003406,train
RICE_003407,train
RICE_003408,train
RICE_003409,train
RICE_003410,train
RICE_003411,train
RICE_003412,train
RICE_003413,train
RICE_003414,train
RICE_003415,train
RICE_003416,train
RICE_003417,train
RICE_003418,train
RICE_003419,train
RICE_003420,train
RICE_003421,train
RICE_003422,train
RICE_003423,train
RICE_003424,train
RICE_003425,train
RICE_003426,train
RICE_003427,train
RICE_003428,train
RICE_003429,train
RICE_003430,train
RICE_003431,train
RICE_003432,train
RICE_003433,train
RICE_003434,train
RICE_003435,train
RICE_003436,train
RICE_003437,train
RICE_003438,train
RICE_003439,train
RICE_003440,train
RICE_003441,train
RICE_003442,train
RICE_003443,train
RICE_003444,train
RICE_003445,train
RICE_003446,train
RICE_003447,train
RICE_003448,train
RICE_003449,train
RICE_003450,train
RICE_003451,train
RICE_003452,train
RICE_003453,train
RICE_003454,train
RICE_003455,train
RICE_003456,train
RICE_003457,train
RICE_003458,train
RICE_003459,train
RICE_003460,train
RICE_003461,train
RICE_003462,train
RICE_003463,train
RICE_003464,train
RICE_003465,train
RICE_003466,train
RICE_003467,train
RICE_003468,train
RICE_003469,train
RICE_003470,train
RICE_003471,train
RICE_003472,train
RICE_003473,train
RICE_003474,train
RICE_003475,train
RICE_003476,train
RICE_003477,train
RICE_003478,train
RICE_003479,train
RICE_003480,train
RICE_003481,train
RICE_003482,train
RICE_003483,train
RICE_003484,train
RICE_003485,train
RICE_003486,train
RICE_003487,train
RICE_003488,train
RICE_003489,train
RICE_003490,train
RICE_003491,train
RICE_003492,train
RICE_003493,train
RICE_003494,train
RICE_003495,train
RICE_003496,train
RICE_003497,train
RICE_003498,train
RICE_003499,train
RICE_003500,train
RICE_003501,train
RICE_003502,train
RICE_003503,train
RICE_003504,train
RICE_003505,train
RICE_003506,train
RICE_003507,train
RICE_003508,train
RICE_003509,train
RICE_003510,train
RICE_003511,train
RICE_003512,train
RICE_003513,train
RICE_003514,train
RICE_003515,train
RICE_003516,train
RICE_003517,train
RICE_003518,train
RICE_003519,train
RICE_003520,train
RICE_003521,train
RICE_003522,train
RICE_003523,train
RICE_003524,train
RICE_003525,train
RICE_003526,train
RICE_003527,train
RICE_003528,train
RICE_003529,train
RICE_003530,train
RICE_003531,train
RICE_003532,train
RICE_003533,train
RICE_003534,train
RICE_003535,train
RICE_003536,train
RICE_003537,train
RICE_003538,train
RICE_003539,train
RICE_003540,train
RICE_003541,train
RICE_003542,train
RICE_003543,train
RICE_003544,train
RICE_003545,train
RICE_003546,train
RICE_003547,train
RICE_003548,train
RICE_003549,train
RICE_003550,train
RICE_003551,train
RICE_003552,train
RICE_003553,train
RICE_003554,train
RICE_003555,train
RICE_003556,train
RICE_003557,train
RICE_003558,train
RICE_003559,train
RICE_003560,train
RICE_003561,train
RICE_003562,train
RICE_003563,train
RICE_003564,train
RICE_003565,train
RICE_003566,train
RICE_003567,train
RICE_003568,train
RICE_003569,train
RICE_003570,train
RICE_003571,train
RICE_003572,train
RICE_003573,train
RICE_003574,train
RICE_003575,train
RICE_003576,train
RICE_003577,train
RICE_003578,train
RICE_003579,train
RICE_003580,train
RICE_003581,train
RICE_003582,train
RICE_003583,train
RICE_003584,train
RICE_003585,train
RICE_003586,train
RICE_003587,train
RICE_003588,train
RICE_003589,train
RICE_003590,train
RICE_003591,train
RICE_003592,train
RICE_003593,train
RICE_003594,train
RICE_003595,train
RICE_003596,train
RICE_003597,train
RICE_003598,train
RICE_003599,train
RICE_003600,train
RICE_003601,train
RICE_003602,train
RICE_003603,train
RICE_003604,train
RICE_003605,train
RICE_003606,train
RICE_003607,train
RICE_003608,train
RICE_003609,train
RICE_003610,train
RICE_003611,train
RICE_003612,train
RICE_003613,train
RICE_003614,train
RICE_003615,train
RICE_003616,train
RICE_003617,train
RICE_003618,train
RICE_003619,train
RICE_003620,train
RICE_003621,train
RICE_003622,train
RICE_003623,train
RICE_003624,train
RICE_003625,train
RICE_003626,train
RICE_003627,train
RICE_003628,train
RICE_003629,train
RICE_003630,train
RICE_003631,train
RICE_003632,train
RICE_003633,train
RICE_003634,train
RICE_003635,train
RICE_003636,train
RICE_003637,train
RICE_003638,train
RICE_003639,train
RICE_003640,train
RICE_003641,train
RICE_003642,train
RICE_003643,train
RICE_003644,train
RICE_003645,train
RICE_003646,train
RICE_003647,train
RICE_003648,train
RICE_003649,train
RICE_003650,train
RICE_003651,train
RICE_003652,train
RICE_003653,train
RICE_003654,train
RICE_003655,train
RICE_003656,train
RICE_003657,train
RICE_003658,train
RICE_003659,train
RICE_003660,train
RICE_003661,train
RICE_003662,train
RICE_003663,train
RICE_003664,train
RICE_003665,train
RICE_003666,train
RICE_003667,train
RICE_003668,train
RICE_003669,train
RICE_003670,train
RICE_003671,train
RICE_003672,train
RICE_003673,train
RICE_003674,train
RICE_003675,train
RICE_003676,train
RICE_003677,train
RICE_003678,train
RICE_003679,train
RICE_003680,train
RICE_003681,train
RICE_003682,train
RICE_003683,train
RICE_003684,train
RICE_003685,train
RICE_003686,train
RICE_003687,train
RICE_003688,train
RICE_003689,train
RICE_003690,train
RICE_003691,train
RICE_003692,train
RICE_003693,train
RICE_003694,train
RICE_003695,train
RICE_003696,train
RICE_003697,train
RICE_003698,train
RICE_003699,train
RICE_003700,train
RICE_003701,train
RICE_003702,train
RICE_003703,train
RICE_003704,train
RICE_003705,train
RICE_003706,train
RICE_003707,train
RICE_003708,train
RICE_003709,train
RICE_003710,train
RICE_003711,train
RICE_003712,train
RICE_003713,train
RICE_003714,train
RICE_003715,train
RICE_003716,train
RICE_003717,train
RICE_003718,train
RICE_003719,train
RICE_003720,train
RICE_003721,train
RICE_003722,train
RICE_003723,train
RICE_003724,train
RICE_003725,train
RICE_003726,train
RICE_003727,train
RICE_003728,train
RICE_003729,train
RICE_003730,train
RICE_003731,train
RICE_003732,train
RICE_003733,train
RICE_003734,train
RICE_003735,train
RICE_003736,train
RICE_003737,train
RICE_003738,train
RICE_003739,train
RICE_003740,train
RICE_003741,train
RICE_003742,train
RICE_003743,train
RICE_003744,train
RICE_003745,train
RICE_003746,train
RICE_003747,train
RICE_003748,train
RICE_003749,train
RICE_003750,train
RICE_003751,train
RICE_003752,train
RICE_003753,train
RICE_003754,train
RICE_003755,train
RICE_003756,train
RICE_003757,train
RICE_003758,train
RICE_003759,train
RICE_003760,train
RICE_003761,train
RICE_003762,train
RICE_003763,train
RICE_003764,train
RICE_003765,train
RICE_003766,train
RICE_003767,train
RICE_003768,train
RICE_003769,train
RICE_003770,train
RICE_003771,train
RICE_003772,train
RICE_003773,train
RICE_003774,train
RICE_003775,train
RICE_003776,train
RICE_003777,train
RICE_003778,train
RICE_003779,train
RICE_003780,train
RICE_003781,train
RICE_003782,train
RICE_003783,train
RICE_003784,train
RICE_003785,train
RICE_003786,train
RICE_003787,train
RICE_003788,train
RICE_003789,train
RICE_003790,train
RICE_003791,train
RICE_003792,train
RICE_003793,train
RICE_003794,train
RICE_003795,train
RICE_003796,train
RICE_003797,train
RICE_003798,train
RICE_003799,train
RICE_003800,train
RICE_003801,train
RICE_003802,train
RICE_003803,train
RICE_003804,train
RICE_003805,train
RICE_003806,train
RICE_003807,train
RICE_003808,train
RICE_003809,train
RICE_003810,train
RICE_003811,train
RICE_003812,train
RICE_003813,train
RICE_003814,train
RICE_003815,train
RICE_003816,train
RICE_003817,train
RICE_003818,train
RICE_003819,train
RICE_003820,train
RICE_003821,train
RICE_003822,train
RICE_003823,train
RICE_003824,train
RICE_003825,train
RICE_003826,train
RICE_003827,train
RICE_003828,train
RICE_003829,train
RICE_003830,train
RICE_003831,train
RICE_003832,train
RICE_003833,train
RICE_003834,train
RICE_003835,train
RICE_003836,train
RICE_003837,train
RICE_003838,train
RICE_003839,train
RICE_003840,train
RICE_003841,train
RICE_003842,train
RICE_003843,train
RICE_003844,train
RICE_003845,train
RICE_003846,train
RICE_003847,train
RICE_003848,train
RICE_003849,train
RICE_003850,train
RICE_003851,train
RICE_003852,train
RICE_003853,train
RICE_003854,train
RICE_003855,train
RICE_003856,train
RICE_003857,train
RICE_003858,train
RICE_003859,train
RICE_003860,train
RICE_003861,train
RICE_003862,train
RICE_003863,train
RICE_003864,train
RICE_003865,train
RICE_003866,train
RICE_003867,train
RICE_003868,train
RICE_003869,train
RICE_003870,train
RICE_003871,train
RICE_003872,train
RICE_003873,train
RICE_003874,train
RICE_003875,train
RICE_003876,train
RICE_003877,train
RICE_003878,train
RICE_003879,train
RICE_003880,train
RICE_003881,train
RICE_003882,train
RICE_003883,train
RICE_003884,train
RICE_003885,train
RICE_003886,train
RICE_003887,train
RICE_003888,train
RICE_003889,train
RICE_003890,train
RICE_003891,train
RICE_003892,train
RICE_003893,train
RICE_003894,train
RICE_003895,train
RICE_003896,train
RICE_003897,train
RICE_003898,train
RICE_003899,train
RICE_003900,train
RICE_003901,train
RICE_003902,train
RICE_003903,train
RICE_003904,train
RICE_003905,train
RICE_003906,train
RICE_003907,train
RICE_003908,train
RICE_003909,train
RICE_003910,train
RICE_003911,train
RICE_003912,train
RICE_003913,train
RICE_003914,train
RICE_003915,train
RICE_003916,train
RICE_003917,train
RICE_003918,train
RICE_003919,train
RICE_003920,train
RICE_003921,train
RICE_003922,train
RICE_003923,train
RICE_003924,train
RICE_003925,train
RICE_003926,train
RICE_003927,train
RICE_003928,train
RICE_003929,train
RICE_003930,train
RICE_003931,train
RICE_003932,train
RICE_003933,train
RICE_003934,train
RICE_003935,train
RICE_003936,train
RICE_003937,train
RICE_003938,train
RICE_003939,train
RICE_003940,train
RICE_003941,train
RICE_003942,train
RICE_003943,train
RICE_003944,train
RICE_003945,train
RICE_003946,train
RICE_003947,train
RICE_003948,train
RICE_003949,train
RICE_003950,train
RICE_003951,train
RICE_003952,train
RICE_003953,train
RICE_003954,train
RICE_003955,train
RICE_003956,train
RICE_003957,train
RICE_003958,train
RICE_003959,train
RICE_003960,train
RICE_003961,train
RICE_003962,train
RICE_003963,train
RICE_003964,train
RICE_003965,train
RICE_003966,train
RICE_003967,train
RICE_003968,train
RICE_003969,train
RICE_003970,train
RICE_003971,train
RICE_003972,train
RICE_003973,train
RICE_003974,train
RICE_003975,train
RICE_003976,train
RICE_003977,train
RICE_003978,train
RICE_003979,train
RICE_003980,train
RICE_003981,train
RICE_003982,train
RICE_003983,train
RICE_003984,train
RICE_003985,train
RICE_003986,train
RICE_003987,train
RICE_003988,train
RICE_003989,train
RICE_003990,train
RICE_003991,train
RICE_003992,train
RICE_003993,train
RICE_003994,train
RICE_003995,train
RICE_003996,train
RICE_003997,train
RICE_003998,train
RICE_003999,train
RICE_004000,train
RICE_004001,train
RICE_004002,train
RICE_004003,train
RICE_004004,train
RICE_004005,train
RICE_004006,train
RICE_004007,train
RICE_004008,train
RICE_004009,train
RICE_004010,train
RICE_004011,train
RICE_004012,train
RICE_004013,train
RICE_004014,train
RICE_004015,train
RICE_004016,train
RICE_004017,train
RICE_004018,train
RICE_004019,train
RICE_004020,train
RICE_004021,train
RICE_004022,train
RICE_004023,train
RICE_004024,train
RICE_004025,train
RICE_004026,train
RICE_004027,train
RICE_004028,train
RICE_004029,train
RICE_004030,train
RICE_004031,train
RICE_004032,train
RICE_004033,train
RICE_004034,train
RICE_004035,train
RICE_004036,train
RICE_004037,train
RICE_004038,train
RICE_004039,train
RICE_004040,train
RICE_004041,train
RICE_004042,train
RICE_004043,train
RICE_004044,train
RICE_004045,train
RICE_004046,train
RICE_004047,train
RICE_004048,train
RICE_004049,train
RICE_004050,train
RICE_004051,train
RICE_004052,train
RICE_004053,train
RICE_004054,train
RICE_004055,train
RICE_004056,train
RICE_004057,train
RICE_004058,train
RICE_004059,train
RICE_004060,train
RICE_004061,train
RICE_004062,train
RICE_004063,train
RICE_004064,train
RICE_004065,train
RICE_004066,train
RICE_004067,train
RICE_004068,train
RICE_004069,train
RICE_004070,train
RICE_004071,train
RICE_004072,train
RICE_004073,train
RICE_004074,train
RICE_004075,train
RICE_004076,train
RICE_004077,train
RICE_004078,train
RICE_004079,train
RICE_004080,train
RICE_004081,train
RICE_004082,train
RICE_004083,train
RICE_004084,train
RICE_004085,train
RICE_004086,train
RICE_004087,train
RICE_004088,train
RICE_004089,train
RICE_004090,train
RICE_004091,train
RICE_004092,train
RICE_004093,train
RICE_004094,train
RICE_004095,train
RICE_004096,train
RICE_004097,train
RICE_004098,train
RICE_004099,train
RICE_004100,train
RICE_004101,train
RICE_004102,train
RICE_004103,train
RICE_004104,train
RICE_004105,train
RICE_004106,train
RICE_004107,train
RICE_004108,train
RICE_004109,train
RICE_004110,train
RICE_004111,train
RICE_004112,train
RICE_004113,train
RICE_004114,train
RICE_004115,train
RICE_004116,train
RICE_004117,train
RICE_004118,train
RICE_004119,train
RICE_004120,train
RICE_004121,train
RICE_004122,train
RICE_004123,train
RICE_004124,train
RICE_004125,train
RICE_004126,train
RICE_004127,train
RICE_004128,train
RICE_004129,train
RICE_004130,train
RICE_004131,train
RICE_004132,train
RICE_004133,train
RICE_004134,train
RICE_004135,train
RICE_004136,train
RICE_004137,train
RICE_004138,train
RICE_004139,train
RICE_004140,train
RICE_004141,train
RICE_004142,train
RICE_004143,train
RICE_004144,train
RICE_004145,train
RICE_004146,train
RICE_004147,train
RICE_004148,train
RICE_004149,train
RICE_004150,train
RICE_004151,train
RICE_004152,train
RICE_004153,train
RICE_004154,train
RICE_004155,train
RICE_004156,train
RICE_004157,train
RICE_004158,train
RICE_004159,train
RICE_004160,train
RICE_004161,train
RICE_004162,train
RICE_004163,train
RICE_004164,train
RICE_004165,train
RICE_004166,train
RICE_004167,train
RICE_004168,train
RICE_004169,train
RICE_004170,train
RICE_004171,train
RICE_004172,train
RICE_004173,train
RICE_004174,train
RICE_004175,train
RICE_004176,train
RICE_004177,train
RICE_004178,train
RICE_004179,train
RICE_004180,train
RICE_004181,train
RICE_004182,train
RICE_004183,train
RICE_004184,train
RICE_004185,train
RICE_004186,train
RICE_004187,train
RICE_004188,train
RICE_004189,train
RICE_004190,train
RICE_004191,train
RICE_004192,train
RICE_004193,train
RICE_004194,train
RICE_004195,train
RICE_004196,train
RICE_004197,train
RICE_004198,train
RICE_004199,train
RICE_004200,train
RICE_004201,train
RICE_004202,train
RICE_004203,train
RICE_004204,train
RICE_004205,train
RICE_004206,train
RICE_004207,train
RICE_004208,train
RICE_004209,train
RICE_004210,train
RICE_004211,train
RICE_004212,train
RICE_004213,train
RICE_004214,train
RICE_004215,train
RICE_004216,train
RICE_004217,train
RICE_004218,train
RICE_004219,train
RICE_004220,train
RICE_004221,train
RICE_004222,train
RICE_004223,train
RICE_004224,train
RICE_004225,train
RICE_004226,train
RICE_004227,train
RICE_004228,train
RICE_004229,train
RICE_004230,train
RICE_004231,train
RICE_004232,train
RICE_004233,train
RICE_004234,train
RICE_004235,train
RICE_004236,train
RICE_004237,train
RICE_004238,train
RICE_004239,train
RICE_004240,train
RICE_004241,train
RICE_004242,train
RICE_004243,train
RICE_004244,train
RICE_004245,train
RICE_004246,train
RICE_004247,train
RICE_004248,train
RICE_004249,train
RICE_004250,train
RICE_004251,train
RICE_004252,train
RICE_004253,train
RICE_004254,train
RICE_004255,train
RICE_004256,train
RICE_004257,train
RICE_004258,train
RICE_004259,train
RICE_004260,train
RICE_004261,train
RICE_004262,train
RICE_004263,train
RICE_004264,train
RICE_004265,train
RICE_004266,train
RICE_004267,train
RICE_004268,train
RICE_004269,train
RICE_004270,train
RICE_004271,train
RICE_004272,train
RICE_004273,train
RICE_004274,train
RICE_004275,train
RICE_004276,train
RICE_004277,train
RICE_004278,train
RICE_004279,train
RICE_004280,train
RICE_004281,train
RICE_004282,train
RICE_004283,train
RICE_004284,train
RICE_004285,train
RICE_004286,train
RICE_004287,train
RICE_004288,train
RICE_004289,train
RICE_004290,train
RICE_004291,train
RICE_004292,train
RICE_004293,train
RICE_004294,train
RICE_004295,train
RICE_004296,train
RICE_004297,train
RICE_004298,train
RICE_004299,train
RICE_004300,train
RICE_004301,train
RICE_004302,train
RICE_004303,train
RICE_004304,train
RICE_004305,train
RICE_004306,train
RICE_004307,train
RICE_004308,train
RICE_004309,train
RICE_004310,train
RICE_004311,train
RICE_004312,train
RICE_004313,train
RICE_004314,train
RICE_004315,train
RICE_004316,train
RICE_004317,train
RICE_004318,train
RICE_004319,train
RICE_004320,train
RICE_004321,train
RICE_004322,train
RICE_004323,train
RICE_004324,train
RICE_004325,train
RICE_004326,train
RICE_004327,train
RICE_004328,train
RICE_004329,train
RICE_004330,train
RICE_004331,train
RICE_004332,train
RICE_004333,train
RICE_004334,train
RICE_004335,train
RICE_004336,train
RICE_004337,train
RICE_004338,train
RICE_004339,train
RICE_004340,train
RICE_004341,train
RICE_004342,train
RICE_004343,train
RICE_004344,train
RICE_004345,train
RICE_004346,train
RICE_004347,train
RICE_004348,train
RICE_004349,train
RICE_004350,train
RICE_004351,train
RICE_004352,train
RICE_004353,train
RICE_004354,train
RICE_004355,train
RICE_004356,train
RICE_004357,train
RICE_004358,train
RICE_004359,train
RICE_004360,train
RICE_004361,train
RICE_004362,train
RICE_004363,train
RICE_004364,train
RICE_004365,train
RICE_004366,train
RICE_004367,train
RICE_004368,train
RICE_004369,train
RICE_004370,train
RICE_004371,train
RICE_004372,train
RICE_004373,train
RICE_004374,train
RICE_004375,train
RICE_004376,train
RICE_004377,train
RICE_004378,train
RICE_004379,train
RICE_004380,train
RICE_004381,train
RICE_004382,train
RICE_004383,train
RICE_004384,train
RICE_004385,train
RICE_004386,train
RICE_004387,train
RICE_004388,train
RICE_004389,train
RICE_004390,train
RICE_004391,train
RICE_004392,train
RICE_004393,train
RICE_004394,train
RICE_004395,train
RICE_004396,train
RICE_004397,train
RICE_004398,train
RICE_004399,train
RICE_004400,train
RICE_004401,train
RICE_004402,train
RICE_004403,train
RICE_004404,train
RICE_004405,train
RICE_004406,train
RICE_004407,train
RICE_004408,train
RICE_004409,train
RICE_004410,train
RICE_004411,train
RICE_004412,train
RICE_004413,train
RICE_004414,train
RICE_004415,train
RICE_004416,train
RICE_004417,train
RICE_004418,train
RICE_004419,train
RICE_004420,train
RICE_004421,train
RICE_004422,train
RICE_004423,train
RICE_004424,train
RICE_004425,train
RICE_004426,train
RICE_004427,train
RICE_004428,train
RICE_004429,train
RICE_004430,train
RICE_004431,train
RICE_004432,train
RICE_004433,train
RICE_004434,train
RICE_004435,train
RICE_004436,train
RICE_004437,train
RICE_004438,train
RICE_004439,train
RICE_004440,train
RICE_004441,train
RICE_004442,train
RICE_004443,train
RICE_004444,train
RICE_004445,train
RICE_004446,train
RICE_004447,train
RICE_004448,train
RICE_004449,train
RICE_004450,train
RICE_004451,train
RICE_004452,train
RICE_004453,train
RICE_004454,train
RICE_004455,train
RICE_004456,train
RICE_004457,train
RICE_004458,train
RICE_004459,train
RICE_004460,train
RICE_004461,train
RICE_004462,train
RICE_004463,train
RICE_004464,train
RICE_004465,train
RICE_004466,train
RICE_004467,train
RICE_004468,train
RICE_004469,train
RICE_004470,train
RICE_004471,train
RICE_004472,train
RICE_004473,train
RICE_004474,train
RICE_004475,train
RICE_004476,train
RICE_004477,train
RICE_004478,train
RICE_004479,train
RICE_004480,train
RICE_004481,train
RICE_004482,train
RICE_004483,train
RICE_004484,train
RICE_004485,train
RICE_004486,train
RICE_004487,train
RICE_004488,train
RICE_004489,train
RICE_004490,train
RICE_004491,train
RICE_004492,train
RICE_004493,train
RICE_004494,train
RICE_004495,train
RICE_004496,train
RICE_004497,train
RICE_004498,train
RICE_004499,train
RICE_004500,train
RICE_004501,train
RICE_004502,train
RICE_004503,train
RICE_004504,train
RICE_004505,train
RICE_004506,train
RICE_004507,train
RICE_004508,train
RICE_004509,train
RICE_004510,train
RICE_004511,train
RICE_004512,train
RICE_004513,train
RICE_004514,train
RICE_004515,train
RICE_004516,train
RICE_004517,train
RICE_004518,train
RICE_004519,train
RICE_004520,train
RICE_004521,train
RICE_004522,train
RICE_004523,train
RICE_004524,train
RICE_004525,train
RICE_004526,train
RICE_004527,train
RICE_004528,train
RICE_004529,train
RICE_004530,train
RICE_004531,train
RICE_004532,train
RICE_004533,train
RICE_004534,train
RICE_004535,train
RICE_004536,train
RICE_004537,train
RICE_004538,train
RICE_004539,train
RICE_004540,train
RICE_004541,train
RICE_004542,train
RICE_004543,train
RICE_004544,train
RICE_004545,train
RICE_004546,train
RICE_004547,train
RICE_004548,train
RICE_004549,train
RICE_004550,train
RICE_004551,train
RICE_004552,train
RICE_004553,train
RICE_004554,train
RICE_004555,train
RICE_004556,train
RICE_004557,train
RICE_004558,train
RICE_004559,train
RICE_004560,train
RICE_004561,train
RICE_004562,train
RICE_004563,train
RICE_004564,train
RICE_004565,train
RICE_004566,train
RICE_004567,train
RICE_004568,train
RICE_004569,train
RICE_004570,train
RICE_004571,train
RICE_004572,train
RICE_004573,train
RICE_004574,train
RICE_004575,train
RICE_004576,train
RICE_004577,train
RICE_004578,train
RICE_004579,train
RICE_004580,train
RICE_004581,train
RICE_004582,train
RICE_004583,train
RICE_004584,train
RICE_004585,train
RICE_004586,train
RICE_004587,train
RICE_004588,train
RICE_004589,train
RICE_004590,train
RICE_004591,train
RICE_004592,train
RICE_004593,train
RICE_004594,train
RICE_004595,train
RICE_004596,train
RICE_004597,train
RICE_004598,train
RICE_004599,train
RICE_004600,train
RICE_004601,train
RICE_004602,train
RICE_004603,train
RICE_004604,train
RICE_004605,train
RICE_004606,train
RICE_004607,train
RICE_004608,train
RICE_004609,train
RICE_004610,train
RICE_004611,train
RICE_004612,train
RICE_004613,train
RICE_004614,train
RICE_004615,train
RICE_004616,train
RICE_004617,train
RICE_004618,train
RICE_004619,train
RICE_004620,train
RICE_004621,train
RICE_004622,train
RICE_004623,train
RICE_004624,train
RICE_004625,train
RICE_004626,train
RICE_004627,train
RICE_004628,train
RICE_004629,train
RICE_004630,train
RICE_004631,train
RICE_004632,train
RICE_004633,train
RICE_004634,train
RICE_004635,train
RICE_004636,train
RICE_004637,train
RICE_004638,train
RICE_004639,train
RICE_004640,train
RICE_004641,train
RICE_004642,train
RICE_004643,train
RICE_004644,train
RICE_004645,train
RICE_004646,train
RICE_004647,train
RICE_004648,train
RICE_004649,train
RICE_004650,train
RICE_004651,train
RICE_004652,train
RICE_004653,train
RICE_004654,train
RICE_004655,train
RICE_004656,train
RICE_004657,train
RICE_004658,train
RICE_004659,train
RICE_004660,train
RICE_004661,train
RICE_004662,train
RICE_004663,train
RICE_004664,train
RICE_004665,train
RICE_004666,train
RICE_004667,train
RICE_004668,train
RICE_004669,train
RICE_004670,train
RICE_004671,train
RICE_004672,train
RICE_004673,train
RICE_004674,train
RICE_004675,train
RICE_004676,train
RICE_004677,train
RICE_004678,train
RICE_004679,train
RICE_004680,train
RICE_004681,train
RICE_004682,train
RICE_004683,train
RICE_004684,train
RICE_004685,train
RICE_004686,train
RICE_004687,train
RICE_004688,train
RICE_004689,train
RICE_004690,train
RICE_004691,train
RICE_004692,train
RICE_004693,train
RICE_004694,train
RICE_004695,train
RICE_004696,train
RICE_004697,train
RICE_004698,train
RICE_004699,train
RICE_004700,train
RICE_004701,train
RICE_004702,train
RICE_004703,train
RICE_004704,train
RICE_004705,train
RICE_004706,train
RICE_004707,train
RICE_004708,train
RICE_004709,train
RICE_004710,train
RICE_004711,train
RICE_004712,train
RICE_004713,train
RICE_004714,train
RICE_004715,train
RICE_004716,train
RICE_004717,train
RICE_004718,train
RICE_004719,train
RICE_004720,train
RICE_004721,train
RICE_004722,train
RICE_004723,train
RICE_004724,train
RICE_004725,train
RICE_004726,train
RICE_004727,train
RICE_004728,train
RICE_004729,train
RICE_004730,train
RICE_004731,train
RICE_004732,train
RICE_004733,train
RICE_004734,train
RICE_004735,train
RICE_004736,train
RICE_004737,train
RICE_004738,train
RICE_004739,train
RICE_004740,train
RICE_004741,train
RICE_004742,train
RICE_004743,train
RICE_004744,train
RICE_004745,train
RICE_004746,train
RICE_004747,train
RICE_004748,train
RICE_004749,train
RICE_004750,train
RICE_004751,train
RICE_004752,train
RICE_004753,train
RICE_004754,train
RICE_004755,train
RICE_004756,train
RICE_004757,train
RICE_004758,train
RICE_004759,train
RICE_004760,train
RICE_004761,train
RICE_004762,train
RICE_004763,train
RICE_004764,train
RICE_004765,train
RICE_004766,train
RICE_004767,train
RICE_004768,train
RICE_004769,train
RICE_004770,train
RICE_004771,train
RICE_004772,train
RICE_004773,train
RICE_004774,train
RICE_004775,train
RICE_004776,train
RICE_004777,train
RICE_004778,train
RICE_004779,train
RICE_004780,train
RICE_004781,train
RICE_004782,train
RICE_004783,train
RICE_004784,train
RICE_004785,train
RICE_004786,train
RICE_004787,train
RICE_004788,train
RICE_004789,train
RICE_004790,train
RICE_004791,train
RICE_004792,train
RICE_004793,train
RICE_004794,train
RICE_004795,train
RICE_004796,train
RICE_004797,train
RICE_004798,train
RICE_004799,train
RICE_004800,train
RICE_004801,train
RICE_004802,train
RICE_004803,train
RICE_004804,train
RICE_004805,train
RICE_004806,train
RICE_004807,train
RICE_004808,train
RICE_004809,train
RICE_004810,train
RICE_004811,train
RICE_004812,train
RICE_004813,train
RICE_004814,train
RICE_004815,train
RICE_004816,train
RICE_004817,train
RICE_004818,train
RICE_004819,train
RICE_004820,train
RICE_004821,train
RICE_004822,train
RICE_004823,train
RICE_004824,train
RICE_004825,train
RICE_004826,train
RICE_004827,train
RICE_004828,train
RICE_004829,train
RICE_004830,train
RICE_004831,train
RICE_004832,train
RICE_004833,train
RICE_004834,train
RICE_004835,train
RICE_004836,train
RICE_004837,train
RICE_004838,train
RICE_004839,train
RICE_004840,train
RICE_004841,train
RICE_004842,train
RICE_004843,train
RICE_004844,train
RICE_004845,train
RICE_004846,train
RICE_004847,train
RICE_004848,train
RICE_004849,train
RICE_004850,train
RICE_004851,train
RICE_004852,train
RICE_004853,train
RICE_004854,train
RICE_004855,train
RICE_004856,train
RICE_004857,train
RICE_004858,train
RICE_004859,train
RICE_004860,train
RICE_004861,train
RICE_004862,train
RICE_004863,train
RICE_004864,train
RICE_004865,train
RICE_004866,train
RICE_004867,train
RICE_004868,train
RICE_004869,train
RICE_004870,train
RICE_004871,train
RICE_004872,train
RICE_004873,train
RICE_004874,train
RICE_004875,train
RICE_004876,train
RICE_004877,train
RICE_004878,train
RICE_004879,train
RICE_004880,train
RICE_004881,train
RICE_004882,train
RICE_004883,train
RICE_004884,train
RICE_004885,train
RICE_004886,train
RICE_004887,train
RICE_004888,train
RICE_004889,train
RICE_004890,train
RICE_004891,train
RICE_004892,train
RICE_004893,train
RICE_004894,train
RICE_004895,train
RICE_004896,train
RICE_004897,train
RICE_004898,train
RICE_004899,train
RICE_004900,train
RICE_004901,train
RICE_004902,train
RICE_004903,train
RICE_004904,train
RICE_004905,train
RICE_004906,train
RICE_004907,train
RICE_004908,train
RICE_004909,train
RICE_004910,train
RICE_004911,train
RICE_004912,train
RICE_004913,train
RICE_004914,train
RICE_004915,train
RICE_004916,train
RICE_004917,train
RICE_004918,train
RICE_004919,train
RICE_004920,train
RICE_004921,train
RICE_004922,train
RICE_004923,train
RICE_004924,train
RICE_004925,train
RICE_004926,train
RICE_004927,train
RICE_004928,train
RICE_004929,train
RICE_004930,train
RICE_004931,train
RICE_004932,train
RICE_004933,train
RICE_004934,train
RICE_004935,train
RICE_004936,train
RICE_004937,train
RICE_004938,train
RICE_004939,train
RICE_004940,train
RICE_004941,train
RICE_004942,train
RICE_004943,train
RICE_004944,train
RICE_004945,train
RICE_004946,train
RICE_004947,train
RICE_004948,train
RICE_004949,train
RICE_004950,train
RICE_004951,train
RICE_004952,train
RICE_004953,train
RICE_004954,train
RICE_004955,train
RICE_004956,train
RICE_004957,train
RICE_004958,train
RICE_004959,train
RICE_004960,train
RICE_004961,train
RICE_004962,train
RICE_004963,train
RICE_004964,train
RICE_004965,train
RICE_004966,train
RICE_004967,train
RICE_004968,train
RICE_004969,train
RICE_004970,train
RICE_004971,train
RICE_004972,train
RICE_004973,train
RICE_004974,train
RICE_004975,train
RICE_004976,train
RICE_004977,train
RICE_004978,train
RICE_004979,train
RICE_004980,train
RICE_004981,train
RICE_004982,train
RICE_004983,train
RICE_004984,train
RICE_004985,train
RICE_004986,train
RICE_004987,train
RICE_004988,train
RICE_004989,train
RICE_004990,train
RICE_004991,train
RICE_004992,train
RICE_004993,train
RICE_004994,train
RICE_004995,train
RICE_004996,train
RICE_004997,train
RICE_004998,train
RICE_004999,train
RICE_005000,train
RICE_005001,train
RICE_005002,train
RICE_005003,train
RICE_005004,train
RICE_005005,train
RICE_005006,train
RICE_005007,train
RICE_005008,train
RICE_005009,train
RICE_005010,train
RICE_005011,train
RICE_005012,train
RICE_005013,train
RICE_005014,train
RICE_005015,train
RICE_005016,train
RICE_005017,train
RICE_005018,train
RICE_005019,train
RICE_005020,train
RICE_005021,train
RICE_005022,train
RICE_005023,train
RICE_005024,train
RICE_005025,train
RICE_005026,train
RICE_005027,train
RICE_005028,train
RICE_005029,train
RICE_005030,train
RICE_005031,train
RICE_005032,train
RICE_005033,train
RICE_005034,train
RICE_005035,train
RICE_005036,train
RICE_005037,train
RICE_005038,train
RICE_005039,train
RICE_005040,train
RICE_005041,train
RICE_005042,train
RICE_005043,train
RICE_005044,train
RICE_005045,train
RICE_005046,train
RICE_005047,train
RICE_005048,train
RICE_005049,train
RICE_005050,train
RICE_005051,train
RICE_005052,train
RICE_005053,train
RICE_005054,train
RICE_005055,train
RICE_005056,train
RICE_005057,train
RICE_005058,train
RICE_005059,train
RICE_005060,train
RICE_005061,train
RICE_005062,train
RICE_005063,train
RICE_005064,train
RICE_005065,train
RICE_005066,train
RICE_005067,train
RICE_005068,train
RICE_005069,train
RICE_005070,train
RICE_005071,train
RICE_005072,train
RICE_005073,train
RICE_005074,train
RICE_005075,train
RICE_005076,train
RICE_005077,train
RICE_005078,train
RICE_005079,train
RICE_005080,train
RICE_005081,train
RICE_005082,train
RICE_005083,train
RICE_005084,train
RICE_005085,train
RICE_005086,train
RICE_005087,train
RICE_005088,train
RICE_005089,train
RICE_005090,train
RICE_005091,train
RICE_005092,train
RICE_005093,train
RICE_005094,train
RICE_005095,train
RICE_005096,train
RICE_005097,train
RICE_005098,train
RICE_005099,train
RICE_005100,train
RICE_005101,train
RICE_005102,train
RICE_005103,train
RICE_005104,train
RICE_005105,train
RICE_005106,train
RICE_005107,train
RICE_005108,train
RICE_005109,train
RICE_005110,train
RICE_005111,train
RICE_005112,train
RICE_005113,train
RICE_005114,train
RICE_005115,train
RICE_005116,train
RICE_005117,train
RICE_005118,train
RICE_005119,train
RICE_005120,train
RICE_005121,train
RICE_005122,train
RICE_005123,train
RICE_005124,train
RICE_005125,train
RICE_005126,train
RICE_005127,train
RICE_005128,train
RICE_005129,train
RICE_005130,train
RICE_005131,train
RICE_005132,train
RICE_005133,train
RICE_005134,train
RICE_005135,train
RICE_005136,train
RICE_005137,train
RICE_005138,train
RICE_005139,train
RICE_005140,train
RICE_005141,train
RICE_005142,train
RICE_005143,train
RICE_005144,train
RICE_005145,train
RICE_005146,train
RICE_005147,train
RICE_005148,train
RICE_005149,train
RICE_005150,train
RICE_005151,train
RICE_005152,train
RICE_005153,train
RICE_005154,train
RICE_005155,train
RICE_005156,train
RICE_005157,train
RICE_005158,train
RICE_005159,train
RICE_005160,train
RICE_005161,train
RICE_005162,train
RICE_005163,train
RICE_005164,train
RICE_005165,train
RICE_005166,train
RICE_005167,train
RICE_005168,train
RICE_005169,train
RICE_005170,train
RICE_005171,train
RICE_005172,train
RICE_005173,train
RICE_005174,train
RICE_005175,train
RICE_005176,train
RICE_005177,train
RICE_005178,train
RICE_005179,train
RICE_005180,train
RICE_005181,train
RICE_005182,train
RICE_005183,train
RICE_005184,train
RICE_005185,train
RICE_005186,train
RICE_005187,train
RICE_005188,train
RICE_005189,train
RICE_005190,train
RICE_005191,train
RICE_005192,train
RICE_005193,train
RICE_005194,train
RICE_005195,train
RICE_005196,train
RICE_005197,train
RICE_005198,train
RICE_005199,train
RICE_005200,train
RICE_005201,train
RICE_005202,train
RICE_005203,train
RICE_005204,train
RICE_005205,train
RICE_005206,train
RICE_005207,train
RICE_005208,train
RICE_005209,train
RICE_005210,train
RICE_005211,train
RICE_005212,train
RICE_005213,train
RICE_005214,train
RICE_005215,train
RICE_005216,train
RICE_005217,train
RICE_005218,train
RICE_005219,train
RICE_005220,train
RICE_005221,train
RICE_005222,train
RICE_005223,train
RICE_005224,train
RICE_005225,train
RICE_005226,train
RICE_005227,train
RICE_005228,train
RICE_005229,train
RICE_005230,train
RICE_005231,train
RICE_005232,train
RICE_005233,train
RICE_005234,train
RICE_005235,train
RICE_005236,train
RICE_005237,train
RICE_005238,train
RICE_005239,train
RICE_005240,train
RICE_005241,train
RICE_005242,train
RICE_005243,train
RICE_005244,train
RICE_005245,train
RICE_005246,train
RICE_005247,train
RICE_005248,train
RICE_005249,train
RICE_005250,train
RICE_005251,train
RICE_005252,train
RICE_005253,train
RICE_005254,train
RICE_005255,train
RICE_005256,train
RICE_005257,train
RICE_005258,train
RICE_005259,train
RICE_005260,train
RICE_005261,train
RICE_005262,train
RICE_005263,train
RICE_005264,train
RICE_005265,train
RICE_005266,train
RICE_005267,train
RICE_005268,train
RICE_005269,train
RICE_005270,train
RICE_005271,train
RICE_005272,train
RICE_005273,train
RICE_005274,train
RICE_005275,train
RICE_005276,train
RICE_005277,train
RICE_005278,train
RICE_005279,train
RICE_005280,train
RICE_005281,train
RICE_005282,train
RICE_005283,train
RICE_005284,train
RICE_005285,train
RICE_005286,train
RICE_005287,train
RICE_005288,train
RICE_005289,train
RICE_005290,train
RICE_005291,train
RICE_005292,train
RICE_005293,train
RICE_005294,train
RICE_005295,train
RICE_005296,train
RICE_005297,train
RICE_005298,train
RICE_005299,train
RICE_005300,train
RICE_005301,train
RICE_005302,train
RICE_005303,train
RICE_005304,train
RICE_005305,train
RICE_005306,train
RICE_005307,train
RICE_005308,train
RICE_005309,train
RICE_005310,train
RICE_005311,train
RICE_005312,train
RICE_005313,train
RICE_005314,train
RICE_005315,train
RICE_005316,train
RICE_005317,train
RICE_005318,train
RICE_005319,train
RICE_005320,train
RICE_005321,train
RICE_005322,train
RICE_005323,train
RICE_005324,train
RICE_005325,train
RICE_005326,train
RICE_005327,train
RICE_005328,train
RICE_005329,train
RICE_005330,train
RICE_005331,train
RICE_005332,train
RICE_005333,train
RICE_005334,train
RICE_005335,train
RICE_005336,train
RICE_005337,train
RICE_005338,train
RICE_005339,train
RICE_005340,train
RICE_005341,train
RICE_005342,train
RICE_005343,train
RICE_005344,train
RICE_005345,train
RICE_005346,train
RICE_005347,train
RICE_005348,train
RICE_005349,train
RICE_005350,train
RICE_005351,train
RICE_005352,train
RICE_005353,train
RICE_005354,train
RICE_005355,train
RICE_005356,train
RICE_005357,train
RICE_005358,train
RICE_005359,train
RICE_005360,train
RICE_005361,train
RICE_005362,train
RICE_005363,train
RICE_005364,train
RICE_005365,train
RICE_005366,train
RICE_005367,train
RICE_005368,train
RICE_005369,train
RICE_005370,train
RICE_005371,train
RICE_005372,train
RICE_005373,train
RICE_005374,train
RICE_005375,train
RICE_005376,train
RICE_005377,train
RICE_005378,train
RICE_005379,train
RICE_005380,train
RICE_005381,train
RICE_005382,train
RICE_005383,train
RICE_005384,train
RICE_005385,train
RICE_005386,train
RICE_005387,train
RICE_005388,train
RICE_005389,train
RICE_005390,train
RICE_005391,train
RICE_005392,train
RICE_005393,train
RICE_005394,train
RICE_005395,train
RICE_005396,train
RICE_005397,train
RICE_005398,train
RICE_005399,train
RICE_005400,train
RICE_005401,train
RICE_005402,train
RICE_005403,train
RICE_005404,train
RICE_005405,train
RICE_005406,train
RICE_005407,train
RICE_005408,train
RICE_005409,train
RICE_005410,train
RICE_005411,train
RICE_005412,train
RICE_005413,train
RICE_005414,train
RICE_005415,train
RICE_005416,train
RICE_005417,train
RICE_005418,train
RICE_005419,train
RICE_005420,train
RICE_005421,train
RICE_005422,train
RICE_005423,train
RICE_005424,train
RICE_005425,train
RICE_005426,train
RICE_005427,train
RICE_005428,train
RICE_005429,train
RICE_005430,train
RICE_005431,train
RICE_005432,train
RICE_005433,train
RICE_005434,train
RICE_005435,train
RICE_005436,train
RICE_005437,train
RICE_005438,train
RICE_005439,train
RICE_005440,train
RICE_005441,train
RICE_005442,train
RICE_005443,train
RICE_005444,train
RICE_005445,train
RICE_005446,train
RICE_005447,train
RICE_005448,train
RICE_005449,train
RICE_005450,train
RICE_005451,train
RICE_005452,train
RICE_005453,train
RICE_005454,train
RICE_005455,train
RICE_005456,train
RICE_005457,train
RICE_005458,train
RICE_005459,train
RICE_005460,train
RICE_005461,train
RICE_005462,train
RICE_005463,train
RICE_005464,train
RICE_005465,train
RICE_005466,train
RICE_005467,train
RICE_005468,train
RICE_005469,train
RICE_005470,train
RICE_005471,train
RICE_005472,train
RICE_005473,train
RICE_005474,train
RICE_005475,train
RICE_005476,train
RICE_005477,train
RICE_005478,train
RICE_005479,train
RICE_005480,train
RICE_005481,train
RICE_005482,train
RICE_005483,train
RICE_005484,train
RICE_005485,train
RICE_005486,train
RICE_005487,train
RICE_005488,train
RICE_005489,train
RICE_005490,train
RICE_005491,train
RICE_005492,train
RICE_005493,train
RICE_005494,train
RICE_005495,train
RICE_005496,train
RICE_005497,train
RICE_005498,train
RICE_005499,train
RICE_005500,train
RICE_005501,train
RICE_005502,train
RICE_005503,train
RICE_005504,train
RICE_005505,train
RICE_005506,train
RICE_005507,train
RICE_005508,train
RICE_005509,train
RICE_005510,train
RICE_005511,train
RICE_005512,train
RICE_005513,train
RICE_005514,train
RICE_005515,train
RICE_005516,train
RICE_005517,train
RICE_005518,train
RICE_005519,train
RICE_005520,train
RICE_005521,train
RICE_005522,train
RICE_005523,train
RICE_005524,train
RICE_005525,train
RICE_005526,train
RICE_005527,train
RICE_005528,train
RICE_005529,train
RICE_005530,train
RICE_005531,train
RICE_005532,train
RICE_005533,train
RICE_005534,train
RICE_005535,train
RICE_005536,train
RICE_005537,train
RICE_005538,train
RICE_005539,train
RICE_005540,train
RICE_005541,train
RICE_005542,train
RICE_005543,train
RICE_005544,train
RICE_005545,train
RICE_005546,train
RICE_005547,train
RICE_005548,train
RICE_005549,train
RICE_005550,train
RICE_005551,train
RICE_005552,train
RICE_005553,train
RICE_005554,train
RICE_005555,train
RICE_005556,train
RICE_005557,train
RICE_005558,train
RICE_005559,train
RICE_005560,train
RICE_005561,train
RICE_005562,train
RICE_005563,train
RICE_005564,train
RICE_005565,train
RICE_005566,train
RICE_005567,train
RICE_005568,train
RICE_005569,train
RICE_005570,train
RICE_005571,train
RICE_005572,train
RICE_005573,train
RICE_005574,train
RICE_005575,train
RICE_005576,train
RICE_005577,train
RICE_005578,train
RICE_005579,train
RICE_005580,train
RICE_005581,train
RICE_005582,train
RICE_005583,train
RICE_005584,train
RICE_005585,train
RICE_005586,train
RICE_005587,train
RICE_005588,train
RICE_005589,train
RICE_005590,train
RICE_005591,train
RICE_005592,train
RICE_005593,train
RICE_005594,train
RICE_005595,train
RICE_005596,train
RICE_005597,train
RICE_005598,train
RICE_005599,train
RICE_005600,train
RICE_005601,train
RICE_005602,train
RICE_005603,train
RICE_005604,train
RICE_005605,train
RICE_005606,train
RICE_005607,train
RICE_005608,train
RICE_005609,train
RICE_005610,train
RICE_005611,train
RICE_005612,train
RICE_005613,train
RICE_005614,train
RICE_005615,train
RICE_005616,train
RICE_005617,train
RICE_005618,train
RICE_005619,train
RICE_005620,train
RICE_005621,train
RICE_005622,train
RICE_005623,train
RICE_005624,train
RICE_005625,train
RICE_005626,train
RICE_005627,train
RICE_005628,train
RICE_005629,train
RICE_005630,train
RICE_005631,train
RICE_005632,train
RICE_005633,train
RICE_005634,train
RICE_005635,train
RICE_005636,train
RICE_005637,train
RICE_005638,train
RICE_005639,train
RICE_005640,train
RICE_005641,train
RICE_005642,train
RICE_005643,train
RICE_005644,train
RICE_005645,train
RICE_005646,train
RICE_005647,train
RICE_005648,train
RICE_005649,train
RICE_005650,train
RICE_005651,train
RICE_005652,train
RICE_005653,train
RICE_005654,train
RICE_005655,train
RICE_005656,train
RICE_005657,train
RICE_005658,train
RICE_005659,train
RICE_005660,train
RICE_005661,train
RICE_005662,train
RICE_005663,train
RICE_005664,train
RICE_005665,train
RICE_005666,train
RICE_005667,train
RICE_005668,train
RICE_005669,train
RICE_005670,train
RICE_005671,train
RICE_005672,train
RICE_005673,train
RICE_005674,train
RICE_005675,train
RICE_005676,train
RICE_005677,train
RICE_005678,train
RICE_005679,train
RICE_005680,train
RICE_005681,train
RICE_005682,train
RICE_005683,train
RICE_005684,train
RICE_005685,train
RICE_005686,train
RICE_005687,train
RICE_005688,train
RICE_005689,train
RICE_005690,train
RICE_005691,train
RICE_005692,train
RICE_005693,train
RICE_005694,train
RICE_005695,train
RICE_005696,train
RICE_005697,train
RICE_005698,train
RICE_005699,train
RICE_005700,train
RICE_005701,train
RICE_005702,train
RICE_005703,train
RICE_005704,train
RICE_005705,train
RICE_005706,train
RICE_005707,train
RICE_005708,train
RICE_005709,train
RICE_005710,train
RICE_005711,train
RICE_005712,train
RICE_005713,train
RICE_005714,train
RICE_005715,train
RICE_005716,train
RICE_005717,train
RICE_005718,train
RICE_005719,train
RICE_005720,train
RICE_005721,train
RICE_005722,train
RICE_005723,train
RICE_005724,train
RICE_005725,train
RICE_005726,train
RICE_005727,train
RICE_005728,train
RICE_005729,train
RICE_005730,train
RICE_005731,train
RICE_005732,train
RICE_005733,train
RICE_005734,train
RICE_005735,train
RICE_005736,train
RICE_005737,train
RICE_005738,train
RICE_005739,train
RICE_005740,train
RICE_005741,train
RICE_005742,train
RICE_005743,train
RICE_005744,train
RICE_005745,train
RICE_005746,train
RICE_005747,train
RICE_005748,train
RICE_005749,train
RICE_005750,train
RICE_005751,train
RICE_005752,train
RICE_005753,train
RICE_005754,train
RICE_005755,train
RICE_005756,train
RICE_005757,train
RICE_005758,train
RICE_005759,train
RICE_005760,train
RICE_005761,train
RICE_005762,train
RICE_005763,train
RICE_005764,train
RICE_005765,train
RICE_005766,train
RICE_005767,train
RICE_005768,train
RICE_005769,train
RICE_005770,train
RICE_005771,train
RICE_005772,train
RICE_005773,train
RICE_005774,train
RICE_005775,train
RICE_005776,train
RICE_005777,train
RICE_005778,train
RICE_005779,train
RICE_005780,train
RICE_005781,train
RICE_005782,train
RICE_005783,train
RICE_005784,train
RICE_005785,train
RICE_005786,train
RICE_005787,train
RICE_005788,train
RICE_005789,train
RICE_005790,train
RICE_005791,train
RICE_005792,train
RICE_005793,train
RICE_005794,train
RICE_005795,train
RICE_005796,train
RICE_005797,train
RICE_005798,train
RICE_005799,train
RICE_005800,train
RICE_005801,train
RICE_005802,train
RICE_005803,train
RICE_005804,train
RICE_005805,train
RICE_005806,train
RICE_005807,train
RICE_005808,train
RICE_005809,train
RICE_005810,train
RICE_005811,train
RICE_005812,train
RICE_005813,train
RICE_005814,train
RICE_005815,train
RICE_005816,train
RICE_005817,train
RICE_005818,train
RICE_005819,train
RICE_005820,train
RICE_005821,train
RICE_005822,train
RICE_005823,train
RICE_005824,train
RICE_005825,train
RICE_005826,train
RICE_005827,train
RICE_005828,train
RICE_005829,train
RICE_005830,train
RICE_005831,train
RICE_005832,train
RICE_005833,train
RICE_005834,train
RICE_005835,train
RICE_005836,train
RICE_005837,train
RICE_005838,train
RICE_005839,train
RICE_005840,train
RICE_005841,train
RICE_005842,train
RICE_005843,train
RICE_005844,train
RICE_005845,train
RICE_005846,train
RICE_005847,train
RICE_005848,train
RICE_005849,train
RICE_005850,train
RICE_005851,train
RICE_005852,train
RICE_005853,train
RICE_005854,train
RICE_005855,train
RICE_005856,train
RICE_005857,train
RICE_005858,train
RICE_005859,train
RICE_005860,train
RICE_005861,train
RICE_005862,train
RICE_005863,train
RICE_005864,train
RICE_005865,train
RICE_005866,train
RICE_005867,train
RICE_005868,train
RICE_005869,train
RICE_005870,train
RICE_005871,train
RICE_005872,train
RICE_005873,train
RICE_005874,train
RICE_005875,train
RICE_005876,train
RICE_005877,train
RICE_005878,train
RICE_005879,train
RICE_005880,train
RICE_005881,train
RICE_005882,train
RICE_005883,train
RICE_005884,train
RICE_005885,train
RICE_005886,train
RICE_005887,train
RICE_005888,train
RICE_005889,train
RICE_005890,train
RICE_005891,train
RICE_005892,train
RICE_005893,train
RICE_005894,train
RICE_005895,train
RICE_005896,train
RICE_005897,train
RICE_005898,train
RICE_005899,train
RICE_005900,train
RICE_005901,train
RICE_005902,train
RICE_005903,train
RICE_005904,train
RICE_005905,train
RICE_005906,train
RICE_005907,train
RICE_005908,train
RICE_005909,train
RICE_005910,train
RICE_005911,train
RICE_005912,train
RICE_005913,train
RICE_005914,train
RICE_005915,train
RICE_005916,train
RICE_005917,train
RICE_005918,train
RICE_005919,train
RICE_005920,train
RICE_005921,train
RICE_005922,train
RICE_005923,train
RICE_005924,train
RICE_005925,train
RICE_005926,train
RICE_005927,train
RICE_005928,train
RICE_005929,train
RICE_005930,train
RICE_005931,train
RICE_005932,train
RICE_005933,train
RICE_005934,train
RICE_005935,train
RICE_005936,train
RICE_005937,train
RICE_005938,train
RICE_005939,train
RICE_005940,train
RICE_005941,train
RICE_005942,train
RICE_005943,train
RICE_005944,train
RICE_005945,train
RICE_005946,train
RICE_005947,train
RICE_005948,train
RICE_005949,train
RICE_005950,train
RICE_005951,train
RICE_005952,train
RICE_005953,train
RICE_005954,train
RICE_005955,train
RICE_005956,train
RICE_005957,train
RICE_005958,train
RICE_005959,train
RICE_005960,train
RICE_005961,train
RICE_005962,train
RICE_005963,train
RICE_005964,train
RICE_005965,train
RICE_005966,train
RICE_005967,train
RICE_005968,train
RICE_005969,train
RICE_005970,train
RICE_005971,train
RICE_005972,train
RICE_005973,train
RICE_005974,train
RICE_005975,train
RICE_005976,train
RICE_005977,train
RICE_005978,train
RICE_005979,train
RICE_005980,train
RICE_005981,train
RICE_005982,train
RICE_005983,train
RICE_005984,train
RICE_005985,train
RICE_005986,train
RICE_005987,train
RICE_005988,train
RICE_005989,train
RICE_005990,train
RICE_005991,train
RICE_005992,train
RICE_005993,train
RICE_005994,train
RICE_005995,train
RICE_005996,train
RICE_005997,train
RICE_005998,train
RICE_005999,train
RICE_006000,train
RICE_006001,train
RICE_006002,train
RICE_006003,train
RICE_006004,train
RICE_006005,train
RICE_006006,train
RICE_006007,train
RICE_006008,train
RICE_006009,train
RICE_006010,train
RICE_006011,train
RICE_006012,train
RICE_006013,train
RICE_006014,train
RICE_006015,train
RICE_006016,train
RICE_006017,train
RICE_006018,train
RICE_006019,train
RICE_006020,train
RICE_006021,train
RICE_006022,train
RICE_006023,train
RICE_006024,train
RICE_006025,train
RICE_006026,train
RICE_006027,train
RICE_006028,train
RICE_006029,train
RICE_006030,train
RICE_006031,train
RICE_006032,train
RICE_006033,train
RICE_006034,train
RICE_006035,train
RICE_006036,train
RICE_006037,train
RICE_006038,train
RICE_006039,train
RICE_006040,train
RICE_006041,train
RICE_006042,train
RICE_006043,train
RICE_006044,train
RICE_006045,train
RICE_006046,train
RICE_006047,train
RICE_006048,train
RICE_006049,train
RICE_006050,train
RICE_006051,train
RICE_006052,train
RICE_006053,train
RICE_006054,train
RICE_006055,train
RICE_006056,train
RICE_006057,train
RICE_006058,train
RICE_006059,train
RICE_006060,train
RICE_006061,train
RICE_006062,train
RICE_006063,train
RICE_006064,train
RICE_006065,train
RICE_006066,train
RICE_006067,train
RICE_006068,train
RICE_006069,train
RICE_006070,train
RICE_006071,train
RICE_006072,train
RICE_006073,train
RICE_006074,train
RICE_006075,train
RICE_006076,train
RICE_006077,train
RICE_006078,train
RICE_006079,train
RICE_006080,train
RICE_006081,train
RICE_006082,train
RICE_006083,train
RICE_006084,train
RICE_006085,train
RICE_006086,train
RICE_006087,train
RICE_006088,train
RICE_006089,train
RICE_006090,train
RICE_006091,train
RICE_006092,train
RICE_006093,train
RICE_006094,train
RICE_006095,train
RICE_006096,train
RICE_006097,train
RICE_006098,train
RICE_006099,train
RICE_006100,train
RICE_006101,train
RICE_006102,train
RICE_006103,train
RICE_006104,train
RICE_006105,train
RICE_006106,train
RICE_006107,train
RICE_006108,train
RICE_006109,train
RICE_006110,train
RICE_006111,train
RICE_006112,train
RICE_006113,train
RICE_006114,train
RICE_006115,train
RICE_006116,train
RICE_006117,train
RICE_006118,train
RICE_006119,train
RICE_006120,train
RICE_006121,train
RICE_006122,train
RICE_006123,train
RICE_006124,train
RICE_006125,train
RICE_006126,train
RICE_006127,train
RICE_006128,train
RICE_006129,train
RICE_006130,train
RICE_006131,train
RICE_006132,train
RICE_006133,train
RICE_006134,train
RICE_006135,train
RICE_006136,train
RICE_006137,train
RICE_006138,train
RICE_006139,train
RICE_006140,train
RICE_006141,train
RICE_006142,train
RICE_006143,train
RICE_006144,train
RICE_006145,train
RICE_006146,train
RICE_006147,train
RICE_006148,train
RICE_006149,train
RICE_006150,train
RICE_006151,train
RICE_006152,train
RICE_006153,train
RICE_006154,train
RICE_006155,train
RICE_006156,train
RICE_006157,train
RICE_006158,train
RICE_006159,train
RICE_006160,train
RICE_006161,train
RICE_006162,train
RICE_006163,train
RICE_006164,train
RICE_006165,train
RICE_006166,train
RICE_006167,train
RICE_006168,train
RICE_006169,train
RICE_006170,train
RICE_006171,train
RICE_006172,train
RICE_006173,train
RICE_006174,train
RICE_006175,train
RICE_006176,train
RICE_006177,train
RICE_006178,train
RICE_006179,train
RICE_006180,train
RICE_006181,train
RICE_006182,train
RICE_006183,train
RICE_006184,train
RICE_006185,train
RICE_006186,train
RICE_006187,train
RICE_006188,train
RICE_006189,train
RICE_006190,train
RICE_006191,train
RICE_006192,train
RICE_006193,train
RICE_006194,train
RICE_006195,train
RICE_006196,train
RICE_006197,train
RICE_006198,train
RICE_006199,train
RICE_006200,train
RICE_006201,train
RICE_006202,train
RICE_006203,train
RICE_006204,train
RICE_006205,train
RICE_006206,train
RICE_006207,train
RICE_006208,train
RICE_006209,train
RICE_006210,train
RICE_006211,train
RICE_006212,train
RICE_006213,train
RICE_006214,train
RICE_006215,train
RICE_006216,train
RICE_006217,train
RICE_006218,train
RICE_006219,train
RICE_006220,train
RICE_006221,train
RICE_006222,train
RICE_006223,train
RICE_006224,train
RICE_006225,train
RICE_006226,train
RICE_006227,train
RICE_006228,train
RICE_006229,train
RICE_006230,train
RICE_006231,train
RICE_006232,train
RICE_006233,train
RICE_006234,train
RICE_006235,train
RICE_006236,train
RICE_006237,train
RICE_006238,train
RICE_006239,train
RICE_006240,train
RICE_006241,train
RICE_006242,train
RICE_006243,train
RICE_006244,train
RICE_006245,train
RICE_006246,train
RICE_006247,train
RICE_006248,train
RICE_006249,train
RICE_006250,train
RICE_006251,train
RICE_006252,train
RICE_006253,train
RICE_006254,train
RICE_006255,train
RICE_006256,train
RICE_006257,train
RICE_006258,train
RICE_006259,train
RICE_006260,train
RICE_006261,train
RICE_006262,train
RICE_006263,train
RICE_006264,train
RICE_006265,train
RICE_006266,train
RICE_006267,train
RICE_006268,train
RICE_006269,train
RICE_006270,train
RICE_006271,train
RICE_006272,train
RICE_006273,train
RICE_006274,train
RICE_006275,train
RICE_006276,train
RICE_006277,train
RICE_006278,train
RICE_006279,train
RICE_006280,train
RICE_006281,train
RICE_006282,train
RICE_006283,train
RICE_006284,train
RICE_006285,train
RICE_006286,train
RICE_006287,train
RICE_006288,train
RICE_006289,train
RICE_006290,train
RICE_006291,train
RICE_006292,train
RICE_006293,train
RICE_006294,train
RICE_006295,train
RICE_006296,train
RICE_006297,train
RICE_006298,train
RICE_006299,train
RICE_006300,train
RICE_006301,train
RICE_006302,train
RICE_006303,train
RICE_006304,train
RICE_006305,train
RICE_006306,train
RICE_006307,train
RICE_006308,train
RICE_006309,train
RICE_006310,train
RICE_006311,train
RICE_006312,train
RICE_006313,train
RICE_006314,train
RICE_006315,train
RICE_006316,train
RICE_006317,train
RICE_006318,train
RICE_006319,train
RICE_006320,train
RICE_006321,train
RICE_006322,train
RICE_006323,train
RICE_006324,train
RICE_006325,train
RICE_006326,train
RICE_006327,train
RICE_006328,train
RICE_006329,train
RICE_006330,train
RICE_006331,train
RICE_006332,train
RICE_006333,train
RICE_006334,train
RICE_006335,train
RICE_006336,train
RICE_006337,train
RICE_006338,train
RICE_006339,train
RICE_006340,train
RICE_006341,train
RICE_006342,train
RICE_006343,train
RICE_006344,train
RICE_006345,train
RICE_006346,train
RICE_006347,train
RICE_006348,train
RICE_006349,train
RICE_006350,train
RICE_006351,train
RICE_006352,train
RICE_006353,train
RICE_006354,train
RICE_006355,train
RICE_006356,train
RICE_006357,train
RICE_006358,train
RICE_006359,train
RICE_006360,train
RICE_006361,train
RICE_006362,train
RICE_006363,train
RICE_006364,train
RICE_006365,train
RICE_006366,train
RICE_006367,train
RICE_006368,train
RICE_006369,train
RICE_006370,train
RICE_006371,train
RICE_006372,train
RICE_006373,train
RICE_006374,train
RICE_006375,train
RICE_006376,train
RICE_006377,train
RICE_006378,train
RICE_006379,train
RICE_006380,train
RICE_006381,train
RICE_006382,train
RICE_006383,train
RICE_006384,train
RICE_006385,train
RICE_006386,train
RICE_006387,train
RICE_006388,train
RICE_006389,train
RICE_006390,train
RICE_006391,train
RICE_006392,train
RICE_006393,train
RICE_006394,train
RICE_006395,train
RICE_006396,train
RICE_006397,train
RICE_006398,train
RICE_006399,train
RICE_006400,train
RICE_006401,train
RICE_006402,train
RICE_006403,train
RICE_006404,train
RICE_006405,train
RICE_006406,train
RICE_006407,train
RICE_006408,train
RICE_006409,train
RICE_006410,train
RICE_006411,train
RICE_006412,train
RICE_006413,train
RICE_006414,train
RICE_006415,train
RICE_006416,train
RICE_006417,train
RICE_006418,train
RICE_006419,train
RICE_006420,train
RICE_006421,train
RICE_006422,train
RICE_006423,train
RICE_006424,train
RICE_006425,train
RICE_006426,train
RICE_006427,train
RICE_006428,train
RICE_006429,train
RICE_006430,train
RICE_006431,train
RICE_006432,train
RICE_006433,train
RICE_006434,train
RICE_006435,train
RICE_006436,train
RICE_006437,train
RICE_006438,train
RICE_006439,train
RICE_006440,train
RICE_006441,train
RICE_006442,train
RICE_006443,train
RICE_006444,train
RICE_006445,train
RICE_006446,train
RICE_006447,train
RICE_006448,train
RICE_006449,train
RICE_006450,train
RICE_006451,train
RICE_006452,train
RICE_006453,train
RICE_006454,train
RICE_006455,train
RICE_006456,train
RICE_006457,train
RICE_006458,train
RICE_006459,train
RICE_006460,train
RICE_006461,train
RICE_006462,train
RICE_006463,train
RICE_006464,train
RICE_006465,train
RICE_006466,train
RICE_006467,train
RICE_006468,train
RICE_006469,train
RICE_006470,train
RICE_006471,train
RICE_006472,train
RICE_006473,train
RICE_006474,train
RICE_006475,train
RICE_006476,train
RICE_006477,train
RICE_006478,train
RICE_006479,train
RICE_006480,train
RICE_006481,train
RICE_006482,train
RICE_006483,train
RICE_006484,train
RICE_006485,train
RICE_006486,train
RICE_006487,train
RICE_006488,train
RICE_006489,train
RICE_006490,train
RICE_006491,train
RICE_006492,train
RICE_006493,train
RICE_006494,train
RICE_006495,train
RICE_006496,train
RICE_006497,train
RICE_006498,train
RICE_006499,train
RICE_006500,train
RICE_006501,train
RICE_006502,train
RICE_006503,train
RICE_006504,train
RICE_006505,train
RICE_006506,train
RICE_006507,train
RICE_006508,train
RICE_006509,train
RICE_006510,train
RICE_006511,train
RICE_006512,train
RICE_006513,train
RICE_006514,train
RICE_006515,train
RICE_006516,train
RICE_006517,train
RICE_006518,train
RICE_006519,train
RICE_006520,train
RICE_006521,train
RICE_006522,train
RICE_006523,train
RICE_006524,train
RICE_006525,train
RICE_006526,train
RICE_006527,train
RICE_006528,train
RICE_006529,train
RICE_006530,train
RICE_006531,train
RICE_006532,train
RICE_006533,train
RICE_006534,train
RICE_006535,train
RICE_006536,train
RICE_006537,train
RICE_006538,train
RICE_006539,train
RICE_006540,train
RICE_006541,train
RICE_006542,train
RICE_006543,train
RICE_006544,train
RICE_006545,train
RICE_006546,train
RICE_006547,train
RICE_006548,train
RICE_006549,train
RICE_006550,train
RICE_006551,train
RICE_006552,train
RICE_006553,train
RICE_006554,train
RICE_006555,train
RICE_006556,train
RICE_006557,train
RICE_006558,train
RICE_006559,train
RICE_006560,train
RICE_006561,train
RICE_006562,train
RICE_006563,train
RICE_006564,train
RICE_006565,train
RICE_006566,train
RICE_006567,train
RICE_006568,train
RICE_006569,train
RICE_006570,train
RICE_006571,train
RICE_006572,train
RICE_006573,train
RICE_006574,train
RICE_006575,train
RICE_006576,train
RICE_006577,train
RICE_006578,train
RICE_006579,train
RICE_006580,train
RICE_006581,train
RICE_006582,train
RICE_006583,train
RICE_006584,train
RICE_006585,train
RICE_006586,train
RICE_006587,train
RICE_006588,train
RICE_006589,train
RICE_006590,train
RICE_006591,train
RICE_006592,train
RICE_006593,train
RICE_006594,train
RICE_006595,train
RICE_006596,train
RICE_006597,train
RICE_006598,train
RICE_006599,train
RICE_006600,train
RICE_006601,train
RICE_006602,train
RICE_006603,train
RICE_006604,train
RICE_006605,train
RICE_006606,train
RICE_006607,train
RICE_006608,train
RICE_006609,train
RICE_006610,train
RICE_006611,train
RICE_006612,train
RICE_006613,train
RICE_006614,train
RICE_006615,train
RICE_006616,train
RICE_006617,train
RICE_006618,train
RICE_006619,train
RICE_006620,train
RICE_006621,train
RICE_006622,train
RICE_006623,train
RICE_006624,train
RICE_006625,train
RICE_006626,train
RICE_006627,train
RICE_006628,train
RICE_006629,train
RICE_006630,train
RICE_006631,train
RICE_006632,train
RICE_006633,train
RICE_006634,train
RICE_006635,train
RICE_006636,train
RICE_006637,train
RICE_006638,train
RICE_006639,train
RICE_006640,train
RICE_006641,train
RICE_006642,train
RICE_006643,train
RICE_006644,train
RICE_006645,train
RICE_006646,train
RICE_006647,train
RICE_006648,train
RICE_006649,train
RICE_006650,train
RICE_006651,train
RICE_006652,train
RICE_006653,train
RICE_006654,train
RICE_006655,train
RICE_006656,train
RICE_006657,train
RICE_006658,train
RICE_006659,train
RICE_006660,train
RICE_006661,train
RICE_006662,train
RICE_006663,train
RICE_006664,train
RICE_006665,train
RICE_006666,train
RICE_006667,train
RICE_006668,train
RICE_006669,train
RICE_006670,train
RICE_006671,train
RICE_006672,train
RICE_006673,train
RICE_006674,train
RICE_006675,train
RICE_006676,train
RICE_006677,train
RICE_006678,train
RICE_006679,train
RICE_006680,train
RICE_006681,train
RICE_006682,train
RICE_006683,train
RICE_006684,train
RICE_006685,train
RICE_006686,train
RICE_006687,train
RICE_006688,train
RICE_006689,train
RICE_006690,train
RICE_006691,train
RICE_006692,train
RICE_006693,train
RICE_006694,train
RICE_006695,train
RICE_006696,train
RICE_006697,train
RICE_006698,train
RICE_006699,train
RICE_006700,train
RICE_006701,train
RICE_006702,train
RICE_006703,train
RICE_006704,train
RICE_006705,train
RICE_006706,train
RICE_006707,train
RICE_006708,train
RICE_006709,train
RICE_006710,train
RICE_006711,train
RICE_006712,train
RICE_006713,train
RICE_006714,train
RICE_006715,train
RICE_006716,train
RICE_006717,train
RICE_006718,train
RICE_006719,train
RICE_006720,train
RICE_006721,train
RICE_006722,train
RICE_006723,train
RICE_006724,train
RICE_006725,train
RICE_006726,train
RICE_006727,train
RICE_006728,train
RICE_006729,train
RICE_006730,train
RICE_006731,train
RICE_006732,train
RICE_006733,train
RICE_006734,train
RICE_006735,train
RICE_006736,train
RICE_006737,train
RICE_006738,train
RICE_006739,train
RICE_006740,train
RICE_006741,train
RICE_006742,train
RICE_006743,train
RICE_006744,train
RICE_006745,train
RICE_006746,train
RICE_006747,train
RICE_006748,train
RICE_006749,train
RICE_006750,train
RICE_006751,train
RICE_006752,train
RICE_006753,train
RICE_006754,train
RICE_006755,train
RICE_006756,train
RICE_006757,train
RICE_006758,train
RICE_006759,train
RICE_006760,train
RICE_006761,train
RICE_006762,train
RICE_006763,train
RICE_006764,train
RICE_006765,train
RICE_006766,train
RICE_006767,train
RICE_006768,train
RICE_006769,train
RICE_006770,train
RICE_006771,train
RICE_006772,train
RICE_006773,train
RICE_006774,train
RICE_006775,train
RICE_006776,train
RICE_006777,train
RICE_006778,train
RICE_006779,train
RICE_006780,train
RICE_006781,train
RICE_006782,train
RICE_006783,train
RICE_006784,train
RICE_006785,train
RICE_006786,train
RICE_006787,train
RICE_006788,train
RICE_006789,train
RICE_006790,train
RICE_006791,train
RICE_006792,train
RICE_006793,train
RICE_006794,train
RICE_006795,train
RICE_006796,train
RICE_006797,train
RICE_006798,train
RICE_006799,train
RICE_006800,train
RICE_006801,train
RICE_006802,train
RICE_006803,train
RICE_006804,train
RICE_006805,train
RICE_006806,train
RICE_006807,train
RICE_006808,train
RICE_006809,train
RICE_006810,train
RICE_006811,train
RICE_006812,train
RICE_006813,train
RICE_006814,train
RICE_006815,train
RICE_006816,train
RICE_006817,train
RICE_006818,train
RICE_006819,train
RICE_006820,train
RICE_006821,train
RICE_006822,train
RICE_006823,train
RICE_006824,train
RICE_006825,train
RICE_006826,train
RICE_006827,train
RICE_006828,train
RICE_006829,train
RICE_006830,train
RICE_006831,train
RICE_006832,train
RICE_006833,train
RICE_006834,train
RICE_006835,train
RICE_006836,train
RICE_006837,train
RICE_006838,train
RICE_006839,train
RICE_006840,train
RICE_006841,train
RICE_006842,train
RICE_006843,train
RICE_006844,train
RICE_006845,train
RICE_006846,train
RICE_006847,train
RICE_006848,train
RICE_006849,train
RICE_006850,train
RICE_006851,train
RICE_006852,train
RICE_006853,train
RICE_006854,train
RICE_006855,train
RICE_006856,train
RICE_006857,train
RICE_006858,train
RICE_006859,train
RICE_006860,train
RICE_006861,train
RICE_006862,train
RICE_006863,train
RICE_006864,train
RICE_006865,train
RICE_006866,train
RICE_006867,train
RICE_006868,train
RICE_006869,train
RICE_006870,train
RICE_006871,train
RICE_006872,train
RICE_006873,train
RICE_006874,train
RICE_006875,train
RICE_006876,train
RICE_006877,train
RICE_006878,train
RICE_006879,train
RICE_006880,train
RICE_006881,train
RICE_006882,train
RICE_006883,train
RICE_006884,train
RICE_006885,train
RICE_006886,train
RICE_006887,train
RICE_006888,train
RICE_006889,train
RICE_006890,train
RICE_006891,train
RICE_006892,train
RICE_006893,train
RICE_006894,train
RICE_006895,train
RICE_006896,train
RICE_006897,train
RICE_006898,train
RICE_006899,train
RICE_006900,train
RICE_006901,train
RICE_006902,train
RICE_006903,train
RICE_006904,train
RICE_006905,train
RICE_006906,train
RICE_006907,train
RICE_006908,train
RICE_006909,train
RICE_006910,train
RICE_006911,train
RICE_006912,train
RICE_006913,train
RICE_006914,train
RICE_006915,train
RICE_006916,train
RICE_006917,train
RICE_006918,train
RICE_006919,train
RICE_006920,train
RICE_006921,train
RICE_006922,train
RICE_006923,train
RICE_006924,train
RICE_006925,train
RICE_006926,train
RICE_006927,train
RICE_006928,train
RICE_006929,train
RICE_006930,train
RICE_006931,train
RICE_006932,train
RICE_006933,train
RICE_006934,train
RICE_006935,train
RICE_006936,train
RICE_006937,train
RICE_006938,train
RICE_006939,train
RICE_006940,train
RICE_006941,train
RICE_006942,train
RICE_006943,train
RICE_006944,train
RICE_006945,train
RICE_006946,train
RICE_006947,train
RICE_006948,train
RICE_006949,train
RICE_006950,train
RICE_006951,train
RICE_006952,train
RICE_006953,train
RICE_006954,train
RICE_006955,train
RICE_006956,train
RICE_006957,train
RICE_006958,train
RICE_006959,train
RICE_006960,train
RICE_006961,train
RICE_006962,train
RICE_006963,train
RICE_006964,train
RICE_006965,train
RICE_006966,train
RICE_006967,train
RICE_006968,train
RICE_006969,train
RICE_006970,train
RICE_006971,train
RICE_006972,train
RICE_006973,train
RICE_006974,train
RICE_006975,train
RICE_006976,train
RICE_006977,train
RICE_006978,train
RICE_006979,train
RICE_006980,train
RICE_006981,train
RICE_006982,train
RICE_006983,train
RICE_006984,train
RICE_006985,train
RICE_006986,train
RICE_006987,train
RICE_006988,train
RICE_006989,train
RICE_006990,train
RICE_006991,train
RICE_006992,train
RICE_006993,train
RICE_006994,train
RICE_006995,train
RICE_006996,train
RICE_006997,train
RICE_006998,train
RICE_006999,train
RICE_007000,train
RICE_007001,train
RICE_007002,train
RICE_007003,train
RICE_007004,train
RICE_007005,train
RICE_007006,train
RICE_007007,train
RICE_007008,train
RICE_007009,train
RICE_007010,train
RICE_007011,train
RICE_007012,train
RICE_007013,train
RICE_007014,train
RICE_007015,train
RICE_007016,train
RICE_007017,train
RICE_007018,train
RICE_007019,train
RICE_007020,train
RICE_007021,train
RICE_007022,train
RICE_007023,train
RICE_007024,train
RICE_007025,train
RICE_007026,train
RICE_007027,train
RICE_007028,train
RICE_007029,train
RICE_007030,train
RICE_007031,train
RICE_007032,train
RICE_007033,train
RICE_007034,train
RICE_007035,train
RICE_007036,train
RICE_007037,train
RICE_007038,train
RICE_007039,train
RICE_007040,train
RICE_007041,train
RICE_007042,train
RICE_007043,train
RICE_007044,train
RICE_007045,train
RICE_007046,train
RICE_007047,train
RICE_007048,train
RICE_007049,train
RICE_007050,train
RICE_007051,train
RICE_007052,train
RICE_007053,train
RICE_007054,train
RICE_007055,train
RICE_007056,train
RICE_007057,train
RICE_007058,train
RICE_007059,train
RICE_007060,train
RICE_007061,train
RICE_007062,train
RICE_007063,train
RICE_007064,train
RICE_007065,train
RICE_007066,train
RICE_007067,train
RICE_007068,train
RICE_007069,train
RICE_007070,train
RICE_007071,train
RICE_007072,train
RICE_007073,train
RICE_007074,train
RICE_007075,train
RICE_007076,train
RICE_007077,train
RICE_007078,train
RICE_007079,train
RICE_007080,train
RICE_007081,train
RICE_007082,train
RICE_007083,train
RICE_007084,train
RICE_007085,train
RICE_007086,train
RICE_007087,train
RICE_007088,train
RICE_007089,train
RICE_007090,train
RICE_007091,train
RICE_007092,train
RICE_007093,train
RICE_007094,train
RICE_007095,train
RICE_007096,train
RICE_007097,train
RICE_007098,train
RICE_007099,train
RICE_007100,train
RICE_007101,train
RICE_007102,train
RICE_007103,train
RICE_007104,train
RICE_007105,train
RICE_007106,train
RICE_007107,train
RICE_007108,train
RICE_007109,train
RICE_007110,train
RICE_007111,train
RICE_007112,train
RICE_007113,train
RICE_007114,train
RICE_007115,train
RICE_007116,train
RICE_007117,train
RICE_007118,train
RICE_007119,train
RICE_007120,train
RICE_007121,train
RICE_007122,train
RICE_007123,train
RICE_007124,train
RICE_007125,train
RICE_007126,train
RICE_007127,train
RICE_007128,train
RICE_007129,train
RICE_007130,train
RICE_007131,train
RICE_007132,train
RICE_007133,train
RICE_007134,train
RICE_007135,train
RICE_007136,train
RICE_007137,train
RICE_007138,train
RICE_007139,train
RICE_007140,train
RICE_007141,train
RICE_007142,train
RICE_007143,train
RICE_007144,train
RICE_007145,train
RICE_007146,train
RICE_007147,train
RICE_007148,train
RICE_007149,train
RICE_007150,train
RICE_007151,train
RICE_007152,train
RICE_007153,train
RICE_007154,train
RICE_007155,train
RICE_007156,train
RICE_007157,train
RICE_007158,train
RICE_007159,train
RICE_007160,train
RICE_007161,train
RICE_007162,train
RICE_007163,train
RICE_007164,train
RICE_007165,train
RICE_007166,train
RICE_007167,train
RICE_007168,train
RICE_007169,train
RICE_007170,train
RICE_007171,train
RICE_007172,train
RICE_007173,train
RICE_007174,train
RICE_007175,train
RICE_007176,train
RICE_007177,train
RICE_007178,train
RICE_007179,train
RICE_007180,train
RICE_007181,train
RICE_007182,train
RICE_007183,train
RICE_007184,train
RICE_007185,train
RICE_007186,train
RICE_007187,train
RICE_007188,train
RICE_007189,train
RICE_007190,train
RICE_007191,train
RICE_007192,train
RICE_007193,train
RICE_007194,train
RICE_007195,train
RICE_007196,train
RICE_007197,train
RICE_007198,train
RICE_007199,train
RICE_007200,train
RICE_007201,train
RICE_007202,train
RICE_007203,train
RICE_007204,train
RICE_007205,train
RICE_007206,train
RICE_007207,train
RICE_007208,train
RICE_007209,train
RICE_007210,train
RICE_007211,train
RICE_007212,train
RICE_007213,train
RICE_007214,train
RICE_007215,train
RICE_007216,train
RICE_007217,train
RICE_007218,train
RICE_007219,train
RICE_007220,train
RICE_007221,train
RICE_007222,train
RICE_007223,train
RICE_007224,train
RICE_007225,train
RICE_007226,train
RICE_007227,train
RICE_007228,train
RICE_007229,train
RICE_007230,train
RICE_007231,train
RICE_007232,train
RICE_007233,train
RICE_007234,train
RICE_007235,train
RICE_007236,train
RICE_007237,train
RICE_007238,train
RICE_007239,train
RICE_007240,train
RICE_007241,train
RICE_007242,train
RICE_007243,train
RICE_007244,train
RICE_007245,train
RICE_007246,train
RICE_007247,train
RICE_007248,train
RICE_007249,train
RICE_007250,train
RICE_007251,train
RICE_007252,train
RICE_007253,train
RICE_007254,train
RICE_007255,train
RICE_007256,train
RICE_007257,train
RICE_007258,train
RICE_007259,train
RICE_007260,train
RICE_007261,train
RICE_007262,train
RICE_007263,train
RICE_007264,train
RICE_007265,train
RICE_007266,train
RICE_007267,train
RICE_007268,train
RICE_007269,train
RICE_007270,train
RICE_007271,train
RICE_007272,train
RICE_007273,train
RICE_007274,train
RICE_007275,train
RICE_007276,train
RICE_007277,train
RICE_007278,train
RICE_007279,train
RICE_007280,train
RICE_007281,train
RICE_007282,train
RICE_007283,train
RICE_007284,train
RICE_007285,train
RICE_007286,train
RICE_007287,train
RICE_007288,train
RICE_007289,train
RICE_007290,train
RICE_007291,train
RICE_007292,train
RICE_007293,train
RICE_007294,train
RICE_007295,train
RICE_007296,train
RICE_007297,train
RICE_007298,train
RICE_007299,train
RICE_007300,train
RICE_007301,train
RICE_007302,train
RICE_007303,train
RICE_007304,train
RICE_007305,train
RICE_007306,train
RICE_007307,train
RICE_007308,train
RICE_007309,train
RICE_007310,train
RICE_007311,train
RICE_007312,train
RICE_007313,train
RICE_007314,train
RICE_007315,train
RICE_007316,train
RICE_007317,train
RICE_007318,train
RICE_007319,train
RICE_007320,train
RICE_007321,train
RICE_007322,train
RICE_007323,train
RICE_007324,train
RICE_007325,train
RICE_007326,train
RICE_007327,train
RICE_007328,train
RICE_007329,train
RICE_007330,train
RICE_007331,train
RICE_007332,train
RICE_007333,train
RICE_007334,train
RICE_007335,train
RICE_007336,train
RICE_007337,train
RICE_007338,train
RICE_007339,train
RICE_007340,train
RICE_007341,train
RICE_007342,train
RICE_007343,train
RICE_007344,train
RICE_007345,train
RICE_007346,train
RICE_007347,train
RICE_007348,train
RICE_007349,train
RICE_007350,train
RICE_007351,train
RICE_007352,train
RICE_007353,train
RICE_007354,train
RICE_007355,train
RICE_007356,train
RICE_007357,train
RICE_007358,train
RICE_007359,train
RICE_007360,train
RICE_007361,train
RICE_007362,train
RICE_007363,train
RICE_007364,train
RICE_007365,train
RICE_007366,train
RICE_007367,train
RICE_007368,train
RICE_007369,train
RICE_007370,train
RICE_007371,train
RICE_007372,train
RICE_007373,train
RICE_007374,train
RICE_007375,train
RICE_007376,train
RICE_007377,train
RICE_007378,train
RICE_007379,train
RICE_007380,train
RICE_007381,train
RICE_007382,train
RICE_007383,train
RICE_007384,train
RICE_007385,train
RICE_007386,train
RICE_007387,train
RICE_007388,train
RICE_007389,train
RICE_007390,train
RICE_007391,train
RICE_007392,train
RICE_007393,train
RICE_007394,train
RICE_007395,train
RICE_007396,train
RICE_007397,train
RICE_007398,train
RICE_007399,train
RICE_007400,train
RICE_007401,train
RICE_007402,train
RICE_007403,train
RICE_007404,train
RICE_007405,train
RICE_007406,train
RICE_007407,train
RICE_007408,train
RICE_007409,train
RICE_007410,train
RICE_007411,train
RICE_007412,train
RICE_007413,train
RICE_007414,train
RICE_007415,train
RICE_007416,train
RICE_007417,train
RICE_007418,train
RICE_007419,train
RICE_007420,train
RICE_007421,train
RICE_007422,train
RICE_007423,train
RICE_007424,train
RICE_007425,train
RICE_007426,train
RICE_007427,train
RICE_007428,train
RICE_007429,train
RICE_007430,train
RICE_007431,train
RICE_007432,train
RICE_007433,train
RICE_007434,train
RICE_007435,train
RICE_007436,train
RICE_007437,train
RICE_007438,train
RICE_007439,train
RICE_007440,train
RICE_007441,train
RICE_007442,train
RICE_007443,train
RICE_007444,train
RICE_007445,train
RICE_007446,train
RICE_007447,train
RICE_007448,train
RICE_007449,train
RICE_007450,train
RICE_007451,train
RICE_007452,train
RICE_007453,train
RICE_007454,train
RICE_007455,train
RICE_007456,train
RICE_007457,train
RICE_007458,train
RICE_007459,train
RICE_007460,train
RICE_007461,train
RICE_007462,train
RICE_007463,train
RICE_007464,train
RICE_007465,train
RICE_007466,train
RICE_007467,train
RICE_007468,train
RICE_007469,train
RICE_007470,train
RICE_007471,train
RICE_007472,train
RICE_007473,train
RICE_007474,train
RICE_007475,train
RICE_007476,train
RICE_007477,train
RICE_007478,train
RICE_007479,train
RICE_007480,train
RICE_007481,train
RICE_007482,train
RICE_007483,train
RICE_007484,train
RICE_007485,train
RICE_007486,train
RICE_007487,train
RICE_007488,train
RICE_007489,train
RICE_007490,train
RICE_007491,train
RICE_007492,train
RICE_007493,train
RICE_007494,train
RICE_007495,train
RICE_007496,train
RICE_007497,train
RICE_007498,train
RICE_007499,train
RICE_007500,train
RICE_007501,train
RICE_007502,train
RICE_007503,train
RICE_007504,train
RICE_007505,train
RICE_007506,train
RICE_007507,train
RICE_007508,train
RICE_007509,train
RICE_007510,train
RICE_007511,train
RICE_007512,train
RICE_007513,train
RICE_007514,train
RICE_007515,train
RICE_007516,train
RICE_007517,train
RICE_007518,train
RICE_007519,train
RICE_007520,train
RICE_007521,train
RICE_007522,train
RICE_007523,train
RICE_007524,train
RICE_007525,train
RICE_007526,train
RICE_007527,train
RICE_007528,train
RICE_007529,train
RICE_007530,train
RICE_007531,train
RICE_007532,train
RICE_007533,train
RICE_007534,train
RICE_007535,train
RICE_007536,train
RICE_007537,train
RICE_007538,train
RICE_007539,train
RICE_007540,train
RICE_007541,train
RICE_007542,train
RICE_007543,train
RICE_007544,train
RICE_007545,train
RICE_007546,train
RICE_007547,train
RICE_007548,train
RICE_007549,train
RICE_007550,train
RICE_007551,train
RICE_007552,train
RICE_007553,train
RICE_007554,train
RICE_007555,train
RICE_007556,train
RICE_007557,train
RICE_007558,train
RICE_007559,train
RICE_007560,train
RICE_007561,train
RICE_007562,train
RICE_007563,train
RICE_007564,train
RICE_007565,train
RICE_007566,train
RICE_007567,train
RICE_007568,train
RICE_007569,train
RICE_007570,train
RICE_007571,train
RICE_007572,train
RICE_007573,train
RICE_007574,train
RICE_007575,train
RICE_007576,train
RICE_007577,train
RICE_007578,train
RICE_007579,train
RICE_007580,train
RICE_007581,train
RICE_007582,train
RICE_007583,train
RICE_007584,train
RICE_007585,train
RICE_007586,train
RICE_007587,train
RICE_007588,train
RICE_007589,train
RICE_007590,train
RICE_007591,train
RICE_007592,train
RICE_007593,train
RICE_007594,train
RICE_007595,train
RICE_007596,train
RICE_007597,train
RICE_007598,train
RICE_007599,train
RICE_007600,train
RICE_007601,train
RICE_007602,train
RICE_007603,train
RICE_007604,train
RICE_007605,train
RICE_007606,train
RICE_007607,train
RICE_007608,train
RICE_007609,train
RICE_007610,train
RICE_007611,train
RICE_007612,train
RICE_007613,train
RICE_007614,train
RICE_007615,train
RICE_007616,train
RICE_007617,train
RICE_007618,train
RICE_007619,train
RICE_007620,train
RICE_007621,train
RICE_007622,train
RICE_007623,train
RICE_007624,train
RICE_007625,train
RICE_007626,train
RICE_007627,train
RICE_007628,train
RICE_007629,train
RICE_007630,train
RICE_007631,train
RICE_007632,train
RICE_007633,train
RICE_007634,train
RICE_007635,train
RICE_007636,train
RICE_007637,train
RICE_007638,train
RICE_007639,train
RICE_007640,train
RICE_007641,train
RICE_007642,train
RICE_007643,train
RICE_007644,train
RICE_007645,train
RICE_007646,train
RICE_007647,train
RICE_007648,train
RICE_007649,train
RICE_007650,train
RICE_007651,train
RICE_007652,train
RICE_007653,train
RICE_007654,train
RICE_007655,train
RICE_007656,train
RICE_007657,train
RICE_007658,train
RICE_007659,train
RICE_007660,train
RICE_007661,train
RICE_007662,train
RICE_007663,train
RICE_007664,train
RICE_007665,train
RICE_007666,train
RICE_007667,train
RICE_007668,train
RICE_007669,train
RICE_007670,train
RICE_007671,train
RICE_007672,train
RICE_007673,train
RICE_007674,train
RICE_007675,train
RICE_007676,train
RICE_007677,train
RICE_007678,train
RICE_007679,train
RICE_007680,train
RICE_007681,train
RICE_007682,train
RICE_007683,train
RICE_007684,train
RICE_007685,train
RICE_007686,train
RICE_007687,train
RICE_007688,train
RICE_007689,train
RICE_007690,train
RICE_007691,train
RICE_007692,train
RICE_007693,train
RICE_007694,train
RICE_007695,train
RICE_007696,train
RICE_007697,train
RICE_007698,train
RICE_007699,train
RICE_007700,train
RICE_007701,train
RICE_007702,train
RICE_007703,train
RICE_007704,train
RICE_007705,train
RICE_007706,train
RICE_007707,train
RICE_007708,train
RICE_007709,train
RICE_007710,train
RICE_007711,train
RICE_007712,train
RICE_007713,train
RICE_007714,train
RICE_007715,train
RICE_007716,train
RICE_007717,train
RICE_007718,train
RICE_007719,train
RICE_007720,train
RICE_007721,train
RICE_007722,train
RICE_007723,train
RICE_007724,train
RICE_007725,train
RICE_007726,train
RICE_007727,train
RICE_007728,train
RICE_007729,train
RICE_007730,train
RICE_007731,train
RICE_007732,train
RICE_007733,train
RICE_007734,train
RICE_007735,train
RICE_007736,train
RICE_007737,train
RICE_007738,train
RICE_007739,train
RICE_007740,train
RICE_007741,train
RICE_007742,train
RICE_007743,train
RICE_007744,train
RICE_007745,train
RICE_007746,train
RICE_007747,train
RICE_007748,train
RICE_007749,train
RICE_007750,train
RICE_007751,train
RICE_007752,train
RICE_007753,train
RICE_007754,train
RICE_007755,train
RICE_007756,train
RICE_007757,train
RICE_007758,train
RICE_007759,train
RICE_007760,train
RICE_007761,train
RICE_007762,train
RICE_007763,train
RICE_007764,train
RICE_007765,train
RICE_007766,train
RICE_007767,train
RICE_007768,train
RICE_007769,train
RICE_007770,train
RICE_007771,train
RICE_007772,train
RICE_007773,train
RICE_007774,train
RICE_007775,train
RICE_007776,train
RICE_007777,train
RICE_007778,train
RICE_007779,train
RICE_007780,train
RICE_007781,train
RICE_007782,train
RICE_007783,train
RICE_007784,train
RICE_007785,train
RICE_007786,train
RICE_007787,train
RICE_007788,train
RICE_007789,train
RICE_007790,train
RICE_007791,train
RICE_007792,train
RICE_007793,train
RICE_007794,train
RICE_007795,train
RICE_007796,train
RICE_007797,train
RICE_007798,train
RICE_007799,train
RICE_007800,train
RICE_007801,train
RICE_007802,train
RICE_007803,train
RICE_007804,train
RICE_007805,train
RICE_007806,train
RICE_007807,train
RICE_007808,train
RICE_007809,train
RICE_007810,train
RICE_007811,train
RICE_007812,train
RICE_007813,train
RICE_007814,train
RICE_007815,train
RICE_007816,train
RICE_007817,train
RICE_007818,train
RICE_007819,train
RICE_007820,train
RICE_007821,train
RICE_007822,train
RICE_007823,train
RICE_007824,train
RICE_007825,train
RICE_007826,train
RICE_007827,train
RICE_007828,train
RICE_007829,train
RICE_007830,train
RICE_007831,train
RICE_007832,train
RICE_007833,train
RICE_007834,train
RICE_007835,train
RICE_007836,train
RICE_007837,train
RICE_007838,train
RICE_007839,train
RICE_007840,train
RICE_007841,train
RICE_007842,train
RICE_007843,train
RICE_007844,train
RICE_007845,train
RICE_007846,train
RICE_007847,train
RICE_007848,train
RICE_007849,train
RICE_007850,train
RICE_007851,train
RICE_007852,train
RICE_007853,train
RICE_007854,train
RICE_007855,train
RICE_007856,train
RICE_007857,train
RICE_007858,train
RICE_007859,train
RICE_007860,train
RICE_007861,train
RICE_007862,train
RICE_007863,train
RICE_007864,train
RICE_007865,train
RICE_007866,train
RICE_007867,train
RICE_007868,train
RICE_007869,train
RICE_007870,train
RICE_007871,train
RICE_007872,train
RICE_007873,train
RICE_007874,train
RICE_007875,train
RICE_007876,train
RICE_007877,train
RICE_007878,train
RICE_007879,train
RICE_007880,train
RICE_007881,train
RICE_007882,train
RICE_007883,train
RICE_007884,train
RICE_007885,train
RICE_007886,train
RICE_007887,train
RICE_007888,train
RICE_007889,train
RICE_007890,train
RICE_007891,train
RICE_007892,train
RICE_007893,train
RICE_007894,train
RICE_007895,train
RICE_007896,train
RICE_007897,train
RICE_007898,train
RICE_007899,train
RICE_007900,train
RICE_007901,train
RICE_007902,train
RICE_007903,train
RICE_007904,train
RICE_007905,train
RICE_007906,train
RICE_007907,train
RICE_007908,train
RICE_007909,train
RICE_007910,train
RICE_007911,train
RICE_007912,train
RICE_007913,train
RICE_007914,train
RICE_007915,train
RICE_007916,train
RICE_007917,train
RICE_007918,train
RICE_007919,train
RICE_007920,train
RICE_007921,train
RICE_007922,train
RICE_007923,train
RICE_007924,train
RICE_007925,train
RICE_007926,train
RICE_007927,train
RICE_007928,train
RICE_007929,train
RICE_007930,train
RICE_007931,train
RICE_007932,train
RICE_007933,train
RICE_007934,train
RICE_007935,train
RICE_007936,train
RICE_007937,train
RICE_007938,train
RICE_007939,train
RICE_007940,train
RICE_007941,train
RICE_007942,train
RICE_007943,train
RICE_007944,train
RICE_007945,train
RICE_007946,train
RICE_007947,train
RICE_007948,train
RICE_007949,train
RICE_007950,train
RICE_007951,train
RICE_007952,train
RICE_007953,train
RICE_007954,train
RICE_007955,train
RICE_007956,train
RICE_007957,train
RICE_007958,train
RICE_007959,train
RICE_007960,train
RICE_007961,train
RICE_007962,train
RICE_007963,train
RICE_007964,train
RICE_007965,train
RICE_007966,train
RICE_007967,train
RICE_007968,train
RICE_007969,train
RICE_007970,train
RICE_007971,train
RICE_007972,train
RICE_007973,train
RICE_007974,train
RICE_007975,train
RICE_007976,train
RICE_007977,train
RICE_007978,train
RICE_007979,train
RICE_007980,train
RICE_007981,train
RICE_007982,train
RICE_007983,train
RICE_007984,train
RICE_007985,train
RICE_007986,train
RICE_007987,train
RICE_007988,train
RICE_007989,train
RICE_007990,train
RICE_007991,train
RICE_007992,train
RICE_007993,train
RICE_007994,train
RICE_007995,train
RICE_007996,train
RICE_007997,train
RICE_007998,train
RICE_007999,train
RICE_008000,train
RICE_008001,train
RICE_008002,train
RICE_008003,train
RICE_008004,train
RICE_008005,train
RICE_008006,train
RICE_008007,train
RICE_008008,train
RICE_008009,train
RICE_008010,train
RICE_008011,train
RICE_008012,train
RICE_008013,train
RICE_008014,train
RICE_008015,train
RICE_008016,train
RICE_008017,train
RICE_008018,train
RICE_008019,train
RICE_008020,train
RICE_008021,train
RICE_008022,train
RICE_008023,train
RICE_008024,train
RICE_008025,train
RICE_008026,train
RICE_008027,train
RICE_008028,train
RICE_008029,train
RICE_008030,train
RICE_008031,train
RICE_008032,train
RICE_008033,train
RICE_008034,train
RICE_008035,train
RICE_008036,train
RICE_008037,train
RICE_008038,train
RICE_008039,train
RICE_008040,train
RICE_008041,train
RICE_008042,train
RICE_008043,train
RICE_008044,train
RICE_008045,train
RICE_008046,train
RICE_008047,train
RICE_008048,train
RICE_008049,train
RICE_008050,train
RICE_008051,train
RICE_008052,train
RICE_008053,train
RICE_008054,train
RICE_008055,train
RICE_008056,train
RICE_008057,train
RICE_008058,train
RICE_008059,train
RICE_008060,train
RICE_008061,train
RICE_008062,train
RICE_008063,train
RICE_008064,train
RICE_008065,train
RICE_008066,train
RICE_008067,train
RICE_008068,train
RICE_008069,train
RICE_008070,train
RICE_008071,train
RICE_008072,train
RICE_008073,train
RICE_008074,train
RICE_008075,train
RICE_008076,train
RICE_008077,train
RICE_008078,train
RICE_008079,train
RICE_008080,train
RICE_008081,train
RICE_008082,train
RICE_008083,train
RICE_008084,train
RICE_008085,train
RICE_008086,train
RICE_008087,train
RICE_008088,train
RICE_008089,train
RICE_008090,train
RICE_008091,train
RICE_008092,train
RICE_008093,train
RICE_008094,train
RICE_008095,train
RICE_008096,train
RICE_008097,train
RICE_008098,train
RICE_008099,train
RICE_008100,train
RICE_008101,train
RICE_008102,train
RICE_008103,train
RICE_008104,train
RICE_008105,train
RICE_008106,train
RICE_008107,train
RICE_008108,train
RICE_008109,train
RICE_008110,train
RICE_008111,train
RICE_008112,train
RICE_008113,train
RICE_008114,train
RICE_008115,train
RICE_008116,train
RICE_008117,train
RICE_008118,train
RICE_008119,train
RICE_008120,train
RICE_008121,train
RICE_008122,train
RICE_008123,train
RICE_008124,train
RICE_008125,train
RICE_008126,train
RICE_008127,train
RICE_008128,train
RICE_008129,train
RICE_008130,train
RICE_008131,train
RICE_008132,train
RICE_008133,train
RICE_008134,train
RICE_008135,train
RICE_008136,train
RICE_008137,train
RICE_008138,train
RICE_008139,train
RICE_008140,train
RICE_008141,train
RICE_008142,train
RICE_008143,train
RICE_008144,train
RICE_008145,train
RICE_008146,train
RICE_008147,train
RICE_008148,train
RICE_008149,train
RICE_008150,train
RICE_008151,train
RICE_008152,train
RICE_008153,train
RICE_008154,train
RICE_008155,train
RICE_008156,train
RICE_008157,train
RICE_008158,train
RICE_008159,train
RICE_008160,train
RICE_008161,train
RICE_008162,train
RICE_008163,train
RICE_008164,train
RICE_008165,train
RICE_008166,train
RICE_008167,train
RICE_008168,train
RICE_008169,train
RICE_008170,train
RICE_008171,train
RICE_008172,train
RICE_008173,train
RICE_008174,train
RICE_008175,train
RICE_008176,train
RICE_008177,train
RICE_008178,train
RICE_008179,train
RICE_008180,train
RICE_008181,train
RICE_008182,train
RICE_008183,train
RICE_008184,train
RICE_008185,train
RICE_008186,train
RICE_008187,train
RICE_008188,train
RICE_008189,train
RICE_008190,train
RICE_008191,train
RICE_008192,train
RICE_008193,train
RICE_008194,train
RICE_008195,train
RICE_008196,train
RICE_008197,train
RICE_008198,train
RICE_008199,train
RICE_008200,train
RICE_008201,train
RICE_008202,train
RICE_008203,train
RICE_008204,train
RICE_008205,train
RICE_008206,train
RICE_008207,train
RICE_008208,train
RICE_008209,train
RICE_008210,train
RICE_008211,train
RICE_008212,train
RICE_008213,train
RICE_008214,train
RICE_008215,train
RICE_008216,train
RICE_008217,train
RICE_008218,train
RICE_008219,train
RICE_008220,train
RICE_008221,train
RICE_008222,train
RICE_008223,train
RICE_008224,train
RICE_008225,train
RICE_008226,train
RICE_008227,train
RICE_008228,train
RICE_008229,train
RICE_008230,train
RICE_008231,train
RICE_008232,train
RICE_008233,train
RICE_008234,train
RICE_008235,train
RICE_008236,train
RICE_008237,train
RICE_008238,train
RICE_008239,train
RICE_008240,train
RICE_008241,train
RICE_008242,train
RICE_008243,train
RICE_008244,train
RICE_008245,train
RICE_008246,train
RICE_008247,train
RICE_008248,train
RICE_008249,train
RICE_008250,train
RICE_008251,train
RICE_008252,train
RICE_008253,train
RICE_008254,train
RICE_008255,train
RICE_008256,train
RICE_008257,train
RICE_008258,train
RICE_008259,train
RICE_008260,train
RICE_008261,train
RICE_008262,train
RICE_008263,train
RICE_008264,train
RICE_008265,train
RICE_008266,train
RICE_008267,train
RICE_008268,train
RICE_008269,train
RICE_008270,train
RICE_008271,train
RICE_008272,train
RICE_008273,train
RICE_008274,train
RICE_008275,train
RICE_008276,train
RICE_008277,train
RICE_008278,train
RICE_008279,train
RICE_008280,train
RICE_008281,train
RICE_008282,train
RICE_008283,train
RICE_008284,train
RICE_008285,train
RICE_008286,train
RICE_008287,train
RICE_008288,train
RICE_008289,train
RICE_008290,train
RICE_008291,train
RICE_008292,train
RICE_008293,train
RICE_008294,train
RICE_008295,train
RICE_008296,train
RICE_008297,train
RICE_008298,train
RICE_008299,train
RICE_008300,train
RICE_008301,train
RICE_008302,train
RICE_008303,train
RICE_008304,train
RICE_008305,train
RICE_008306,train
RICE_008307,train
RICE_008308,train
RICE_008309,train
RICE_008310,train
RICE_008311,train
RICE_008312,train
RICE_008313,train
RICE_008314,train
RICE_008315,train
RICE_008316,train
RICE_008317,train
RICE_008318,train
RICE_008319,train
RICE_008320,train
RICE_008321,train
RICE_008322,train
RICE_008323,train
RICE_008324,train
RICE_008325,train
RICE_008326,train
RICE_008327,train
RICE_008328,train
RICE_008329,train
RICE_008330,train
RICE_008331,train
RICE_008332,train
RICE_008333,train
RICE_008334,train
RICE_008335,train
RICE_008336,train
RICE_008337,train
RICE_008338,train
RICE_008339,train
RICE_008340,train
RICE_008341,train
RICE_008342,train
RICE_008343,train
RICE_008344,train
RICE_008345,train
RICE_008346,train
RICE_008347,train
RICE_008348,train
RICE_008349,train
RICE_008350,train
RICE_008351,train
RICE_008352,train
RICE_008353,train
RICE_008354,train
RICE_008355,train
RICE_008356,train
RICE_008357,train
RICE_008358,train
RICE_008359,train
RICE_008360,train
RICE_008361,train
RICE_008362,train
RICE_008363,train
RICE_008364,train
RICE_008365,train
RICE_008366,train
RICE_008367,train
RICE_008368,train
RICE_008369,train
RICE_008370,train
RICE_008371,train
RICE_008372,train
RICE_008373,train
RICE_008374,train
RICE_008375,train
RICE_008376,train
RICE_008377,train
RICE_008378,train
RICE_008379,train
RICE_008380,train
RICE_008381,train
RICE_008382,train
RICE_008383,train
RICE_008384,train
RICE_008385,train
RICE_008386,train
RICE_008387,train
RICE_008388,train
RICE_008389,train
RICE_008390,train
RICE_008391,train
RICE_008392,train
RICE_008393,train
RICE_008394,train
RICE_008395,train
RICE_008396,train
RICE_008397,train
RICE_008398,train
RICE_008399,train
RICE_008400,train
RICE_008401,train
RICE_008402,train
RICE_008403,train
RICE_008404,train
RICE_008405,train
RICE_008406,train
RICE_008407,train
RICE_008408,train
RICE_008409,train
RICE_008410,train
RICE_008411,train
RICE_008412,train
RICE_008413,train
RICE_008414,train
RICE_008415,train
RICE_008416,train
RICE_008417,train
RICE_008418,train
RICE_008419,train
RICE_008420,train
RICE_008421,train
RICE_008422,train
RICE_008423,train
RICE_008424,train
RICE_008425,train
RICE_008426,train
RICE_008427,train
RICE_008428,train
RICE_008429,train
RICE_008430,train
RICE_008431,train
RICE_008432,train
RICE_008433,train
RICE_008434,train
RICE_008435,train
RICE_008436,train
RICE_008437,train
RICE_008438,train
RICE_008439,train
RICE_008440,train
RICE_008441,train
RICE_008442,train
RICE_008443,train
RICE_008444,train
RICE_008445,train
RICE_008446,train
RICE_008447,train
RICE_008448,train
RICE_008449,train
RICE_008450,train
RICE_008451,train
RICE_008452,train
RICE_008453,train
RICE_008454,train
RICE_008455,train
RICE_008456,train
RICE_008457,train
RICE_008458,train
RICE_008459,train
RICE_008460,train
RICE_008461,train
RICE_008462,train
RICE_008463,train
RICE_008464,train
RICE_008465,train
RICE_008466,train
RICE_008467,train
RICE_008468,train
RICE_008469,train
RICE_008470,train
RICE_008471,train
RICE_008472,train
RICE_008473,train
RICE_008474,train
RICE_008475,train
RICE_008476,train
RICE_008477,train
RICE_008478,train
RICE_008479,train
RICE_008480,train
RICE_008481,train
RICE_008482,train
RICE_008483,train
RICE_008484,train
RICE_008485,train
RICE_008486,train
RICE_008487,train
RICE_008488,train
RICE_008489,train
RICE_008490,train
RICE_008491,train
RICE_008492,train
RICE_008493,train
RICE_008494,train
RICE_008495,train
RICE_008496,train
RICE_008497,train
RICE_008498,train
RICE_008499,train
RICE_008500,train
RICE_008501,train
RICE_008502,train
RICE_008503,train
RICE_008504,train
RICE_008505,train
RICE_008506,train
RICE_008507,train
RICE_008508,train
RICE_008509,train
RICE_008510,train
RICE_008511,train
RICE_008512,train
RICE_008513,train
RICE_008514,train
RICE_008515,train
RICE_008516,train
RICE_008517,train
RICE_008518,train
RICE_008519,train
RICE_008520,train
RICE_008521,train
RICE_008522,train
RICE_008523,train
RICE_008524,train
RICE_008525,train
RICE_008526,train
RICE_008527,train
RICE_008528,train
RICE_008529,train
RICE_008530,train
RICE_008531,train
RICE_008532,train
RICE_008533,train
RICE_008534,train
RICE_008535,train
RICE_008536,train
RICE_008537,train
RICE_008538,train
RICE_008539,train
RICE_008540,train
RICE_008541,train
RICE_008542,train
RICE_008543,train
RICE_008544,train
RICE_008545,train
RICE_008546,train
RICE_008547,train
RICE_008548,train
RICE_008549,train
RICE_008550,train
RICE_008551,train
RICE_008552,train
RICE_008553,train
RICE_008554,train
RICE_008555,train
RICE_008556,train
RICE_008557,train
RICE_008558,train
RICE_008559,train
RICE_008560,train
RICE_008561,train
RICE_008562,train
RICE_008563,train
RICE_008564,train
RICE_008565,train
RICE_008566,train
RICE_008567,train
RICE_008568,train
RICE_008569,train
RICE_008570,train
RICE_008571,train
RICE_008572,train
RICE_008573,train
RICE_008574,train
RICE_008575,train
RICE_008576,train
RICE_008577,train
RICE_008578,train
RICE_008579,train
RICE_008580,train
RICE_008581,train
RICE_008582,train
RICE_008583,train
RICE_008584,train
RICE_008585,train
RICE_008586,train
RICE_008587,train
RICE_008588,train
RICE_008589,train
RICE_008590,train
RICE_008591,train
RICE_008592,train
RICE_008593,train
RICE_008594,train
RICE_008595,train
RICE_008596,train
RICE_008597,train
RICE_008598,train
RICE_008599,train
RICE_008600,train
RICE_008601,train
RICE_008602,train
RICE_008603,train
RICE_008604,train
RICE_008605,train
RICE_008606,train
RICE_008607,train
RICE_008608,train
RICE_008609,train
RICE_008610,train
RICE_008611,train
RICE_008612,train
RICE_008613,train
RICE_008614,train
RICE_008615,train
RICE_008616,train
RICE_008617,train
RICE_008618,train
RICE_008619,train
RICE_008620,train
RICE_008621,train
RICE_008622,train
RICE_008623,train
RICE_008624,train
RICE_008625,train
RICE_008626,train
RICE_008627,train
RICE_008628,train
RICE_008629,train
RICE_008630,train
RICE_008631,train
RICE_008632,train
RICE_008633,train
RICE_008634,train
RICE_008635,train
RICE_008636,train
RICE_008637,train
RICE_008638,train
RICE_008639,train
RICE_008640,train
RICE_008641,train
RICE_008642,train
RICE_008643,train
RICE_008644,train
RICE_008645,train
RICE_008646,train
RICE_008647,train
RICE_008648,train
RICE_008649,train
RICE_008650,train
RICE_008651,train
RICE_008652,train
RICE_008653,train
RICE_008654,train
RICE_008655,train
RICE_008656,train
RICE_008657,train
RICE_008658,train
RICE_008659,train
RICE_008660,train
RICE_008661,train
RICE_008662,train
RICE_008663,train
RICE_008664,train
RICE_008665,train
RICE_008666,train
RICE_008667,train
RICE_008668,train
RICE_008669,train
RICE_008670,train
RICE_008671,train
RICE_008672,train
RICE_008673,train
RICE_008674,train
RICE_008675,train
RICE_008676,train
RICE_008677,train
RICE_008678,train
RICE_008679,train
RICE_008680,train
RICE_008681,train
RICE_008682,train
RICE_008683,train
RICE_008684,train
RICE_008685,train
RICE_008686,train
RICE_008687,train
RICE_008688,train
RICE_008689,train
RICE_008690,train
RICE_008691,train
RICE_008692,train
RICE_008693,train
RICE_008694,train
RICE_008695,train
RICE_008696,train
RICE_008697,train
RICE_008698,train
RICE_008699,train
RICE_008700,train
RICE_008701,train
RICE_008702,train
RICE_008703,train
RICE_008704,train
RICE_008705,train
RICE_008706,train
RICE_008707,train
RICE_008708,train
RICE_008709,train
RICE_008710,train
RICE_008711,train
RICE_008712,train
RICE_008713,train
RICE_008714,train
RICE_008715,train
RICE_008716,train
RICE_008717,train
RICE_008718,train
RICE_008719,train
RICE_008720,train
RICE_008721,train
RICE_008722,train
RICE_008723,train
RICE_008724,train
RICE_008725,train
RICE_008726,train
RICE_008727,train
RICE_008728,train
RICE_008729,train
RICE_008730,train
RICE_008731,train
RICE_008732,train
RICE_008733,train
RICE_008734,train
RICE_008735,train
RICE_008736,train
RICE_008737,train
RICE_008738,train
RICE_008739,train
RICE_008740,train
RICE_008741,train
RICE_008742,train
RICE_008743,train
RICE_008744,train
RICE_008745,train
RICE_008746,train
RICE_008747,train
RICE_008748,train
RICE_008749,train
RICE_008750,train
RICE_008751,train
RICE_008752,train
RICE_008753,train
RICE_008754,train
RICE_008755,train
RICE_008756,train
RICE_008757,train
RICE_008758,train
RICE_008759,train
RICE_008760,train
RICE_008761,train
RICE_008762,train
RICE_008763,train
RICE_008764,train
RICE_008765,train
RICE_008766,train
RICE_008767,train
RICE_008768,train
RICE_008769,train
RICE_008770,train
RICE_008771,train
RICE_008772,train
RICE_008773,train
RICE_008774,train
RICE_008775,train
RICE_008776,train
RICE_008777,train
RICE_008778,train
RICE_008779,train
RICE_008780,train
RICE_008781,train
RICE_008782,train
RICE_008783,train
RICE_008784,train
RICE_008785,train
RICE_008786,train
RICE_008787,train
RICE_008788,train
RICE_008789,train
RICE_008790,train
RICE_008791,train
RICE_008792,train
RICE_008793,train
RICE_008794,train
RICE_008795,train
RICE_008796,train
RICE_008797,train
RICE_008798,train
RICE_008799,train
RICE_008800,train
RICE_008801,train
RICE_008802,train
RICE_008803,train
RICE_008804,train
RICE_008805,train
RICE_008806,train
RICE_008807,train
RICE_008808,train
RICE_008809,train
RICE_008810,train
RICE_008811,train
RICE_008812,train
RICE_008813,train
RICE_008814,train
RICE_008815,train
RICE_008816,train
RICE_008817,train
RICE_008818,train
RICE_008819,train
RICE_008820,train
RICE_008821,train
RICE_008822,train
RICE_008823,train
RICE_008824,train
RICE_008825,train
RICE_008826,train
RICE_008827,train
RICE_008828,train
RICE_008829,train
RICE_008830,train
RICE_008831,train
RICE_008832,train
RICE_008833,train
RICE_008834,train
RICE_008835,train
RICE_008836,train
RICE_008837,train
RICE_008838,train
RICE_008839,train
RICE_008840,train
RICE_008841,train
RICE_008842,train
RICE_008843,train
RICE_008844,train
RICE_008845,train
RICE_008846,train
RICE_008847,train
RICE_008848,train
RICE_008849,train
RICE_008850,train
RICE_008851,train
RICE_008852,train
RICE_008853,train
RICE_008854,train
RICE_008855,train
RICE_008856,train
RICE_008857,train
RICE_008858,train
RICE_008859,train
RICE_008860,train
RICE_008861,train
RICE_008862,train
RICE_008863,train
RICE_008864,train
RICE_008865,train
RICE_008866,train
RICE_008867,train
RICE_008868,train
RICE_008869,train
RICE_008870,train
RICE_008871,train
RICE_008872,train
RICE_008873,train
RICE_008874,train
RICE_008875,train
RICE_008876,train
RICE_008877,train
RICE_008878,train
RICE_008879,train
RICE_008880,train
RICE_008881,train
RICE_008882,train
RICE_008883,train
RICE_008884,train
RICE_008885,train
RICE_008886,train
RICE_008887,train
RICE_008888,train
RICE_008889,train
RICE_008890,train
RICE_008891,train
RICE_008892,train
RICE_008893,train
RICE_008894,train
RICE_008895,train
RICE_008896,train
RICE_008897,train
RICE_008898,train
RICE_008899,train
RICE_008900,train
RICE_008901,train
RICE_008902,train
RICE_008903,train
RICE_008904,train
RICE_008905,train
RICE_008906,train
RICE_008907,train
RICE_008908,train
RICE_008909,train
RICE_008910,train
RICE_008911,train
RICE_008912,train
RICE_008913,train
RICE_008914,train
RICE_008915,train
RICE_008916,train
RICE_008917,train
RICE_008918,train
RICE_008919,train
RICE_008920,train
RICE_008921,train
RICE_008922,train
RICE_008923,train
RICE_008924,train
RICE_008925,train
RICE_008926,train
RICE_008927,train
RICE_008928,train
RICE_008929,train
RICE_008930,train
RICE_008931,train
RICE_008932,train
RICE_008933,train
RICE_008934,train
RICE_008935,train
RICE_008936,train
RICE_008937,train
RICE_008938,train
RICE_008939,train
RICE_008940,train
RICE_008941,train
RICE_008942,train
RICE_008943,train
RICE_008944,train
RICE_008945,train
RICE_008946,train
RICE_008947,train
RICE_008948,train
RICE_008949,train
RICE_008950,train
RICE_008951,train
RICE_008952,train
RICE_008953,train
RICE_008954,train
RICE_008955,train
RICE_008956,train
RICE_008957,train
RICE_008958,train
RICE_008959,train
RICE_008960,train
RICE_008961,train
RICE_008962,train
RICE_008963,train
RICE_008964,train
RICE_008965,train
RICE_008966,train
RICE_008967,train
RICE_008968,train
RICE_008969,train
RICE_008970,train
RICE_008971,train
RICE_008972,train
RICE_008973,train
RICE_008974,train
RICE_008975,train
RICE_008976,train
RICE_008977,train
RICE_008978,train
RICE_008979,train
RICE_008980,train
RICE_008981,train
RICE_008982,train
RICE_008983,train
RICE_008984,train
RICE_008985,train
RICE_008986,train
RICE_008987,train
RICE_008988,train
RICE_008989,train
RICE_008990,train
RICE_008991,train
RICE_008992,train
RICE_008993,train
RICE_008994,train
RICE_008995,train
RICE_008996,train
RICE_008997,train
RICE_008998,train
RICE_008999,train
RICE_009000,train
RICE_009001,train
RICE_009002,train
RICE_009003,train
RICE_009004,train
RICE_009005,train
RICE_009006,train
RICE_009007,train
RICE_009008,train
RICE_009009,train
RICE_009010,train
RICE_009011,train
RICE_009012,train
RICE_009013,train
RICE_009014,train
RICE_009015,train
RICE_009016,train
RICE_009017,train
RICE_009018,train
RICE_009019,train
RICE_009020,train
RICE_009021,train
RICE_009022,train
RICE_009023,train
RICE_009024,train
RICE_009025,train
RICE_009026,train
RICE_009027,train
RICE_009028,train
RICE_009029,train
RICE_009030,train
RICE_009031,train
RICE_009032,train
RICE_009033,train
RICE_009034,train
RICE_009035,train
RICE_009036,train
RICE_009037,train
RICE_009038,train
RICE_009039,train
RICE_009040,train
RICE_009041,train
RICE_009042,train
RICE_009043,train
RICE_009044,train
RICE_009045,train
RICE_009046,train
RICE_009047,train
RICE_009048,train
RICE_009049,train
RICE_009050,train
RICE_009051,train
RICE_009052,train
RICE_009053,train
RICE_009054,train
RICE_009055,train
RICE_009056,train
RICE_009057,train
RICE_009058,train
RICE_009059,train
RICE_009060,train
RICE_009061,train
RICE_009062,train
RICE_009063,train
RICE_009064,train
RICE_009065,train
RICE_009066,train
RICE_009067,train
RICE_009068,train
RICE_009069,train
RICE_009070,train
RICE_009071,train
RICE_009072,train
RICE_009073,train
RICE_009074,train
RICE_009075,train
RICE_009076,train
RICE_009077,train
RICE_009078,train
RICE_009079,train
RICE_009080,train
RICE_009081,train
RICE_009082,train
RICE_009083,train
RICE_009084,train
RICE_009085,train
RICE_009086,train
RICE_009087,train
RICE_009088,train
RICE_009089,train
RICE_009090,train
RICE_009091,train
RICE_009092,train
RICE_009093,train
RICE_009094,train
RICE_009095,train
RICE_009096,train
RICE_009097,train
RICE_009098,train
RICE_009099,train
RICE_009100,train
RICE_009101,train
RICE_009102,train
RICE_009103,train
RICE_009104,train
RICE_009105,train
RICE_009106,train
RICE_009107,train
RICE_009108,train
RICE_009109,train
RICE_009110,train
RICE_009111,train
RICE_009112,train
RICE_009113,train
RICE_009114,train
RICE_009115,train
RICE_009116,train
RICE_009117,train
RICE_009118,train
RICE_009119,train
RICE_009120,train
RICE_009121,train
RICE_009122,train
RICE_009123,train
RICE_009124,train
RICE_009125,train
RICE_009126,train
RICE_009127,train
RICE_009128,train
RICE_009129,train
RICE_009130,train
RICE_009131,train
RICE_009132,train
RICE_009133,train
RICE_009134,train
RICE_009135,train
RICE_009136,train
RICE_009137,train
RICE_009138,train
RICE_009139,train
RICE_009140,train
RICE_009141,train
RICE_009142,train
RICE_009143,train
RICE_009144,train
RICE_009145,train
RICE_009146,train
RICE_009147,train
RICE_009148,train
RICE_009149,train
RICE_009150,train
RICE_009151,train
RICE_009152,train
RICE_009153,train
RICE_009154,train
RICE_009155,train
RICE_009156,train
RICE_009157,train
RICE_009158,train
RICE_009159,train
RICE_009160,train
RICE_009161,train
RICE_009162,train
RICE_009163,train
RICE_009164,train
RICE_009165,train
RICE_009166,train
RICE_009167,train
RICE_009168,train
RICE_009169,train
RICE_009170,train
RICE_009171,train
RICE_009172,train
RICE_009173,train
RICE_009174,train
RICE_009175,train
RICE_009176,train
RICE_009177,train
RICE_009178,train
RICE_009179,train
RICE_009180,train
RICE_009181,train
RICE_009182,train
RICE_009183,train
RICE_009184,train
RICE_009185,train
RICE_009186,train
RICE_009187,train
RICE_009188,train
RICE_009189,train
RICE_009190,train
RICE_009191,train
RICE_009192,train
RICE_009193,train
RICE_009194,train
RICE_009195,train
RICE_009196,train
RICE_009197,train
RICE_009198,train
RICE_009199,train
RICE_009200,train
RICE_009201,train
RICE_009202,train
RICE_009203,train
RICE_009204,train
RICE_009205,train
RICE_009206,train
RICE_009207,train
RICE_009208,train
RICE_009209,train
RICE_009210,train
RICE_009211,train
RICE_009212,train
RICE_009213,train
RICE_009214,train
RICE_009215,train
RICE_009216,train
RICE_009217,train
RICE_009218,train
RICE_009219,train
RICE_009220,train
RICE_009221,train
RICE_009222,train
RICE_009223,train
RICE_009224,train
RICE_009225,train
RICE_009226,train
RICE_009227,train
RICE_009228,train
RICE_009229,train
RICE_009230,train
RICE_009231,train
RICE_009232,train
RICE_009233,train
RICE_009234,train
RICE_009235,train
RICE_009236,train
RICE_009237,train
RICE_009238,train
RICE_009239,train
RICE_009240,train
RICE_009241,train
RICE_009242,train
RICE_009243,train
RICE_009244,train
RICE_009245,train
RICE_009246,train
RICE_009247,train
RICE_009248,train
RICE_009249,train
RICE_009250,train
RICE_009251,train
RICE_009252,train
RICE_009253,train
RICE_009254,train
RICE_009255,train
RICE_009256,train
RICE_009257,train
RICE_009258,train
RICE_009259,train
RICE_009260,train
RICE_009261,train
RICE_009262,train
RICE_009263,train
RICE_009264,train
RICE_009265,train
RICE_009266,train
RICE_009267,train
RICE_009268,train
RICE_009269,train
RICE_009270,train
RICE_009271,train
RICE_009272,train
RICE_009273,train
RICE_009274,train
RICE_009275,train
RICE_009276,train
RICE_009277,train
RICE_009278,train
RICE_009279,train
RICE_009280,train
RICE_009281,train
RICE_009282,train
RICE_009283,train
RICE_009284,train
RICE_009285,train
RICE_009286,train
RICE_009287,train
RICE_009288,train
RICE_009289,train
RICE_009290,train
RICE_009291,train
RICE_009292,train
RICE_009293,train
RICE_009294,train
RICE_009295,train
RICE_009296,train
RICE_009297,train
RICE_009298,train
RICE_009299,train
RICE_009300,train
RICE_009301,train
RICE_009302,train
RICE_009303,train
RICE_009304,train
RICE_009305,train
RICE_009306,train
RICE_009307,train
RICE_009308,train
RICE_009309,train
RICE_009310,train
RICE_009311,train
RICE_009312,train
RICE_009313,train
RICE_009314,train
RICE_009315,train
RICE_009316,train
RICE_009317,train
RICE_009318,train
RICE_009319,train
RICE_009320,train
RICE_009321,train
RICE_009322,train
RICE_009323,train
RICE_009324,train
RICE_009325,train
RICE_009326,train
RICE_009327,train
RICE_009328,train
RICE_009329,train
RICE_009330,train
RICE_009331,train
RICE_009332,train
RICE_009333,train
RICE_009334,train
RICE_009335,train
RICE_009336,train
RICE_009337,train
RICE_009338,train
RICE_009339,train
RICE_009340,train
RICE_009341,train
RICE_009342,train
RICE_009343,train
RICE_009344,train
RICE_009345,train
RICE_009346,train
RICE_009347,train
RICE_009348,train
RICE_009349,train
RICE_009350,train
RICE_009351,train
RICE_009352,train
RICE_009353,train
RICE_009354,train
RICE_009355,train
RICE_009356,train
RICE_009357,train
RICE_009358,train
RICE_009359,train
RICE_009360,train
RICE_009361,train
RICE_009362,train
RICE_009363,train
RICE_009364,train
RICE_009365,train
RICE_009366,train
RICE_009367,train
RICE_009368,train
RICE_009369,train
RICE_009370,train
RICE_009371,train
RICE_009372,train
RICE_009373,train
RICE_009374,train
RICE_009375,train
RICE_009376,train
RICE_009377,train
RICE_009378,train
RICE_009379,train
RICE_009380,train
RICE_009381,train
RICE_009382,train
RICE_009383,train
RICE_009384,train
RICE_009385,train
RICE_009386,train
RICE_009387,train
RICE_009388,train
RICE_009389,train
RICE_009390,train
RICE_009391,train
RICE_009392,train
RICE_009393,train
RICE_009394,train
RICE_009395,train
RICE_009396,train
RICE_009397,train
RICE_009398,train
RICE_009399,train
RICE_009400,train
RICE_009401,train
RICE_009402,train
RICE_009403,train
RICE_009404,train
RICE_009405,train
RICE_009406,train
RICE_009407,train
RICE_009408,train
RICE_009409,train
RICE_009410,train
RICE_009411,train
RICE_009412,train
RICE_009413,train
RICE_009414,train
RICE_009415,train
RICE_009416,train
RICE_009417,train
RICE_009418,train
RICE_009419,train
RICE_009420,train
RICE_009421,train
RICE_009422,train
RICE_009423,train
RICE_009424,train
RICE_009425,train
RICE_009426,train
RICE_009427,train
RICE_009428,train
RICE_009429,train
RICE_009430,train
RICE_009431,train
RICE_009432,train
RICE_009433,train
RICE_009434,train
RICE_009435,train
RICE_009436,train
RICE_009437,train
RICE_009438,train
RICE_009439,train
RICE_009440,train
RICE_009441,train
RICE_009442,train
RICE_009443,train
RICE_009444,train
RICE_009445,train
RICE_009446,train
RICE_009447,train
RICE_009448,train
RICE_009449,train
RICE_009450,train
RICE_009451,train
RICE_009452,train
RICE_009453,train
RICE_009454,train
RICE_009455,train
RICE_009456,train
RICE_009457,train
RICE_009458,train
RICE_009459,train
RICE_009460,train
RICE_009461,train
RICE_009462,train
RICE_009463,train
RICE_009464,train
RICE_009465,train
RICE_009466,train
RICE_009467,train
RICE_009468,train
RICE_009469,train
RICE_009470,train
RICE_009471,train
RICE_009472,train
RICE_009473,train
RICE_009474,train
RICE_009475,train
RICE_009476,train
RICE_009477,train
RICE_009478,train
RICE_009479,train
RICE_009480,train
RICE_009481,train
RICE_009482,train
RICE_009483,train
RICE_009484,train
RICE_009485,train
RICE_009486,train
RICE_009487,train
RICE_009488,train
RICE_009489,train
RICE_009490,train
RICE_009491,train
RICE_009492,train
RICE_009493,train
RICE_009494,train
RICE_009495,train
RICE_009496,train
RICE_009497,train
RICE_009498,train
RICE_009499,train
RICE_009500,train
RICE_009501,train
RICE_009502,train
RICE_009503,train
RICE_009504,train
RICE_009505,train
RICE_009506,train
RICE_009507,train
RICE_009508,train
RICE_009509,train
RICE_009510,train
RICE_009511,train
RICE_009512,train
RICE_009513,train
RICE_009514,train
RICE_009515,train
RICE_009516,train
RICE_009517,train
RICE_009518,train
RICE_009519,train
RICE_009520,train
RICE_009521,train
RICE_009522,train
RICE_009523,train
RICE_009524,train
RICE_009525,train
RICE_009526,train
RICE_009527,train
RICE_009528,train
RICE_009529,train
RICE_009530,train
RICE_009531,train
RICE_009532,train
RICE_009533,train
RICE_009534,train
RICE_009535,train
RICE_009536,train
RICE_009537,train
RICE_009538,train
RICE_009539,train
RICE_009540,train
RICE_009541,train
RICE_009542,train
RICE_009543,train
RICE_009544,train
RICE_009545,train
RICE_009546,train
RICE_009547,train
RICE_009548,train
RICE_009549,train
RICE_009550,train
RICE_009551,train
RICE_009552,train
RICE_009553,train
RICE_009554,train
RICE_009555,train
RICE_009556,train
RICE_009557,train
RICE_009558,train
RICE_009559,train
RICE_009560,train
RICE_009561,train
RICE_009562,train
RICE_009563,train
RICE_009564,train
RICE_009565,train
RICE_009566,train
RICE_009567,train
RICE_009568,train
RICE_009569,train
RICE_009570,train
RICE_009571,train
RICE_009572,train
RICE_009573,train
RICE_009574,train
RICE_009575,train
RICE_009576,train
RICE_009577,train
RICE_009578,train
RICE_009579,train
RICE_009580,train
RICE_009581,train
RICE_009582,train
RICE_009583,train
RICE_009584,train
RICE_009585,train
RICE_009586,train
RICE_009587,train
RICE_009588,train
RICE_009589,train
RICE_009590,train
RICE_009591,train
RICE_009592,train
RICE_009593,train
RICE_009594,train
RICE_009595,train
RICE_009596,train
RICE_009597,train
RICE_009598,train
RICE_009599,train
RICE_009600,train
RICE_009601,train
RICE_009602,train
RICE_009603,train
RICE_009604,train
RICE_009605,train
RICE_009606,train
RICE_009607,train
RICE_009608,train
RICE_009609,train
RICE_009610,train
RICE_009611,train
RICE_009612,train
RICE_009613,train
RICE_009614,train
RICE_009615,train
RICE_009616,train
RICE_009617,train
RICE_009618,train
RICE_009619,train
RICE_009620,train
RICE_009621,train
RICE_009622,train
RICE_009623,train
RICE_009624,train
RICE_009625,train
RICE_009626,train
RICE_009627,train
RICE_009628,train
RICE_009629,train
RICE_009630,train
RICE_009631,train
RICE_009632,train
RICE_009633,train
RICE_009634,train
RICE_009635,train
RICE_009636,train
RICE_009637,train
RICE_009638,train
RICE_009639,train
RICE_009640,train
RICE_009641,train
RICE_009642,train
RICE_009643,train
RICE_009644,train
RICE_009645,train
RICE_009646,train
RICE_009647,train
RICE_009648,train
RICE_009649,train
RICE_009650,train
RICE_009651,train
RICE_009652,train
RICE_009653,train
RICE_009654,train
RICE_009655,train
RICE_009656,train
RICE_009657,train
RICE_009658,train
RICE_009659,train
RICE_009660,train
RICE_009661,train
RICE_009662,train
RICE_009663,train
RICE_009664,train
RICE_009665,train
RICE_009666,train
RICE_009667,train
RICE_009668,train
RICE_009669,train
RICE_009670,train
RICE_009671,train
RICE_009672,train
RICE_009673,train
RICE_009674,train
RICE_009675,train
RICE_009676,train
RICE_009677,train
RICE_009678,train
RICE_009679,train
RICE_009680,train
RICE_009681,train
RICE_009682,train
RICE_009683,train
RICE_009684,train
RICE_009685,train
RICE_009686,train
RICE_009687,train
RICE_009688,train
RICE_009689,train
RICE_009690,train
RICE_009691,train
RICE_009692,train
RICE_009693,train
RICE_009694,train
RICE_009695,train
RICE_009696,train
RICE_009697,train
RICE_009698,train
RICE_009699,train
RICE_009700,train
RICE_009701,train
RICE_009702,train
RICE_009703,train
RICE_009704,train
RICE_009705,train
RICE_009706,train
RICE_009707,train
RICE_009708,train
RICE_009709,train
RICE_009710,train
RICE_009711,train
RICE_009712,train
RICE_009713,train
RICE_009714,train
RICE_009715,train
RICE_009716,train
RICE_009717,train
RICE_009718,train
RICE_009719,train
RICE_009720,train
RICE_009721,train
RICE_009722,train
RICE_009723,train
RICE_009724,train
RICE_009725,train
RICE_009726,train
RICE_009727,train
RICE_009728,train
RICE_009729,train
RICE_009730,train
RICE_009731,train
RICE_009732,train
RICE_009733,train
RICE_009734,train
RICE_009735,train
RICE_009736,train
RICE_009737,train
RICE_009738,train
RICE_009739,train
RICE_009740,train
RICE_009741,train
RICE_009742,train
RICE_009743,train
RICE_009744,train
RICE_009745,train
RICE_009746,train
RICE_009747,train
RICE_009748,train
RICE_009749,train
RICE_009750,train
RICE_009751,train
RICE_009752,train
RICE_009753,train
RICE_009754,train
RICE_009755,train
RICE_009756,train
RICE_009757,train
RICE_009758,train
RICE_009759,train
RICE_009760,train
RICE_009761,train
RICE_009762,train
RICE_009763,train
RICE_009764,train
RICE_009765,train
RICE_009766,train
RICE_009767,train
RICE_009768,train
RICE_009769,train
RICE_009770,train
RICE_009771,train
RICE_009772,train
RICE_009773,train
RICE_009774,train
RICE_009775,train
RICE_009776,train
RICE_009777,train
RICE_009778,train
RICE_009779,train
RICE_009780,train
RICE_009781,train
RICE_009782,train
RICE_009783,train
RICE_009784,train
RICE_009785,train
RICE_009786,train
RICE_009787,train
RICE_009788,train
RICE_009789,train
RICE_009790,train
RICE_009791,train
RICE_009792,train
RICE_009793,train
RICE_009794,train
RICE_009795,train
RICE_009796,train
RICE_009797,train
RICE_009798,train
RICE_009799,train
RICE_009800,train
RICE_009801,train
RICE_009802,train
RICE_009803,train
RICE_009804,train
RICE_009805,train
RICE_009806,train
RICE_009807,train
RICE_009808,train
RICE_009809,train
RICE_009810,train
RICE_009811,train
RICE_009812,train
RICE_009813,train
RICE_009814,train
RICE_009815,train
RICE_009816,train
RICE_009817,train
RICE_009818,train
RICE_009819,train
RICE_009820,train
RICE_009821,train
RICE_009822,train
RICE_009823,train
RICE_009824,train
RICE_009825,train
RICE_009826,train
RICE_009827,train
RICE_009828,train
RICE_009829,train
RICE_009830,train
RICE_009831,train
RICE_009832,train
RICE_009833,train
RICE_009834,train
RICE_009835,train
RICE_009836,train
RICE_009837,train
RICE_009838,train
RICE_009839,train
RICE_009840,train
RICE_009841,train
RICE_009842,train
RICE_009843,train
RICE_009844,train
RICE_009845,train
RICE_009846,train
RICE_009847,train
RICE_009848,train
RICE_009849,train
RICE_009850,train
RICE_009851,train
RICE_009852,train
RICE_009853,train
RICE_009854,train
RICE_009855,train
RICE_009856,train
RICE_009857,train
RICE_009858,train
RICE_009859,train
RICE_009860,train
RICE_009861,train
RICE_009862,train
RICE_009863,train
RICE_009864,train
RICE_009865,train
RICE_009866,train
RICE_009867,train
RICE_009868,train
RICE_009869,train
RICE_009870,train
RICE_009871,train
RICE_009872,train
RICE_009873,train
RICE_009874,train
RICE_009875,train
RICE_009876,train
RICE_009877,train
RICE_009878,train
RICE_009879,train
RICE_009880,train
RICE_009881,train
RICE_009882,train
RICE_009883,train
RICE_009884,train
RICE_009885,train
RICE_009886,train
RICE_009887,train
RICE_009888,train
RICE_009889,train
RICE_009890,train
RICE_009891,train
RICE_009892,train
RICE_009893,train
RICE_009894,train
RICE_009895,train
RICE_009896,train
RICE_009897,train
RICE_009898,train
RICE_009899,train
RICE_009900,train
RICE_009901,train
RICE_009902,train
RICE_009903,train
RICE_009904,train
RICE_009905,train
RICE_009906,train
RICE_009907,train
RICE_009908,train
RICE_009909,train
RICE_009910,train
RICE_009911,train
RICE_009912,train
RICE_009913,train
RICE_009914,train
RICE_009915,train
RICE_009916,train
RICE_009917,train
RICE_009918,train
RICE_009919,train
RICE_009920,train
RICE_009921,train
RICE_009922,train
RICE_009923,train
RICE_009924,train
RICE_009925,train
RICE_009926,train
RICE_009927,train
RICE_009928,train
RICE_009929,train
RICE_009930,train
RICE_009931,train
RICE_009932,train
RICE_009933,train
RICE_009934,validation
RICE_009935,validation
RICE_009936,validation
RICE_009937,validation
RICE_009938,validation
RICE_009939,validation
RICE_009940,validation
RICE_009941,validation
RICE_009942,validation
RICE_009943,validation
RICE_009944,validation
RICE_009945,validation
RICE_009946,validation
RICE_009947,validation
RICE_009948,validation
RICE_009949,validation
RICE_009950,validation
RICE_009951,validation
RICE_009952,validation
RICE_009953,validation
RICE_009954,validation
RICE_009955,validation
RICE_009956,validation
RICE_009957,validation
RICE_009958,validation
RICE_009959,validation
RICE_009960,validation
RICE_009961,validation
RICE_009962,validation
RICE_009963,validation
RICE_009964,validation
RICE_009965,validation
RICE_009966,validation
RICE_009967,validation
RICE_009968,validation
RICE_009969,validation
RICE_009970,validation
RICE_009971,validation
RICE_009972,validation
RICE_009973,validation
RICE_009974,validation
RICE_009975,validation
RICE_009976,validation
RICE_009977,validation
RICE_009978,validation
RICE_009979,validation
RICE_009980,validation
RICE_009981,validation
RICE_009982,validation
RICE_009983,validation
RICE_009984,validation
RICE_009985,validation
RICE_009986,validation
RICE_009987,validation
RICE_009988,validation
RICE_009989,validation
RICE_009990,validation
RICE_009991,validation
RICE_009992,validation
RICE_009993,validation
RICE_009994,validation
RICE_009995,validation
RICE_009996,validation
RICE_009997,validation
RICE_009998,validation
RICE_009999,validation
RICE_010000,validation
RICE_010001,validation
RICE_010002,validation
RICE_010003,validation
RICE_010004,validation
RICE_010005,validation
RICE_010006,validation
RICE_010007,validation
RICE_010008,validation
RICE_010009,validation
RICE_010010,validation
RICE_010011,validation
RICE_010012,validation
RICE_010013,validation
RICE_010014,validation
RICE_010015,validation
RICE_010016,validation
RICE_010017,validation
RICE_010018,validation
RICE_010019,validation
RICE_010020,validation
RICE_010021,validation
RICE_010022,validation
RICE_010023,validation
RICE_010024,validation
RICE_010025,validation
RICE_010026,validation
RICE_010027,validation
RICE_010028,validation
RICE_010029,validation
RICE_010030,validation
RICE_010031,validation
RICE_010032,validation
RICE_010033,validation
RICE_010034,validation
RICE_010035,validation
RICE_010036,validation
RICE_010037,validation
RICE_010038,validation
RICE_010039,validation
RICE_010040,validation
RICE_010041,validation
RICE_010042,validation
RICE_010043,validation
RICE_010044,validation
RICE_010045,validation
RICE_010046,validation
RICE_010047,validation
RICE_010048,validation
RICE_010049,validation
RICE_010050,validation
RICE_010051,validation
RICE_010052,validation
RICE_010053,validation
RICE_010054,validation
RICE_010055,validation
RICE_010056,validation
RICE_010057,validation
RICE_010058,validation
RICE_010059,validation
RICE_010060,validation
RICE_010061,validation
RICE_010062,validation
RICE_010063,validation
RICE_010064,validation
RICE_010065,validation
RICE_010066,validation
RICE_010067,validation
RICE_010068,validation
RICE_010069,validation
RICE_010070,validation
RICE_010071,validation
RICE_010072,validation
RICE_010073,validation
RICE_010074,validation
RICE_010075,validation
RICE_010076,validation
RICE_010077,validation
RICE_010078,validation
RICE_010079,validation
RICE_010080,validation
RICE_010081,validation
RICE_010082,validation
RICE_010083,validation
RICE_010084,validation
RICE_010085,validation
RICE_010086,validation
RICE_010087,validation
RICE_010088,validation
RICE_010089,validation
RICE_010090,validation
RICE_010091,validation
RICE_010092,validation
RICE_010093,validation
RICE_010094,validation
RICE_010095,validation
RICE_010096,validation
RICE_010097,validation
RICE_010098,validation
RICE_010099,validation
RICE_010100,validation
RICE_010101,validation
RICE_010102,validation
RICE_010103,validation
RICE_010104,validation
RICE_010105,validation
RICE_010106,validation
RICE_010107,validation
RICE_010108,validation
RICE_010109,validation
RICE_010110,validation
RICE_010111,validation
RICE_010112,validation
RICE_010113,validation
RICE_010114,validation
RICE_010115,validation
RICE_010116,validation
RICE_010117,validation
RICE_010118,validation
RICE_010119,validation
RICE_010120,validation
RICE_010121,validation
RICE_010122,validation
RICE_010123,validation
RICE_010124,validation
RICE_010125,validation
RICE_010126,validation
RICE_010127,validation
RICE_010128,validation
RICE_010129,validation
RICE_010130,validation
RICE_010131,validation
RICE_010132,validation
RICE_010133,validation
RICE_010134,validation
RICE_010135,validation
RICE_010136,validation
RICE_010137,validation
RICE_010138,validation
RICE_010139,validation
RICE_010140,validation
RICE_010141,validation
RICE_010142,validation
RICE_010143,validation
RICE_010144,validation
RICE_010145,validation
RICE_010146,validation
RICE_010147,validation
RICE_010148,validation
RICE_010149,validation
RICE_010150,validation
RICE_010151,validation
RICE_010152,validation
RICE_010153,validation
RICE_010154,validation
RICE_010155,validation
RICE_010156,validation
RICE_010157,validation
RICE_010158,validation
RICE_010159,validation
RICE_010160,validation
RICE_010161,validation
RICE_010162,validation
RICE_010163,validation
RICE_010164,validation
RICE_010165,validation
RICE_010166,validation
RICE_010167,validation
RICE_010168,validation
RICE_010169,validation
RICE_010170,validation
RICE_010171,validation
RICE_010172,validation
RICE_010173,validation
RICE_010174,validation
RICE_010175,validation
RICE_010176,validation
RICE_010177,validation
RICE_010178,validation
RICE_010179,validation
RICE_010180,validation
RICE_010181,validation
RICE_010182,validation
RICE_010183,validation
RICE_010184,validation
RICE_010185,validation
RICE_010186,validation
RICE_010187,validation
RICE_010188,validation
RICE_010189,validation
RICE_010190,validation
RICE_010191,validation
RICE_010192,validation
RICE_010193,validation
RICE_010194,validation
RICE_010195,validation
RICE_010196,validation
RICE_010197,validation
RICE_010198,validation
RICE_010199,validation
RICE_010200,validation
RICE_010201,validation
RICE_010202,validation
RICE_010203,validation
RICE_010204,validation
RICE_010205,validation
RICE_010206,validation
RICE_010207,validation
RICE_010208,validation
RICE_010209,validation
RICE_010210,validation
RICE_010211,validation
RICE_010212,validation
RICE_010213,validation
RICE_010214,validation
RICE_010215,validation
RICE_010216,validation
RICE_010217,validation
RICE_010218,validation
RICE_010219,validation
RICE_010220,validation
RICE_010221,validation
RICE_010222,validation
RICE_010223,validation
RICE_010224,validation
RICE_010225,validation
RICE_010226,validation
RICE_010227,validation
RICE_010228,validation
RICE_010229,validation
RICE_010230,validation
RICE_010231,validation
RICE_010232,validation
RICE_010233,validation
RICE_010234,validation
RICE_010235,validation
RICE_010236,validation
RICE_010237,validation
RICE_010238,validation
RICE_010239,validation
RICE_010240,validation
RICE_010241,validation
RICE_010242,validation
RICE_010243,validation
RICE_010244,validation
RICE_010245,validation
RICE_010246,validation
RICE_010247,validation
RICE_010248,validation
RICE_010249,validation
RICE_010250,validation
RICE_010251,validation
RICE_010252,validation
RICE_010253,validation
RICE_010254,validation
RICE_010255,validation
RICE_010256,validation
RICE_010257,validation
RICE_010258,validation
RICE_010259,validation
RICE_010260,validation
RICE_010261,validation
RICE_010262,validation
RICE_010263,validation
RICE_010264,validation
RICE_010265,validation
RICE_010266,validation
RICE_010267,validation
RICE_010268,validation
RICE_010269,validation
RICE_010270,validation
RICE_010271,validation
RICE_010272,validation
RICE_010273,validation
RICE_010274,validation
RICE_010275,validation
RICE_010276,validation
RICE_010277,validation
RICE_010278,validation
RICE_010279,validation
RICE_010280,validation
RICE_010281,validation
RICE_010282,validation
RICE_010283,validation
RICE_010284,validation
RICE_010285,validation
RICE_010286,validation
RICE_010287,validation
RICE_010288,validation
RICE_010289,validation
RICE_010290,validation
RICE_010291,validation
RICE_010292,validation
RICE_010293,validation
RICE_010294,validation
RICE_010295,validation
RICE_010296,validation
RICE_010297,validation
RICE_010298,validation
RICE_010299,validation
RICE_010300,validation
RICE_010301,validation
RICE_010302,validation
RICE_010303,validation
RICE_010304,validation
RICE_010305,validation
RICE_010306,validation
RICE_010307,validation
RICE_010308,validation
RICE_010309,validation
RICE_010310,validation
RICE_010311,validation
RICE_010312,validation
RICE_010313,validation
RICE_010314,validation
RICE_010315,validation
RICE_010316,validation
RICE_010317,validation
RICE_010318,validation
RICE_010319,validation
RICE_010320,validation
RICE_010321,validation
RICE_010322,validation
RICE_010323,validation
RICE_010324,validation
RICE_010325,validation
RICE_010326,validation
RICE_010327,validation
RICE_010328,validation
RICE_010329,validation
RICE_010330,validation
RICE_010331,validation
RICE_010332,validation
RICE_010333,validation
RICE_010334,validation
RICE_010335,validation
RICE_010336,validation
RICE_010337,validation
RICE_010338,validation
RICE_010339,validation
RICE_010340,validation
RICE_010341,validation
RICE_010342,validation
RICE_010343,validation
RICE_010344,validation
RICE_010345,validation
RICE_010346,validation
RICE_010347,validation
RICE_010348,validation
RICE_010349,validation
RICE_010350,validation
RICE_010351,validation
RICE_010352,validation
RICE_010353,validation
RICE_010354,validation
RICE_010355,validation
RICE_010356,validation
RICE_010357,validation
RICE_010358,validation
RICE_010359,validation
RICE_010360,validation
RICE_010361,validation
RICE_010362,validation
RICE_010363,validation
RICE_010364,validation
RICE_010365,validation
RICE_010366,validation
RICE_010367,validation
RICE_010368,validation
RICE_010369,validation
RICE_010370,validation
RICE_010371,validation
RICE_010372,validation
RICE_010373,validation
RICE_010374,validation
RICE_010375,validation
RICE_010376,validation
RICE_010377,validation
RICE_010378,validation
RICE_010379,validation
RICE_010380,validation
RICE_010381,validation
RICE_010382,validation
RICE_010383,validation
RICE_010384,validation
RICE_010385,validation
RICE_010386,validation
RICE_010387,validation
RICE_010388,validation
RICE_010389,validation
RICE_010390,validation
RICE_010391,validation
RICE_010392,validation
RICE_010393,validation
RICE_010394,validation
RICE_010395,validation
RICE_010396,validation
RICE_010397,validation
RICE_010398,validation
RICE_010399,validation
RICE_010400,validation
RICE_010401,validation
RICE_010402,validation
RICE_010403,validation
RICE_010404,validation
RICE_010405,validation
RICE_010406,validation
RICE_010407,validation
RICE_010408,validation
RICE_010409,validation
RICE_010410,validation
RICE_010411,validation
RICE_010412,validation
RICE_010413,validation
RICE_010414,validation
RICE_010415,validation
RICE_010416,validation
RICE_010417,validation
RICE_010418,validation
RICE_010419,validation
RICE_010420,validation
RICE_010421,validation
RICE_010422,validation
RICE_010423,validation
RICE_010424,validation
RICE_010425,validation
RICE_010426,validation
RICE_010427,validation
RICE_010428,validation
RICE_010429,validation
RICE_010430,validation
RICE_010431,validation
RICE_010432,validation
RICE_010433,validation
RICE_010434,validation
RICE_010435,validation
RICE_010436,validation
RICE_010437,validation
RICE_010438,validation
RICE_010439,validation
RICE_010440,validation
RICE_010441,validation
RICE_010442,validation
RICE_010443,validation
RICE_010444,validation
RICE_010445,validation
RICE_010446,validation
RICE_010447,validation
RICE_010448,validation
RICE_010449,validation
RICE_010450,validation
RICE_010451,validation
RICE_010452,validation
RICE_010453,validation
RICE_010454,validation
RICE_010455,validation
RICE_010456,validation
RICE_010457,validation
RICE_010458,validation
RICE_010459,validation
RICE_010460,validation
RICE_010461,validation
RICE_010462,validation
RICE_010463,validation
RICE_010464,validation
RICE_010465,validation
RICE_010466,validation
RICE_010467,validation
RICE_010468,validation
RICE_010469,validation
RICE_010470,validation
RICE_010471,validation
RICE_010472,validation
RICE_010473,validation
RICE_010474,validation
RICE_010475,validation
RICE_010476,validation
RICE_010477,validation
RICE_010478,validation
RICE_010479,validation
RICE_010480,validation
RICE_010481,validation
RICE_010482,validation
RICE_010483,validation
RICE_010484,validation
RICE_010485,validation
RICE_010486,validation
RICE_010487,validation
RICE_010488,validation
RICE_010489,validation
RICE_010490,validation
RICE_010491,validation
RICE_010492,validation
RICE_010493,validation
RICE_010494,validation
RICE_010495,validation
RICE_010496,validation
RICE_010497,validation
RICE_010498,validation
RICE_010499,validation
RICE_010500,validation
RICE_010501,validation
RICE_010502,validation
RICE_010503,validation
RICE_010504,validation
RICE_010505,validation
RICE_010506,validation
RICE_010507,validation
RICE_010508,validation
RICE_010509,validation
RICE_010510,validation
RICE_010511,validation
RICE_010512,validation
RICE_010513,validation
RICE_010514,validation
RICE_010515,validation
RICE_010516,validation
RICE_010517,validation
RICE_010518,validation
RICE_010519,validation
RICE_010520,validation
RICE_010521,validation
RICE_010522,validation
RICE_010523,validation
RICE_010524,validation
RICE_010525,validation
RICE_010526,validation
RICE_010527,validation
RICE_010528,validation
RICE_010529,validation
RICE_010530,validation
RICE_010531,validation
RICE_010532,validation
RICE_010533,validation
RICE_010534,validation
RICE_010535,validation
RICE_010536,validation
RICE_010537,validation
RICE_010538,validation
RICE_010539,validation
RICE_010540,validation
RICE_010541,validation
RICE_010542,validation
RICE_010543,validation
RICE_010544,validation
RICE_010545,validation
RICE_010546,validation
RICE_010547,validation
RICE_010548,validation
RICE_010549,validation
RICE_010550,validation
RICE_010551,validation
RICE_010552,validation
RICE_010553,validation
RICE_010554,validation
RICE_010555,validation
RICE_010556,validation
RICE_010557,validation
RICE_010558,validation
RICE_010559,validation
RICE_010560,validation
RICE_010561,validation
RICE_010562,validation
RICE_010563,validation
RICE_010564,validation
RICE_010565,validation
RICE_010566,validation
RICE_010567,validation
RICE_010568,validation
RICE_010569,validation
RICE_010570,validation
RICE_010571,validation
RICE_010572,validation
RICE_010573,validation
RICE_010574,validation
RICE_010575,validation
RICE_010576,validation
RICE_010577,validation
RICE_010578,validation
RICE_010579,validation
RICE_010580,validation
RICE_010581,validation
RICE_010582,validation
RICE_010583,validation
RICE_010584,validation
RICE_010585,validation
RICE_010586,validation
RICE_010587,validation
RICE_010588,validation
RICE_010589,validation
RICE_010590,validation
RICE_010591,validation
RICE_010592,validation
RICE_010593,validation
RICE_010594,validation
RICE_010595,validation
RICE_010596,validation
RICE_010597,validation
RICE_010598,validation
RICE_010599,validation
RICE_010600,validation
RICE_010601,validation
RICE_010602,validation
RICE_010603,validation
RICE_010604,validation
RICE_010605,validation
RICE_010606,validation
RICE_010607,validation
RICE_010608,validation
RICE_010609,validation
RICE_010610,validation
RICE_010611,validation
RICE_010612,validation
RICE_010613,validation
RICE_010614,validation
RICE_010615,validation
RICE_010616,validation
RICE_010617,validation
RICE_010618,validation
RICE_010619,validation
RICE_010620,validation
RICE_010621,validation
RICE_010622,validation
RICE_010623,validation
RICE_010624,validation
RICE_010625,validation
RICE_010626,validation
RICE_010627,validation
RICE_010628,validation
RICE_010629,validation
RICE_010630,validation
RICE_010631,validation
RICE_010632,validation
RICE_010633,validation
RICE_010634,validation
RICE_010635,validation
RICE_010636,validation
RICE_010637,validation
RICE_010638,validation
RICE_010639,validation
RICE_010640,validation
RICE_010641,validation
RICE_010642,validation
RICE_010643,validation
RICE_010644,validation
RICE_010645,validation
RICE_010646,validation
RICE_010647,validation
RICE_010648,validation
RICE_010649,validation
RICE_010650,validation
RICE_010651,validation
RICE_010652,validation
RICE_010653,validation
RICE_010654,validation
RICE_010655,validation
RICE_010656,validation
RICE_010657,validation
RICE_010658,validation
RICE_010659,validation
RICE_010660,validation
RICE_010661,validation
RICE_010662,validation
RICE_010663,validation
RICE_010664,validation
RICE_010665,validation
RICE_010666,validation
RICE_010667,validation
RICE_010668,validation
RICE_010669,validation
RICE_010670,validation
RICE_010671,validation
RICE_010672,validation
RICE_010673,validation
RICE_010674,validation
RICE_010675,validation
RICE_010676,validation
RICE_010677,validation
RICE_010678,validation
RICE_010679,validation
RICE_010680,validation
RICE_010681,validation
RICE_010682,validation
RICE_010683,validation
RICE_010684,validation
RICE_010685,validation
RICE_010686,validation
RICE_010687,validation
RICE_010688,validation
RICE_010689,validation
RICE_010690,validation
RICE_010691,validation
RICE_010692,validation
RICE_010693,validation
RICE_010694,validation
RICE_010695,validation
RICE_010696,validation
RICE_010697,validation
RICE_010698,validation
RICE_010699,validation
RICE_010700,validation
RICE_010701,validation
RICE_010702,validation
RICE_010703,validation
RICE_010704,validation
RICE_010705,validation
RICE_010706,validation
RICE_010707,validation
RICE_010708,validation
RICE_010709,validation
RICE_010710,validation
RICE_010711,validation
RICE_010712,validation
RICE_010713,validation
RICE_010714,validation
RICE_010715,validation
RICE_010716,validation
RICE_010717,validation
RICE_010718,validation
RICE_010719,validation
RICE_010720,validation
RICE_010721,validation
RICE_010722,validation
RICE_010723,validation
RICE_010724,validation
RICE_010725,validation
RICE_010726,validation
RICE_010727,validation
RICE_010728,validation
RICE_010729,validation
RICE_010730,validation
RICE_010731,validation
RICE_010732,validation
RICE_010733,validation
RICE_010734,validation
RICE_010735,validation
RICE_010736,validation
RICE_010737,validation
RICE_010738,validation
RICE_010739,validation
RICE_010740,validation
RICE_010741,validation
RICE_010742,validation
RICE_010743,validation
RICE_010744,validation
RICE_010745,validation
RICE_010746,validation
RICE_010747,validation
RICE_010748,validation
RICE_010749,validation
RICE_010750,validation
RICE_010751,validation
RICE_010752,validation
RICE_010753,validation
RICE_010754,validation
RICE_010755,validation
RICE_010756,validation
RICE_010757,validation
RICE_010758,validation
RICE_010759,validation
RICE_010760,validation
RICE_010761,validation
RICE_010762,validation
RICE_010763,validation
RICE_010764,validation
RICE_010765,validation
RICE_010766,validation
RICE_010767,validation
RICE_010768,validation
RICE_010769,validation
RICE_010770,validation
RICE_010771,validation
RICE_010772,validation
RICE_010773,validation
RICE_010774,validation
RICE_010775,validation
RICE_010776,validation
RICE_010777,validation
RICE_010778,validation
RICE_010779,validation
RICE_010780,validation
RICE_010781,validation
RICE_010782,validation
RICE_010783,validation
RICE_010784,validation
RICE_010785,validation
RICE_010786,validation
RICE_010787,validation
RICE_010788,validation
RICE_010789,validation
RICE_010790,validation
RICE_010791,validation
RICE_010792,validation
RICE_010793,validation
RICE_010794,validation
RICE_010795,validation
RICE_010796,validation
RICE_010797,validation
RICE_010798,validation
RICE_010799,validation
RICE_010800,validation
RICE_010801,validation
RICE_010802,validation
RICE_010803,validation
RICE_010804,validation
RICE_010805,validation
RICE_010806,validation
RICE_010807,validation
RICE_010808,validation
RICE_010809,validation
RICE_010810,validation
RICE_010811,validation
RICE_010812,validation
RICE_010813,validation
RICE_010814,validation
RICE_010815,validation
RICE_010816,validation
RICE_010817,validation
RICE_010818,validation
RICE_010819,validation
RICE_010820,validation
RICE_010821,validation
RICE_010822,validation
RICE_010823,validation
RICE_010824,validation
RICE_010825,validation
RICE_010826,validation
RICE_010827,validation
RICE_010828,validation
RICE_010829,validation
RICE_010830,validation
RICE_010831,validation
RICE_010832,validation
RICE_010833,validation
RICE_010834,validation
RICE_010835,validation
RICE_010836,validation
RICE_010837,validation
RICE_010838,validation
RICE_010839,validation
RICE_010840,validation
RICE_010841,validation
RICE_010842,validation
RICE_010843,validation
RICE_010844,validation
RICE_010845,validation
RICE_010846,validation
RICE_010847,validation
RICE_010848,validation
RICE_010849,validation
RICE_010850,validation
RICE_010851,validation
RICE_010852,validation
RICE_010853,validation
RICE_010854,validation
RICE_010855,validation
RICE_010856,validation
RICE_010857,validation
RICE_010858,validation
RICE_010859,validation
RICE_010860,validation
RICE_010861,validation
RICE_010862,validation
RICE_010863,validation
RICE_010864,validation
RICE_010865,validation
RICE_010866,validation
RICE_010867,validation
RICE_010868,validation
RICE_010869,validation
RICE_010870,validation
RICE_010871,validation
RICE_010872,validation
RICE_010873,validation
RICE_010874,validation
RICE_010875,validation
RICE_010876,validation
RICE_010877,validation
RICE_010878,validation
RICE_010879,validation
RICE_010880,validation
RICE_010881,validation
RICE_010882,validation
RICE_010883,validation
RICE_010884,validation
RICE_010885,validation
RICE_010886,validation
RICE_010887,validation
RICE_010888,validation
RICE_010889,validation
RICE_010890,validation
RICE_010891,validation
RICE_010892,validation
RICE_010893,validation
RICE_010894,validation
RICE_010895,validation
RICE_010896,validation
RICE_010897,validation
RICE_010898,validation
RICE_010899,validation
RICE_010900,validation
RICE_010901,validation
RICE_010902,validation
RICE_010903,validation
RICE_010904,validation
RICE_010905,validation
RICE_010906,validation
RICE_010907,validation
RICE_010908,validation
RICE_010909,validation
RICE_010910,validation
RICE_010911,validation
RICE_010912,validation
RICE_010913,validation
RICE_010914,validation
RICE_010915,validation
RICE_010916,validation
RICE_010917,validation
RICE_010918,validation
RICE_010919,validation
RICE_010920,validation
RICE_010921,validation
RICE_010922,validation
RICE_010923,validation
RICE_010924,validation
RICE_010925,validation
RICE_010926,validation
RICE_010927,validation
RICE_010928,validation
RICE_010929,validation
RICE_010930,validation
RICE_010931,validation
RICE_010932,validation
RICE_010933,validation
RICE_010934,validation
RICE_010935,validation
RICE_010936,validation
RICE_010937,validation
RICE_010938,validation
RICE_010939,validation
RICE_010940,validation
RICE_010941,validation
RICE_010942,validation
RICE_010943,validation
RICE_010944,validation
RICE_010945,validation
RICE_010946,validation
RICE_010947,validation
RICE_010948,validation
RICE_010949,validation
RICE_010950,validation
RICE_010951,validation
RICE_010952,validation
RICE_010953,validation
RICE_010954,validation
RICE_010955,validation
RICE_010956,test
RICE_010957,test
RICE_010958,test
RICE_010959,test
RICE_010960,test
RICE_010961,test
RICE_010962,test
RICE_010963,test
RICE_010964,test
RICE_010965,test
RICE_010966,test
RICE_010967,test
RICE_010968,test
RICE_010969,test
RICE_010970,test
RICE_010971,test
RICE_010972,test
RICE_010973,test
RICE_010974,test
RICE_010975,test
RICE_010976,test
RICE_010977,test
RICE_010978,test
RICE_010979,test
RICE_010980,test
RICE_010981,test
RICE_010982,test
RICE_010983,test
RICE_010984,test
RICE_010985,test
RICE_010986,test
RICE_010987,test
RICE_010988,test
RICE_010989,test
RICE_010990,test
RICE_010991,test
RICE_010992,test
RICE_010993,test
RICE_010994,test
RICE_010995,test
RICE_010996,test
RICE_010997,test
RICE_010998,test
RICE_010999,test
RICE_011000,test
RICE_011001,test
RICE_011002,test
RICE_011003,test
RICE_011004,test
RICE_011005,test
RICE_011006,test
RICE_011007,test
RICE_011008,test
RICE_011009,test
RICE_011010,test
RICE_011011,test
RICE_011012,test
RICE_011013,test
RICE_011014,test
RICE_011015,test
RICE_011016,test
RICE_011017,test
RICE_011018,test
RICE_011019,test
RICE_011020,test
RICE_011021,test
RICE_011022,test
RICE_011023,test
RICE_011024,test
RICE_011025,test
RICE_011026,test
RICE_011027,test
RICE_011028,test
RICE_011029,test
RICE_011030,test
RICE_011031,test
RICE_011032,test
RICE_011033,test
RICE_011034,test
RICE_011035,test
RICE_011036,test
RICE_011037,test
RICE_011038,test
RICE_011039,test
RICE_011040,test
RICE_011041,test
RICE_011042,test
RICE_011043,test
RICE_011044,test
RICE_011045,test
RICE_011046,test
RICE_011047,test
RICE_011048,test
RICE_011049,test
RICE_011050,test
RICE_011051,test
RICE_011052,test
RICE_011053,test
RICE_011054,test
RICE_011055,test
RICE_011056,test
RICE_011057,test
RICE_011058,test
RICE_011059,test
RICE_011060,test
RICE_011061,test
RICE_011062,test
RICE_011063,test
RICE_011064,test
RICE_011065,test
RICE_011066,test
RICE_011067,test
RICE_011068,test
RICE_011069,test
RICE_011070,test
RICE_011071,test
RICE_011072,test
RICE_011073,test
RICE_011074,test
RICE_011075,test
RICE_011076,test
RICE_011077,test
RICE_011078,test
RICE_011079,test
RICE_011080,test
RICE_011081,test
RICE_011082,test
RICE_011083,test
RICE_011084,test
RICE_011085,test
RICE_011086,test
RICE_011087,test
RICE_011088,test
RICE_011089,test
RICE_011090,test
RICE_011091,test
RICE_011092,test
RICE_011093,test
RICE_011094,test
RICE_011095,test
RICE_011096,test
RICE_011097,test
RICE_011098,test
RICE_011099,test
RICE_011100,test
RICE_011101,test
RICE_011102,test
RICE_011103,test
RICE_011104,test
RICE_011105,test
RICE_011106,test
RICE_011107,test
RICE_011108,test
RICE_011109,test
RICE_011110,test
RICE_011111,test
RICE_011112,test
RICE_011113,test
RICE_011114,test
RICE_011115,test
RICE_011116,test
RICE_011117,test
RICE_011118,test
RICE_011119,test
RICE_011120,test
RICE_011121,test
RICE_011122,test
RICE_011123,test
RICE_011124,test
RICE_011125,test
RICE_011126,test
RICE_011127,test
RICE_011128,test
RICE_011129,test
RICE_011130,test
RICE_011131,test
RICE_011132,test
RICE_011133,test
RICE_011134,test
RICE_011135,test
RICE_011136,test
RICE_011137,test
RICE_011138,test
RICE_011139,test
RICE_011140,test
RICE_011141,test
RICE_011142,test
RICE_011143,test
RICE_011144,test
RICE_011145,test
RICE_011146,test
RICE_011147,test
RICE_011148,test
RICE_011149,test
RICE_011150,test
RICE_011151,test
RICE_011152,test
RICE_011153,test
RICE_011154,test
RICE_011155,test
RICE_011156,test
RICE_011157,test
RICE_011158,test
RICE_011159,test
RICE_011160,test
RICE_011161,test
RICE_011162,test
RICE_011163,test
RICE_011164,test
RICE_011165,test
RICE_011166,test
RICE_011167,test
RICE_011168,test
RICE_011169,test
RICE_011170,test
RICE_011171,test
RICE_011172,test
RICE_011173,test
RICE_011174,test
RICE_011175,test
RICE_011176,test
RICE_011177,test
RICE_011178,test
RICE_011179,test
RICE_011180,test
RICE_011181,test
RICE_011182,test
RICE_011183,test
RICE_011184,test
RICE_011185,test
RICE_011186,test
RICE_011187,test
RICE_011188,test
RICE_011189,test
RICE_011190,test
RICE_011191,test
RICE_011192,test
RICE_011193,test
RICE_011194,test
RICE_011195,test
RICE_011196,test
RICE_011197,test
RICE_011198,test
RICE_011199,test
RICE_011200,test
RICE_011201,test
RICE_011202,test
RICE_011203,test
RICE_011204,test
RICE_011205,test
RICE_011206,test
RICE_011207,test
RICE_011208,test
RICE_011209,test
RICE_011210,test
RICE_011211,test
RICE_011212,test
RICE_011213,test
RICE_011214,test
RICE_011215,test
RICE_011216,test
RICE_011217,test
RICE_011218,test
RICE_011219,test
RICE_011220,test
RICE_011221,test
RICE_011222,test
RICE_011223,test
RICE_011224,test
RICE_011225,test
RICE_011226,test
RICE_011227,test
RICE_011228,test
RICE_011229,test
RICE_011230,test
RICE_011231,test
RICE_011232,test
RICE_011233,test
RICE_011234,test
RICE_011235,test
RICE_011236,test
RICE_011237,test
RICE_011238,test
RICE_011239,test
RICE_011240,test
RICE_011241,test
RICE_011242,test
RICE_011243,test
RICE_011244,test
RICE_011245,test
RICE_011246,test
RICE_011247,test
RICE_011248,test
RICE_011249,test
RICE_011250,test
RICE_011251,test
RICE_011252,test
RICE_011253,test
RICE_011254,test
RICE_011255,test
RICE_011256,test
RICE_011257,test
RICE_011258,test
RICE_011259,test
RICE_011260,test
RICE_011261,test
RICE_011262,test
RICE_011263,test
RICE_011264,test
RICE_011265,test
RICE_011266,test
RICE_011267,test
RICE_011268,test
RICE_011269,test
RICE_011270,test
RICE_011271,test
RICE_011272,test
RICE_011273,test
RICE_011274,test
RICE_011275,test
RICE_011276,test
RICE_011277,test
RICE_011278,test
RICE_011279,test
RICE_011280,test
RICE_011281,test
RICE_011282,test
RICE_011283,test
RICE_011284,test
RICE_011285,test
RICE_011286,test
RICE_011287,test
RICE_011288,test
RICE_011289,test
RICE_011290,test
RICE_011291,test
RICE_011292,test
RICE_011293,test
RICE_011294,test
RICE_011295,test
RICE_011296,test
RICE_011297,test
RICE_011298,test
RICE_011299,test
RICE_011300,test
RICE_011301,test
RICE_011302,test
RICE_011303,test
RICE_011304,test
RICE_011305,test
RICE_011306,test
RICE_011307,test
RICE_011308,test
RICE_011309,test
RICE_011310,test
RICE_011311,test
RICE_011312,test
RICE_011313,test
RICE_011314,test
RICE_011315,test
RICE_011316,test
RICE_011317,test
RICE_011318,test
RICE_011319,test
RICE_011320,test
RICE_011321,test
RICE_011322,test
RICE_011323,test
RICE_011324,test
RICE_011325,test
RICE_011326,test
RICE_011327,test
RICE_011328,test
RICE_011329,test
RICE_011330,test
RICE_011331,test
RICE_011332,test
RICE_011333,test
RICE_011334,test
RICE_011335,test
RICE_011336,test
RICE_011337,test
RICE_011338,test
RICE_011339,test
RICE_011340,test
RICE_011341,test
RICE_011342,test
RICE_011343,test
RICE_011344,test
RICE_011345,test
RICE_011346,test
RICE_011347,test
RICE_011348,test
RICE_011349,test
RICE_011350,test
RICE_011351,test
RICE_011352,test
RICE_011353,test
RICE_011354,test
RICE_011355,test
RICE_011356,test
RICE_011357,test
RICE_011358,test
RICE_011359,test
RICE_011360,test
RICE_011361,test
RICE_011362,test
RICE_011363,test
RICE_011364,test
RICE_011365,test
RICE_011366,test
RICE_011367,test
RICE_011368,test
RICE_011369,test
RICE_011370,test
RICE_011371,test
RICE_011372,test
RICE_011373,test
RICE_011374,test
RICE_011375,test
RICE_011376,test
RICE_011377,test
RICE_011378,test
RICE_011379,test
RICE_011380,test
RICE_011381,test
RICE_011382,test
RICE_011383,test
RICE_011384,test
RICE_011385,test
RICE_011386,test
RICE_011387,test
RICE_011388,test
RICE_011389,test
RICE_011390,test
RICE_011391,test
RICE_011392,test
RICE_011393,test
RICE_011394,test
RICE_011395,test
RICE_011396,test
RICE_011397,test
RICE_011398,test
RICE_011399,test
RICE_011400,test
RICE_011401,test
RICE_011402,test
RICE_011403,test
RICE_011404,test
RICE_011405,test
RICE_011406,test
RICE_011407,test
RICE_011408,test
RICE_011409,test
RICE_011410,test
RICE_011411,test
RICE_011412,test
RICE_011413,test
RICE_011414,test
RICE_011415,test
RICE_011416,test
RICE_011417,test
RICE_011418,test
RICE_011419,test
RICE_011420,test
RICE_011421,test
RICE_011422,test
RICE_011423,test
RICE_011424,test
RICE_011425,test
RICE_011426,test
RICE_011427,test
RICE_011428,test
RICE_011429,test
RICE_011430,test
RICE_011431,test
RICE_011432,test
RICE_011433,test
RICE_011434,test
RICE_011435,test
RICE_011436,test
RICE_011437,test
RICE_011438,test
RICE_011439,test
RICE_011440,test
RICE_011441,test
RICE_011442,test
RICE_011443,test
RICE_011444,test
RICE_011445,test
RICE_011446,test
RICE_011447,test
RICE_011448,test
RICE_011449,test
RICE_011450,test
RICE_011451,test
RICE_011452,test
RICE_011453,test
RICE_011454,test
RICE_011455,test
RICE_011456,test
RICE_011457,test
RICE_011458,test
RICE_011459,test
RICE_011460,test
RICE_011461,test
RICE_011462,test
RICE_011463,test
RICE_011464,test
RICE_011465,test
RICE_011466,test
RICE_011467,test
RICE_011468,test
RICE_011469,test
RICE_011470,test
RICE_011471,test
RICE_011472,test
RICE_011473,test
RICE_011474,test
RICE_011475,test
RICE_011476,test
RICE_011477,test
RICE_011478,test
RICE_011479,test
RICE_011480,test
RICE_011481,test
RICE_011482,test
RICE_011483,test
RICE_011484,test
RICE_011485,test
RICE_011486,test
RICE_011487,test
RICE_011488,test
RICE_011489,test
RICE_011490,test
RICE_011491,test
RICE_011492,test
RICE_011493,test
RICE_011494,test
RICE_011495,test
RICE_011496,test
RICE_011497,test
RICE_011498,test
RICE_011499,test
RICE_011500,test
RICE_011501,test
RICE_011502,test
RICE_011503,test
RICE_011504,test
RICE_011505,test
RICE_011506,test
RICE_011507,test
RICE_011508,test
RICE_011509,test
RICE_011510,test
RICE_011511,test
RICE_011512,test
RICE_011513,test
RICE_011514,test
RICE_011515,test
RICE_011516,test
RICE_011517,test
RICE_011518,test
RICE_011519,test
RICE_011520,test
RICE_011521,test
RICE_011522,test
RICE_011523,test
RICE_011524,test
RICE_011525,test
RICE_011526,test
RICE_011527,test
RICE_011528,test
RICE_011529,test
RICE_011530,test
RICE_011531,test
RICE_011532,test
RICE_011533,test
RICE_011534,test
RICE_011535,test
RICE_011536,test
RICE_011537,test
RICE_011538,test
RICE_011539,test
RICE_011540,test
RICE_011541,test
RICE_011542,test
RICE_011543,test
RICE_011544,test
RICE_011545,test
RICE_011546,test
RICE_011547,test
RICE_011548,test
RICE_011549,test
RICE_011550,test
RICE_011551,test
RICE_011552,test
RICE_011553,test
RICE_011554,test
RICE_011555,test
RICE_011556,test
RICE_011557,test
RICE_011558,test
RICE_011559,test
RICE_011560,test
RICE_011561,test
RICE_011562,test
RICE_011563,test
RICE_011564,test
RICE_011565,test
RICE_011566,test
RICE_011567,test
RICE_011568,test
RICE_011569,test
RICE_011570,test
RICE_011571,test
RICE_011572,test
RICE_011573,test
RICE_011574,test
RICE_011575,test
RICE_011576,test
RICE_011577,test
RICE_011578,test
RICE_011579,test
RICE_011580,test
RICE_011581,test
RICE_011582,test
RICE_011583,test
RICE_011584,test
RICE_011585,test
RICE_011586,test
RICE_011587,test
RICE_011588,test
RICE_011589,test
RICE_011590,test
RICE_011591,test
RICE_011592,test
RICE_011593,test
RICE_011594,test
RICE_011595,test
RICE_011596,test
RICE_011597,test
RICE_011598,test
RICE_011599,test
RICE_011600,test
RICE_011601,test
RICE_011602,test
RICE_011603,test
RICE_011604,test
RICE_011605,test
RICE_011606,test
RICE_011607,test
RICE_011608,test
RICE_011609,test
RICE_011610,test
RICE_011611,test
RICE_011612,test
RICE_011613,test
RICE_011614,test
RICE_011615,test
RICE_011616,test
RICE_011617,test
RICE_011618,test
RICE_011619,test
RICE_011620,test
RICE_011621,test
RICE_011622,test
RICE_011623,test
RICE_011624,test
RICE_011625,test
RICE_011626,test
RICE_011627,test
RICE_011628,test
RICE_011629,test
RICE_011630,test
RICE_011631,test
RICE_011632,test
RICE_011633,test
RICE_011634,test
RICE_011635,test
RICE_011636,test
RICE_011637,test
RICE_011638,test
RICE_011639,test
RICE_011640,test
RICE_011641,test
RICE_011642,test
RICE_011643,test
RICE_011644,test
RICE_011645,test
RICE_011646,test
RICE_011647,test
RICE_011648,test
RICE_011649,test
RICE_011650,test
RICE_011651,test
RICE_011652,test
RICE_011653,test
RICE_011654,test
RICE_011655,test
RICE_011656,test
RICE_011657,test
RICE_011658,test
RICE_011659,test
RICE_011660,test
RICE_011661,test
RICE_011662,test
RICE_011663,test
RICE_011664,test
RICE_011665,test
RICE_011666,test
RICE_011667,test
RICE_011668,test
RICE_011669,test
RICE_011670,test
RICE_011671,test
RICE_011672,test
RICE_011673,test
RICE_011674,test
RICE_011675,test
RICE_011676,test
RICE_011677,test
RICE_011678,test
RICE_011679,test
RICE_011680,test
RICE_011681,test
RICE_011682,test
RICE_011683,test
RICE_011684,test
RICE_011685,test
RICE_011686,test
RICE_011687,test
RICE_011688,test
RICE_011689,test
RICE_011690,test
RICE_011691,test
RICE_011692,test
RICE_011693,test
RICE_011694,test
RICE_011695,test
RICE_011696,test
RICE_011697,test
RICE_011698,test
RICE_011699,test
RICE_011700,test
RICE_011701,test
RICE_011702,test
RICE_011703,test
RICE_011704,test
RICE_011705,test
RICE_011706,test
RICE_011707,test
RICE_011708,test
RICE_011709,test
RICE_011710,test
RICE_011711,test
RICE_011712,test
RICE_011713,test
RICE_011714,test
RICE_011715,test
RICE_011716,test
RICE_011717,test
RICE_011718,test
RICE_011719,test
RICE_011720,test
RICE_011721,test
RICE_011722,test
RICE_011723,test
RICE_011724,test
RICE_011725,test
RICE_011726,test
RICE_011727,test
RICE_011728,test
RICE_011729,test
RICE_011730,test
RICE_011731,test
RICE_011732,test
RICE_011733,test
RICE_011734,test
RICE_011735,test
RICE_011736,test
RICE_011737,test
RICE_011738,test
RICE_011739,test
RICE_011740,test
RICE_011741,test
RICE_011742,test
RICE_011743,test
RICE_011744,test
RICE_011745,test
RICE_011746,test
RICE_011747,test
RICE_011748,test
RICE_011749,test
RICE_011750,test
RICE_011751,test
RICE_011752,test
RICE_011753,test
RICE_011754,test
RICE_011755,test
RICE_011756,test
RICE_011757,test
RICE_011758,test
RICE_011759,test
RICE_011760,test
RICE_011761,test
RICE_011762,test
RICE_011763,test
RICE_011764,test
RICE_011765,test
RICE_011766,test
RICE_011767,test
RICE_011768,test
RICE_011769,test
RICE_011770,test
RICE_011771,test
RICE_011772,test
RICE_011773,test
RICE_011774,test
RICE_011775,test
RICE_011776,test
RICE_011777,test
RICE_011778,test
RICE_011779,test
RICE_011780,test
RICE_011781,test
RICE_011782,test
RICE_011783,test
RICE_011784,test
RICE_011785,test
RICE_011786,test
RICE_011787,test
RICE_011788,test
RICE_011789,test
RICE_011790,test
RICE_011791,test
RICE_011792,test
RICE_011793,test
RICE_011794,test
RICE_011795,test
RICE_011796,test
RICE_011797,test
RICE_011798,test
RICE_011799,test
RICE_011800,test
RICE_011801,test
RICE_011802,test
RICE_011803,test
RICE_011804,test
RICE_011805,test
RICE_011806,test
RICE_011807,test
RICE_011808,test
RICE_011809,test
RICE_011810,test
RICE_011811,test
RICE_011812,test
RICE_011813,test
RICE_011814,test
RICE_011815,test
RICE_011816,test
RICE_011817,test
RICE_011818,test
RICE_011819,test
RICE_011820,test
RICE_011821,test
RICE_011822,test
RICE_011823,test
RICE_011824,test
RICE_011825,test
RICE_011826,test
RICE_011827,test
RICE_011828,test
RICE_011829,test
RICE_011830,test
RICE_011831,test
RICE_011832,test
RICE_011833,test
RICE_011834,test
RICE_011835,test
RICE_011836,test
RICE_011837,test
RICE_011838,test
RICE_011839,test
RICE_011840,test
RICE_011841,test
RICE_011842,test
RICE_011843,test
RICE_011844,test
RICE_011845,test
RICE_011846,test
RICE_011847,test
RICE_011848,test
RICE_011849,test
RICE_011850,test
RICE_011851,test
RICE_011852,test
RICE_011853,test
RICE_011854,test
RICE_011855,test
RICE_011856,test
RICE_011857,test
RICE_011858,test
RICE_011859,test
RICE_011860,test
RICE_011861,test
RICE_011862,test
RICE_011863,test
RICE_011864,test
RICE_011865,test
RICE_011866,test
RICE_011867,test
RICE_011868,test
RICE_011869,test
RICE_011870,test
RICE_011871,test
RICE_011872,test
RICE_011873,test
RICE_011874,test
RICE_011875,test
RICE_011876,test
RICE_011877,test
RICE_011878,test
RICE_011879,test
RICE_011880,test
RICE_011881,test
RICE_011882,test
RICE_011883,test
RICE_011884,test
RICE_011885,test
RICE_011886,test
RICE_011887,test
RICE_011888,test
RICE_011889,test
RICE_011890,test
RICE_011891,test
RICE_011892,test
RICE_011893,test
RICE_011894,test
RICE_011895,test
RICE_011896,test
RICE_011897,test
RICE_011898,test
RICE_011899,test
RICE_011900,test
RICE_011901,test
RICE_011902,test
RICE_011903,test
RICE_011904,test
RICE_011905,test
RICE_011906,test
RICE_011907,test
RICE_011908,test
RICE_011909,test
RICE_011910,test
RICE_011911,test
RICE_011912,test
RICE_011913,test
RICE_011914,test
RICE_011915,test
RICE_011916,test
RICE_011917,test
RICE_011918,test
RICE_011919,test
RICE_011920,test
RICE_011921,test
RICE_011922,test
RICE_011923,test
RICE_011924,test
RICE_011925,test
RICE_011926,test
RICE_011927,test
RICE_011928,test
RICE_011929,test
RICE_011930,test
RICE_011931,test
RICE_011932,test
RICE_011933,test
RICE_011934,test
RICE_011935,test
RICE_011936,test
RICE_011937,test
RICE_011938,test
RICE_011939,test
RICE_011940,test
RICE_011941,test
RICE_011942,test
RICE_011943,test
RICE_011944,test
RICE_011945,test
RICE_011946,test
RICE_011947,test
RICE_011948,test
RICE_011949,test
RICE_011950,test
RICE_011951,test
RICE_011952,test
RICE_011953,test
RICE_011954,test
RICE_011955,test
RICE_011956,test
RICE_011957,test
RICE_011958,test
RICE_011959,test
RICE_011960,test
RICE_011961,test
RICE_011962,test
RICE_011963,test
RICE_011964,test
RICE_011965,test
RICE_011966,test
RICE_011967,test
RICE_011968,test
RICE_011969,test
