row_id,crop,state,district,season,year,yield_t_ha
RICE_000001,Rice,Andhra Pradesh,Anantapur,Annual,1990,2.262
RICE_000002,Rice,Andhra Pradesh,Chittoor,Annual,1990,2.555
RICE_000003,Rice,Andhra Pradesh,East Godavari,Annual,1990,1.966
RICE_000004,Rice,Andhra Pradesh,Guntur,Annual,1990,3.169
RICE_000005,Rice,Andhra Pradesh,Kadapa Ysr,Annual,1990,2.83
RICE_000006,Rice,Andhra Pradesh,Krishna,Annual,1990,2.634
RICE_000007,Rice,Andhra Pradesh,Kurnool,Annual,1990,2.393
RICE_000008,Rice,Andhra Pradesh,Prakasam,Annual,1990,2.855
RICE_000009,Rice,Andhra Pradesh,S.P.S. Nellore,Annual,1990,2.585
RICE_000010,Rice,Andhra Pradesh,Srikakulam,Annual,1990,1.659
RICE_000011,Rice,Andhra Pradesh,Visakhapatnam,Annual,1990,1.561
RICE_000012,Rice,Andhra Pradesh,Vizianagaram,Annual,1990,2.134
RICE_000013,Rice,Andhra Pradesh,West Godavari,Annual,1990,2.303
RICE_000014,Rice,Assam,Barpeta,Annual,1990,0.947
RICE_000015,Rice,Assam,Bongaigaon,Annual,1990,1.015
RICE_000016,Rice,Assam,Cachar,Annual,1990,1.652
RICE_000017,Rice,Assam,Darrang,Annual,1990,1.071
RICE_000018,Rice,Assam,Dhemaji,Annual,1990,0.925
RICE_000019,Rice,Assam,Dhubri,Annual,1990,1.018
RICE_000020,Rice,Assam,Dibrugarh,Annual,1990,1.478
RICE_000021,Rice,Assam,Goalpara,Annual,1990,1.193
RICE_000022,Rice,Assam,Golaghat,Annual,1990,1.517
RICE_000023,Rice,Assam,Hailakandi,Annual,1990,1.517
RICE_000024,Rice,Assam,Jorhat,Annual,1990,1.93
RICE_000025,Rice,Assam,Kamrup,Annual,1990,1.185
RICE_000026,Rice,Assam,Karbi Anglong,Annual,1990,1.399
RICE_000027,Rice,Assam,Karimganj,Annual,1990,1.536
RICE_000028,Rice,Assam,Kokrajhar,Annual,1990,0.832
RICE_000029,Rice,Assam,Lakhimpur,Annual,1990,1.311
RICE_000030,Rice,Assam,Marigaon,Annual,1990,1.221
RICE_000031,Rice,Assam,Nagaon,Annual,1990,1.412
RICE_000032,Rice,Assam,Nalbari,Annual,1990,1.172
RICE_000033,Rice,Assam,North Cachar Hil,Annual,1990,1.394
RICE_000034,Rice,Assam,Sibsagar,Annual,1990,2.0
RICE_000035,Rice,Assam,Sonitpur,Annual,1990,1.322
RICE_000036,Rice,Assam,Tinsukia,Annual,1990,1.468
RICE_000037,Rice,Bihar,Araria,Annual,1990,0.964
RICE_000038,Rice,Bihar,Aurangabad,Annual,1990,1.643
RICE_000039,Rice,Bihar,Begusarai,Annual,1990,1.126
RICE_000040,Rice,Bihar,Bhagalpur,Annual,1990,1.276
RICE_000041,Rice,Bihar,Bhojpur,Annual,1990,1.583
RICE_000042,Rice,Bihar,Champaran (East),Annual,1990,1.212
RICE_000043,Rice,Bihar,Champaran (West),Annual,1990,1.27
RICE_000044,Rice,Bihar,Darbhanga,Annual,1990,0.993
RICE_000045,Rice,Bihar,Gaya,Annual,1990,1.622
RICE_000046,Rice,Bihar,Gopalganj,Annual,1990,1.246
RICE_000047,Rice,Bihar,Jehanabad,Annual,1990,1.513
RICE_000048,Rice,Bihar,Katihar,Annual,1990,1.043
RICE_000049,Rice,Bihar,Khagaria,Annual,1990,0.955
RICE_000050,Rice,Bihar,Kishanganj,Annual,1990,0.932
RICE_000051,Rice,Bihar,Madhepura,Annual,1990,0.914
RICE_000052,Rice,Bihar,Madhubani,Annual,1990,0.99
RICE_000053,Rice,Bihar,Mungair,Annual,1990,1.52
RICE_000054,Rice,Bihar,Muzaffarpur,Annual,1990,0.811
RICE_000055,Rice,Bihar,Nalanda,Annual,1990,1.841
RICE_000056,Rice,Bihar,Nawada,Annual,1990,1.828
RICE_000057,Rice,Bihar,Patna,Annual,1990,1.492
RICE_000058,Rice,Bihar,Purnea,Annual,1990,0.96
RICE_000059,Rice,Bihar,Rohtas,Annual,1990,1.883
RICE_000060,Rice,Bihar,Saharsa,Annual,1990,0.872
RICE_000061,Rice,Bihar,Samastipur,Annual,1990,1.133
RICE_000062,Rice,Bihar,Saran,Annual,1990,1.391
RICE_000063,Rice,Bihar,Sitamarhi,Annual,1990,0.99
RICE_000064,Rice,Bihar,Siwan,Annual,1990,1.328
RICE_000065,Rice,Bihar,Vaishali,Annual,1990,0.927
RICE_000066,Rice,Chhattisgarh,Bastar,Annual,1990,0.97
RICE_000067,Rice,Chhattisgarh,Bilaspur,Annual,1990,1.398
RICE_000068,Rice,Chhattisgarh,Durg,Annual,1990,1.21
RICE_000069,Rice,Chhattisgarh,Raigarh,Annual,1990,0.964
RICE_000070,Rice,Chhattisgarh,Raipur,Annual,1990,1.363
RICE_000071,Rice,Chhattisgarh,Rajnandgaon,Annual,1990,1.142
RICE_000072,Rice,Chhattisgarh,Surguja,Annual,1990,1.189
RICE_000073,Rice,Gujarat,Ahmedabad,Annual,1990,1.771
RICE_000074,Rice,Gujarat,Amreli,Annual,1990,2.0
RICE_000075,Rice,Gujarat,Banaskantha,Annual,1990,1.5
RICE_000076,Rice,Gujarat,Bharuch,Annual,1990,0.798
RICE_000077,Rice,Gujarat,Bhavnagar,Annual,1990,2.0
RICE_000078,Rice,Gujarat,Dangs,Annual,1990,0.976
RICE_000079,Rice,Gujarat,Gandhinagar,Annual,1990,2.246
RICE_000080,Rice,Gujarat,Junagadh,Annual,1990,2.0
RICE_000081,Rice,Gujarat,Kheda,Annual,1990,1.97
RICE_000082,Rice,Gujarat,Mehsana,Annual,1990,2.13
RICE_000083,Rice,Gujarat,Panchmahal,Annual,1990,0.762
RICE_000084,Rice,Gujarat,Sabarkantha,Annual,1990,1.538
RICE_000085,Rice,Gujarat,Surat,Annual,1990,1.942
RICE_000086,Rice,Gujarat,Surendranagar,Annual,1990,2.0
RICE_000087,Rice,Gujarat,Vadodara,Annual,1990,0.978
RICE_000088,Rice,Gujarat,Valsad,Annual,1990,2.089
RICE_000089,Rice,Haryana,Ambala,Annual,1990,2.534
RICE_000090,Rice,Haryana,Faridabad,Annual,1990,2.727
RICE_000091,Rice,Haryana,Gurgaon,Annual,1990,3.75
RICE_000092,Rice,Haryana,Hissar,Annual,1990,3.666
RICE_000093,Rice,Haryana,Jind,Annual,1990,2.755
RICE_000094,Rice,Haryana,Kaithal,Annual,1990,2.613
RICE_000095,Rice,Haryana,Karnal,Annual,1990,2.682
RICE_000096,Rice,Haryana,Kurukshetra,Annual,1990,2.943
RICE_000097,Rice,Haryana,Panipat,Annual,1990,2.552
RICE_000098,Rice,Haryana,Rohtak,Annual,1990,2.165
RICE_000099,Rice,Haryana,Sirsa,Annual,1990,2.966
RICE_000100,Rice,Haryana,Sonepat,Annual,1990,2.563
RICE_000101,Rice,Haryana,Yamunanagar,Annual,1990,3.121
RICE_000102,Rice,Himachal Pradesh,Bilashpur,Annual,1990,1.563
RICE_000103,Rice,Himachal Pradesh,Chamba,Annual,1990,1.341
RICE_000104,Rice,Himachal Pradesh,Hamirpur,Annual,1990,0.915
RICE_000105,Rice,Himachal Pradesh,Kangra,Annual,1990,0.939
RICE_000106,Rice,Himachal Pradesh,Kinnaur,Annual,1990,1.25
RICE_000107,Rice,Himachal Pradesh,Kullu,Annual,1990,1.135
RICE_000108,Rice,Himachal Pradesh,Mandi,Annual,1990,0.857
RICE_000109,Rice,Himachal Pradesh,Shimla,Annual,1990,0.893
RICE_000110,Rice,Himachal Pradesh,Sirmaur,Annual,1990,1.702
RICE_000111,Rice,Himachal Pradesh,Solan,Annual,1990,1.306
RICE_000112,Rice,Himachal Pradesh,Una,Annual,1990,1.094
RICE_000113,Rice,Jharkhand,Devghar / Deogarh,Annual,1990,1.303
RICE_000114,Rice,Jharkhand,Dhanbad,Annual,1990,1.051
RICE_000115,Rice,Jharkhand,Giridih,Annual,1990,1.142
RICE_000116,Rice,Jharkhand,Godda,Annual,1990,0.899
RICE_000117,Rice,Jharkhand,Gumla,Annual,1990,0.896
RICE_000118,Rice,Jharkhand,Hazaribagh,Annual,1990,1.034
RICE_000119,Rice,Jharkhand,Lohardagga,Annual,1990,1.073
RICE_000120,Rice,Jharkhand,Palamau,Annual,1990,0.965
RICE_000121,Rice,Jharkhand,Ranchi,Annual,1990,0.979
RICE_000122,Rice,Jharkhand,Sahebganj,Annual,1990,1.163
RICE_000123,Rice,Jharkhand,Santhal Paragana / Dumka,Annual,1990,1.237
RICE_000124,Rice,Jharkhand,Singhbhum East,Annual,1990,0.979
RICE_000125,Rice,Jharkhand,Singhbhum West,Annual,1990,0.971
RICE_000126,Rice,Karnataka,Bangalore (Rural),Annual,1990,1.77
RICE_000127,Rice,Karnataka,Bangalore (Urban),Annual,1990,1.967
RICE_000128,Rice,Karnataka,Belgaum,Annual,1990,1.243
RICE_000129,Rice,Karnataka,Bellary,Annual,1990,2.928
RICE_000130,Rice,Karnataka,Bidar,Annual,1990,0.973
RICE_000131,Rice,Karnataka,Bijapur,Annual,1990,0.984
RICE_000132,Rice,Karnataka,Chickmagalur,Annual,1990,2.226
RICE_000133,Rice,Karnataka,Chitradurga,Annual,1990,3.024
RICE_000134,Rice,Karnataka,Dakshina Kannada,Annual,1990,1.827
RICE_000135,Rice,Karnataka,Dharwad,Annual,1990,0.789
RICE_000136,Rice,Karnataka,Gulbarga,Annual,1990,1.442
RICE_000137,Rice,Karnataka,Hassan,Annual,1990,2.128
RICE_000138,Rice,Karnataka,Kodagu,Annual,1990,2.172
RICE_000139,Rice,Karnataka,Kolar,Annual,1990,1.632
RICE_000140,Rice,Karnataka,Mandya,Annual,1990,2.805
RICE_000141,Rice,Karnataka,Mysore,Annual,1990,2.696
RICE_000142,Rice,Karnataka,Raichur,Annual,1990,2.59
RICE_000143,Rice,Karnataka,Shimoge,Annual,1990,2.159
RICE_000144,Rice,Karnataka,Tumkur,Annual,1990,1.626
RICE_000145,Rice,Karnataka,Uttara Kannada,Annual,1990,1.806
RICE_000146,Rice,Kerala,Alappuzha,Annual,1990,2.17
RICE_000147,Rice,Kerala,Eranakulam,Annual,1990,1.628
RICE_000148,Rice,Kerala,Idukki,Annual,1990,2.157
RICE_000149,Rice,Kerala,Kannur,Annual,1990,1.65
RICE_000150,Rice,Kerala,Kasaragod,Annual,1990,1.71
RICE_000151,Rice,Kerala,Kollam,Annual,1990,1.913
RICE_000152,Rice,Kerala,Kottayam,Annual,1990,2.389
RICE_000153,Rice,Kerala,Kozhikode,Annual,1990,1.23
RICE_000154,Rice,Kerala,Malappuram,Annual,1990,1.556
RICE_000155,Rice,Kerala,Palakkad,Annual,1990,2.23
RICE_000156,Rice,Kerala,Pathanamthitta,Annual,1990,2.334
RICE_000157,Rice,Kerala,Thiruvananthapuram,Annual,1990,1.77
RICE_000158,Rice,Kerala,Thrissur,Annual,1990,1.746
RICE_000159,Rice,Kerala,Wayanad,Annual,1990,2.063
RICE_000160,Rice,Madhya Pradesh,Balaghat,Annual,1990,1.257
RICE_000161,Rice,Madhya Pradesh,Betul,Annual,1990,1.055
RICE_000162,Rice,Madhya Pradesh,Bhind,Annual,1990,1.717
RICE_000163,Rice,Madhya Pradesh,Bhopal,Annual,1990,0.75
RICE_000164,Rice,Madhya Pradesh,Chhatarpur,Annual,1990,0.935
RICE_000165,Rice,Madhya Pradesh,Chhindwara,Annual,1990,0.995
RICE_000166,Rice,Madhya Pradesh,Damoh,Annual,1990,0.807
RICE_000167,Rice,Madhya Pradesh,Datia,Annual,1990,0.571
RICE_000168,Rice,Madhya Pradesh,Dewas,Annual,1990,0.636
RICE_000169,Rice,Madhya Pradesh,Dhar,Annual,1990,0.72
RICE_000170,Rice,Madhya Pradesh,Guna,Annual,1990,0.833
RICE_000171,Rice,Madhya Pradesh,Gwalior,Annual,1990,1.573
RICE_000172,Rice,Madhya Pradesh,Hoshangabad,Annual,1990,1.205
RICE_000173,Rice,Madhya Pradesh,Indore,Annual,1990,1.0
RICE_000174,Rice,Madhya Pradesh,Jabalpur,Annual,1990,0.825
RICE_000175,Rice,Madhya Pradesh,Jhabua,Annual,1990,0.612
RICE_000176,Rice,Madhya Pradesh,Khandwa,Annual,1990,0.942
RICE_000177,Rice,Madhya Pradesh,Khargone,Annual,1990,0.656
RICE_000178,Rice,Madhya Pradesh,Mandla,Annual,1990,0.787
RICE_000179,Rice,Madhya Pradesh,Mandsaur,Annual,1990,1.0
RICE_000180,Rice,Madhya Pradesh,Morena,Annual,1990,1.833
RICE_000181,Rice,Madhya Pradesh,Narsinghpur,Annual,1990,1.114
RICE_000182,Rice,Madhya Pradesh,Panna,Annual,1990,0.791
RICE_000183,Rice,Madhya Pradesh,Raisen,Annual,1990,0.8
RICE_000184,Rice,Madhya Pradesh,Rajgarh,Annual,1990,0.885
RICE_000185,Rice,Madhya Pradesh,Ratlam,Annual,1990,0.6
RICE_000186,Rice,Madhya Pradesh,Rewa,Annual,1990,0.96
RICE_000187,Rice,Madhya Pradesh,Sagar,Annual,1990,0.821
RICE_000188,Rice,Madhya Pradesh,Satna,Annual,1990,0.588
RICE_000189,Rice,Madhya Pradesh,Sehore,Annual,1990,0.839
RICE_000190,Rice,Madhya Pradesh,Seoni,Annual,1990,1.424
RICE_000191,Rice,Madhya Pradesh,Shahdol,Annual,1990,0.775
RICE_000192,Rice,Madhya Pradesh,Shajapur,Annual,1990,0.688
RICE_000193,Rice,Madhya Pradesh,Shivpuri,Annual,1990,1.161
RICE_000194,Rice,Madhya Pradesh,Sidhi,Annual,1990,0.587
RICE_000195,Rice,Madhya Pradesh,Tikamgarh,Annual,1990,0.931
RICE_000196,Rice,Madhya Pradesh,Ujjain,Annual,1990,1.0
RICE_000197,Rice,Madhya Pradesh,Vidisha,Annual,1990,0.583
RICE_000198,Rice,Maharashtra,Ahmednagar,Annual,1990,0.947
RICE_000199,Rice,Maharashtra,Akola,Annual,1990,0.714
RICE_000200,Rice,Maharashtra,Amarawati,Annual,1990,0.399
RICE_000201,Rice,Maharashtra,Aurangabad,Annual,1990,0.76
RICE_000202,Rice,Maharashtra,Beed,Annual,1990,0.8
RICE_000203,Rice,Maharashtra,Bhandara,Annual,1990,1.244
RICE_000204,Rice,Maharashtra,Buldhana,Annual,1990,0.743
RICE_000205,Rice,Maharashtra,Chandrapur,Annual,1990,1.318
RICE_000206,Rice,Maharashtra,Dhule,Annual,1990,0.926
RICE_000207,Rice,Maharashtra,Gadchiroli,Annual,1990,0.958
RICE_000208,Rice,Maharashtra,Jalgaon,Annual,1990,0.684
RICE_000209,Rice,Maharashtra,Jalna,Annual,1990,0.65
RICE_000210,Rice,Maharashtra,Kolhapur,Annual,1990,2.515
RICE_000211,Rice,Maharashtra,Latur,Annual,1990,1.139
RICE_000212,Rice,Maharashtra,Mumbai City,Annual,1990,2.0
RICE_000213,Rice,Maharashtra,Nagpur,Annual,1990,1.008
RICE_000214,Rice,Maharashtra,Nanded,Annual,1990,0.98
RICE_000215,Rice,Maharashtra,Nasik,Annual,1990,1.058
RICE_000216,Rice,Maharashtra,Osmanabad,Annual,1990,0.961
RICE_000217,Rice,Maharashtra,Parbhani,Annual,1990,0.992
RICE_000218,Rice,Maharashtra,Pune,Annual,1990,1.388
RICE_000219,Rice,Maharashtra,Raigad,Annual,1990,1.65
RICE_000220,Rice,Maharashtra,Ratnagiri,Annual,1990,2.224
RICE_000221,Rice,Maharashtra,Sangli,Annual,1990,1.599
RICE_000222,Rice,Maharashtra,Satara,Annual,1990,1.722
RICE_000223,Rice,Maharashtra,Sindhudurg,Annual,1990,1.982
RICE_000224,Rice,Maharashtra,Solapur,Annual,1990,0.875
RICE_000225,Rice,Maharashtra,Thane,Annual,1990,1.926
RICE_000226,Rice,Maharashtra,Wardha,Annual,1990,0.641
RICE_000227,Rice,Maharashtra,Yeotmal,Annual,1990,0.795
RICE_000228,Rice,Orissa,Balasore,Annual,1990,0.884
RICE_000229,Rice,Orissa,Bolangir,Annual,1990,1.469
RICE_000230,Rice,Orissa,Cuttack,Annual,1990,1.145
RICE_000231,Rice,Orissa,Dhenkanal,Annual,1990,1.045
RICE_000232,Rice,Orissa,Ganjam,Annual,1990,1.533
RICE_000233,Rice,Orissa,Kalahandi,Annual,1990,0.945
RICE_000234,Rice,Orissa,Keonjhar,Annual,1990,1.004
RICE_000235,Rice,Orissa,Koraput,Annual,1990,1.257
RICE_000236,Rice,Orissa,Mayurbhanja,Annual,1990,1.043
RICE_000237,Rice,Orissa,Phulbani ( Kandhamal ),Annual,1990,1.173
RICE_000238,Rice,Orissa,Puri,Annual,1990,1.17
RICE_000239,Rice,Orissa,Sambalpur,Annual,1990,1.602
RICE_000240,Rice,Orissa,Sundargarh,Annual,1990,0.941
RICE_000241,Rice,Punjab,Amritsar,Annual,1990,2.753
RICE_000242,Rice,Punjab,Bhatinda,Annual,1990,3.46
RICE_000243,Rice,Punjab,Faridkot,Annual,1990,3.652
RICE_000244,Rice,Punjab,Ferozpur,Annual,1990,3.165
RICE_000245,Rice,Punjab,Gurdaspur,Annual,1990,2.549
RICE_000246,Rice,Punjab,Hoshiarpur,Annual,1990,2.862
RICE_000247,Rice,Punjab,Jalandhar,Annual,1990,3.139
RICE_000248,Rice,Punjab,Kapurthala,Annual,1990,2.845
RICE_000249,Rice,Punjab,Ludhiana,Annual,1990,3.671
RICE_000250,Rice,Punjab,Patiala,Annual,1990,3.381
RICE_000251,Rice,Punjab,Roopnagar,Annual,1990,3.139
RICE_000252,Rice,Punjab,Sangrur,Annual,1990,3.693
RICE_000253,Rice,Rajasthan,Ajmer,Annual,1990,1.25
RICE_000254,Rice,Rajasthan,Alwar,Annual,1990,1.25
RICE_000255,Rice,Rajasthan,Banswara,Annual,1990,0.645
RICE_000256,Rice,Rajasthan,Bharatpur,Annual,1990,1.784
RICE_000257,Rice,Rajasthan,Bhilwara,Annual,1990,1.0
RICE_000258,Rice,Rajasthan,Bikaner,Annual,1990,1.0
RICE_000259,Rice,Rajasthan,Bundi,Annual,1990,1.691
RICE_000260,Rice,Rajasthan,Chittorgarh,Annual,1990,0.978
RICE_000261,Rice,Rajasthan,Dholpur,Annual,1990,1.179
RICE_000262,Rice,Rajasthan,Dungarpur,Annual,1990,1.123
RICE_000263,Rice,Rajasthan,Ganganagar,Annual,1990,2.413
RICE_000264,Rice,Rajasthan,Jaipur,Annual,1990,1.0
RICE_000265,Rice,Rajasthan,Jhalawar,Annual,1990,1.194
RICE_000266,Rice,Rajasthan,Kota,Annual,1990,0.368
RICE_000267,Rice,Rajasthan,Pali,Annual,1990,1.0
RICE_000268,Rice,Rajasthan,Sirohi,Annual,1990,1.0
RICE_000269,Rice,Rajasthan,Swami Madhopur,Annual,1990,1.752
RICE_000270,Rice,Rajasthan,Udaipur,Annual,1990,1.119
RICE_000271,Rice,Tamil Nadu,Chengalpattu Mgr / Kancheepuram,Annual,1990,3.206
RICE_000272,Rice,Tamil Nadu,Chidambanar / Toothukudi,Annual,1990,4.724
RICE_000273,Rice,Tamil Nadu,Coimbatore,Annual,1990,3.455
RICE_000274,Rice,Tamil Nadu,Dharmapuri,Annual,1990,3.213
RICE_000275,Rice,Tamil Nadu,Dindigul Anna,Annual,1990,3.67
RICE_000276,Rice,Tamil Nadu,Kanyakumari,Annual,1990,3.1
RICE_000277,Rice,Tamil Nadu,Madurai,Annual,1990,3.437
RICE_000278,Rice,Tamil Nadu,North Arcot / Vellore,Annual,1990,2.917
RICE_000279,Rice,Tamil Nadu,Periyar (Erode),Annual,1990,4.315
RICE_000280,Rice,Tamil Nadu,Pudukkottai,Annual,1990,2.521
RICE_000281,Rice,Tamil Nadu,Ramananthapuram,Annual,1990,1.742
RICE_000282,Rice,Tamil Nadu,Salem,Annual,1990,3.326
RICE_000283,Rice,Tamil Nadu,Sivagangai / Pasumpon,Annual,1990,2.274
RICE_000284,Rice,Tamil Nadu,South Arcot / Cuddalore,Annual,1990,3.399
RICE_000285,Rice,Tamil Nadu,Thanjavur,Annual,1990,3.055
RICE_000286,Rice,Tamil Nadu,The Nilgiris,Annual,1990,2.478
RICE_000287,Rice,Tamil Nadu,Thirunelveli,Annual,1990,3.928
RICE_000288,Rice,Tamil Nadu,Thiruvannamalai,Annual,1990,3.086
RICE_000289,Rice,Tamil Nadu,Tiruchirapalli / Trichy,Annual,1990,3.231
RICE_000290,Rice,Tamil Nadu,Virudhunagar / Kamarajar,Annual,1990,3.358
RICE_000291,Rice,Telangana,Adilabad,Annual,1990,1.71
RICE_000292,Rice,Telangana,Karimnagar,Annual,1990,2.712
RICE_000293,Rice,Telangana,Khammam,Annual,1990,2.27
RICE_000294,Rice,Telangana,Mahabubnagar,Annual,1990,1.968
RICE_000295,Rice,Telangana,Medak,Annual,1990,2.178
RICE_000296,Rice,Telangana,Nalgonda,Annual,1990,2.661
RICE_000297,Rice,Telangana,Nizamabad,Annual,1990,2.458
RICE_000298,Rice,Telangana,Rangareddy,Annual,1990,2.752
RICE_000299,Rice,Telangana,Warangal,Annual,1990,2.419
RICE_000300,Rice,Uttar Pradesh,Agra,Annual,1990,1.795
RICE_000301,Rice,Uttar Pradesh,Aligarh,Annual,1990,1.506
RICE_000302,Rice,Uttar Pradesh,Allahabad,Annual,1990,1.723
RICE_000303,Rice,Uttar Pradesh,Azamgarh,Annual,1990,1.789
RICE_000304,Rice,Uttar Pradesh,Bahraich,Annual,1990,1.413
RICE_000305,Rice,Uttar Pradesh,Ballia,Annual,1990,1.137
RICE_000306,Rice,Uttar Pradesh,Banda,Annual,1990,1.041
RICE_000307,Rice,Uttar Pradesh,Barabanki,Annual,1990,1.776
RICE_000308,Rice,Uttar Pradesh,Bareilly,Annual,1990,2.19
RICE_000309,Rice,Uttar Pradesh,Basti,Annual,1990,1.694
RICE_000310,Rice,Uttar Pradesh,Bijnor,Annual,1990,2.731
RICE_000311,Rice,Uttar Pradesh,Budaun,Annual,1990,1.607
RICE_000312,Rice,Uttar Pradesh,Buland Shahar,Annual,1990,1.64
RICE_000313,Rice,Uttar Pradesh,Deoria,Annual,1990,1.873
RICE_000314,Rice,Uttar Pradesh,Etah,Annual,1990,1.554
RICE_000315,Rice,Uttar Pradesh,Etawah,Annual,1990,2.009
RICE_000316,Rice,Uttar Pradesh,Faizabad,Annual,1990,2.113
RICE_000317,Rice,Uttar Pradesh,Farrukhabad,Annual,1990,1.862
RICE_000318,Rice,Uttar Pradesh,Fatehpur,Annual,1990,1.958
RICE_000319,Rice,Uttar Pradesh,Firozabad,Annual,1990,1.594
RICE_000320,Rice,Uttar Pradesh,Ghaziabad,Annual,1990,2.073
RICE_000321,Rice,Uttar Pradesh,Ghazipur,Annual,1990,1.832
RICE_000322,Rice,Uttar Pradesh,Gonda,Annual,1990,1.394
RICE_000323,Rice,Uttar Pradesh,Gorakhpur,Annual,1990,1.466
RICE_000324,Rice,Uttar Pradesh,Hamirpur,Annual,1990,0.981
RICE_000325,Rice,Uttar Pradesh,Hardoi,Annual,1990,1.794
RICE_000326,Rice,Uttar Pradesh,Jalaun,Annual,1990,0.984
RICE_000327,Rice,Uttar Pradesh,Jaunpur,Annual,1990,1.771
RICE_000328,Rice,Uttar Pradesh,Jhansi,Annual,1990,0.982
RICE_000329,Rice,Uttar Pradesh,Kanpur Dehat,Annual,1990,2.136
RICE_000330,Rice,Uttar Pradesh,Kanpur Nagar,Annual,1990,1.777
RICE_000331,Rice,Uttar Pradesh,Kheri,Annual,1990,2.213
RICE_000332,Rice,Uttar Pradesh,Lalitpur,Annual,1990,0.523
RICE_000333,Rice,Uttar Pradesh,Lucknow,Annual,1990,1.69
RICE_000334,Rice,Uttar Pradesh,Mahrajgani,Annual,1990,1.989
RICE_000335,Rice,Uttar Pradesh,Mainpuri,Annual,1990,1.866
RICE_000336,Rice,Uttar Pradesh,Mathura,Annual,1990,1.777
RICE_000337,Rice,Uttar Pradesh,Mau,Annual,1990,1.768
RICE_000338,Rice,Uttar Pradesh,Meerut,Annual,1990,2.135
RICE_000339,Rice,Uttar Pradesh,Mirzpur,Annual,1990,1.573
RICE_000340,Rice,Uttar Pradesh,Moradabad,Annual,1990,2.355
RICE_000341,Rice,Uttar Pradesh,Muzaffarnagar,Annual,1990,2.383
RICE_000342,Rice,Uttar Pradesh,Pilibhit,Annual,1990,2.68
RICE_000343,Rice,Uttar Pradesh,Pratapgarh,Annual,1990,1.788
RICE_000344,Rice,Uttar Pradesh,Rae-Bareily,Annual,1990,1.769
RICE_000345,Rice,Uttar Pradesh,Rampur,Annual,1990,2.205
RICE_000346,Rice,Uttar Pradesh,Saharanpur,Annual,1990,2.393
RICE_000347,Rice,Uttar Pradesh,Shahjahanpur,Annual,1990,2.354
RICE_000348,Rice,Uttar Pradesh,Sidharthnagar,Annual,1990,1.382
RICE_000349,Rice,Uttar Pradesh,Sitapur,Annual,1990,1.683
RICE_000350,Rice,Uttar Pradesh,Sonbhadra,Annual,1990,1.062
RICE_000351,Rice,Uttar Pradesh,Sultanpur,Annual,1990,1.701
RICE_000352,Rice,Uttar Pradesh,Unnao,Annual,1990,1.537
RICE_000353,Rice,Uttar Pradesh,Varanasi,Annual,1990,2.128
RICE_000354,Rice,Uttarakhand,Almorah,Annual,1990,1.142
RICE_000355,Rice,Uttarakhand,Chamoli,Annual,1990,1.228
RICE_000356,Rice,Uttarakhand,Dehradun,Annual,1990,2.015
RICE_000357,Rice,Uttarakhand,Garhwal,Annual,1990,1.223
RICE_000358,Rice,Uttarakhand,Haridwar,Annual,1990,2.437
RICE_000359,Rice,Uttarakhand,Nainital,Annual,1990,3.065
RICE_000360,Rice,Uttarakhand,Pithorgarh,Annual,1990,1.12
RICE_000361,Rice,Uttarakhand,Tehri Garhwal,Annual,1990,1.262
RICE_000362,Rice,Uttarakhand,Uttar Kashi,Annual,1990,1.427
RICE_000363,Rice,West Bengal,24-Paraganas North,Annual,1990,2.25
RICE_000364,Rice,West Bengal,24-Paraganas South,Annual,1990,1.22
RICE_000365,Rice,West Bengal,Bankura,Annual,1990,1.941
RICE_000366,Rice,West Bengal,Birbhum,Annual,1990,2.158
RICE_000367,Rice,West Bengal,Burdwan,Annual,1990,2.534
RICE_000368,Rice,West Bengal,Cooch Behar,Annual,1990,1.315
RICE_000369,Rice,West Bengal,Darjeeling,Annual,1990,1.168
RICE_000370,Rice,West Bengal,East Midnapore / Purba Midnapore,Annual,1990,1.467
RICE_000371,Rice,West Bengal,Hooghly,Annual,1990,2.218
RICE_000372,Rice,West Bengal,Jalpaiguri,Annual,1990,0.907
RICE_000373,Rice,West Bengal,Jhargram,Annual,1990,1.747
RICE_000374,Rice,West Bengal,Malda,Annual,1990,1.866
RICE_000375,Rice,West Bengal,Murshidabad,Annual,1990,2.219
RICE_000376,Rice,West Bengal,Nadia,Annual,1990,2.439
RICE_000377,Rice,West Bengal,Purulia,Annual,1990,1.307
RICE_000378,Rice,West Bengal,West Midnapore,Annual,1990,1.514
RICE_000379,Rice,Andhra Pradesh,Anantapur,Annual,1991,2.53
RICE_000380,Rice,Andhra Pradesh,Chittoor,Annual,1991,2.307
RICE_000381,Rice,Andhra Pradesh,East Godavari,Annual,1991,2.247
RICE_000382,Rice,Andhra Pradesh,Guntur,Annual,1991,2.835
RICE_000383,Rice,Andhra Pradesh,Kadapa Ysr,Annual,1991,2.591
RICE_000384,Rice,Andhra Pradesh,Krishna,Annual,1991,2.411
RICE_000385,Rice,Andhra Pradesh,Kurnool,Annual,1991,2.661
RICE_000386,Rice,Andhra Pradesh,Prakasam,Annual,1991,2.338
RICE_000387,Rice,Andhra Pradesh,S.P.S. Nellore,Annual,1991,2.15
RICE_000388,Rice,Andhra Pradesh,Srikakulam,Annual,1991,2.336
RICE_000389,Rice,Andhra Pradesh,Visakhapatnam,Annual,1991,1.356
RICE_000390,Rice,Andhra Pradesh,Vizianagaram,Annual,1991,2.275
RICE_000391,Rice,Andhra Pradesh,West Godavari,Annual,1991,2.56
RICE_000392,Rice,Assam,Barpeta,Annual,1991,0.864
RICE_000393,Rice,Assam,Bongaigaon,Annual,1991,0.934
RICE_000394,Rice,Assam,Cachar,Annual,1991,1.69
RICE_000395,Rice,Assam,Darrang,Annual,1991,1.042
RICE_000396,Rice,Assam,Dhemaji,Annual,1991,1.08
RICE_000397,Rice,Assam,Dhubri,Annual,1991,0.742
RICE_000398,Rice,Assam,Dibrugarh,Annual,1991,1.645
RICE_000399,Rice,Assam,Goalpara,Annual,1991,1.383
RICE_000400,Rice,Assam,Golaghat,Annual,1991,1.55
RICE_000401,Rice,Assam,Hailakandi,Annual,1991,1.626
RICE_000402,Rice,Assam,Jorhat,Annual,1991,1.715
RICE_000403,Rice,Assam,Kamrup,Annual,1991,0.966
RICE_000404,Rice,Assam,Karbi Anglong,Annual,1991,1.238
RICE_000405,Rice,Assam,Karimganj,Annual,1991,1.619
RICE_000406,Rice,Assam,Kokrajhar,Annual,1991,0.947
RICE_000407,Rice,Assam,Lakhimpur,Annual,1991,1.251
RICE_000408,Rice,Assam,Marigaon,Annual,1991,1.21
RICE_000409,Rice,Assam,Nagaon,Annual,1991,1.378
RICE_000410,Rice,Assam,Nalbari,Annual,1991,1.052
RICE_000411,Rice,Assam,North Cachar Hil,Annual,1991,1.394
RICE_000412,Rice,Assam,Sibsagar,Annual,1991,1.81
RICE_000413,Rice,Assam,Sonitpur,Annual,1991,1.212
RICE_000414,Rice,Assam,Tinsukia,Annual,1991,1.373
RICE_000415,Rice,Bihar,Araria,Annual,1991,0.95
RICE_000416,Rice,Bihar,Aurangabad,Annual,1991,1.013
RICE_000417,Rice,Bihar,Begusarai,Annual,1991,0.401
RICE_000418,Rice,Bihar,Bhagalpur,Annual,1991,0.918
RICE_000419,Rice,Bihar,Bhojpur,Annual,1991,1.287
RICE_000420,Rice,Bihar,Champaran (East),Annual,1991,0.941
RICE_000421,Rice,Bihar,Champaran (West),Annual,1991,1.505
RICE_000422,Rice,Bihar,Darbhanga,Annual,1991,0.795
RICE_000423,Rice,Bihar,Gaya,Annual,1991,1.249
RICE_000424,Rice,Bihar,Gopalganj,Annual,1991,1.415
RICE_000425,Rice,Bihar,Jehanabad,Annual,1991,0.932
RICE_000426,Rice,Bihar,Katihar,Annual,1991,0.962
RICE_000427,Rice,Bihar,Khagaria,Annual,1991,0.747
RICE_000428,Rice,Bihar,Kishanganj,Annual,1991,0.811
RICE_000429,Rice,Bihar,Madhepura,Annual,1991,0.829
RICE_000430,Rice,Bihar,Madhubani,Annual,1991,0.647
RICE_000431,Rice,Bihar,Mungair,Annual,1991,0.782
RICE_000432,Rice,Bihar,Muzaffarpur,Annual,1991,0.77
RICE_000433,Rice,Bihar,Nalanda,Annual,1991,1.02
RICE_000434,Rice,Bihar,Nawada,Annual,1991,0.737
RICE_000435,Rice,Bihar,Patna,Annual,1991,1.321
RICE_000436,Rice,Bihar,Purnea,Annual,1991,0.927
RICE_000437,Rice,Bihar,Rohtas,Annual,1991,1.424
RICE_000438,Rice,Bihar,Saharsa,Annual,1991,0.878
RICE_000439,Rice,Bihar,Samastipur,Annual,1991,0.87
RICE_000440,Rice,Bihar,Saran,Annual,1991,1.118
RICE_000441,Rice,Bihar,Sitamarhi,Annual,1991,0.742
RICE_000442,Rice,Bihar,Siwan,Annual,1991,1.285
RICE_000443,Rice,Bihar,Vaishali,Annual,1991,0.882
RICE_000444,Rice,Chhattisgarh,Bastar,Annual,1991,1.072
RICE_000445,Rice,Chhattisgarh,Bilaspur,Annual,1991,1.297
RICE_000446,Rice,Chhattisgarh,Durg,Annual,1991,1.293
RICE_000447,Rice,Chhattisgarh,Raigarh,Annual,1991,1.106
RICE_000448,Rice,Chhattisgarh,Raipur,Annual,1991,1.427
RICE_000449,Rice,Chhattisgarh,Rajnandgaon,Annual,1991,0.921
RICE_000450,Rice,Chhattisgarh,Surguja,Annual,1991,0.855
RICE_000451,Rice,Gujarat,Ahmedabad,Annual,1991,0.676
RICE_000452,Rice,Gujarat,Amreli,Annual,1991,1.0
RICE_000453,Rice,Gujarat,Banaskantha,Annual,1991,2.0
RICE_000454,Rice,Gujarat,Bharuch,Annual,1991,0.475
RICE_000455,Rice,Gujarat,Bhavnagar,Annual,1991,2.0
RICE_000456,Rice,Gujarat,Dangs,Annual,1991,0.651
RICE_000457,Rice,Gujarat,Gandhinagar,Annual,1991,1.764
RICE_000458,Rice,Gujarat,Junagadh,Annual,1991,1.6
RICE_000459,Rice,Gujarat,Kheda,Annual,1991,1.501
RICE_000460,Rice,Gujarat,Mehsana,Annual,1991,0.815
RICE_000461,Rice,Gujarat,Panchmahal,Annual,1991,0.242
RICE_000462,Rice,Gujarat,Sabarkantha,Annual,1991,0.685
RICE_000463,Rice,Gujarat,Surat,Annual,1991,1.967
RICE_000464,Rice,Gujarat,Surendranagar,Annual,1991,1.6
RICE_000465,Rice,Gujarat,Vadodara,Annual,1991,0.626
RICE_000466,Rice,Gujarat,Valsad,Annual,1991,2.328
RICE_000467,Rice,Haryana,Ambala,Annual,1991,2.739
RICE_000468,Rice,Haryana,Faridabad,Annual,1991,3.182
RICE_000469,Rice,Haryana,Gurgaon,Annual,1991,3.0
RICE_000470,Rice,Haryana,Hissar,Annual,1991,3.76
RICE_000471,Rice,Haryana,Jind,Annual,1991,2.709
RICE_000472,Rice,Haryana,Kaithal,Annual,1991,2.578
RICE_000473,Rice,Haryana,Karnal,Annual,1991,2.688
RICE_000474,Rice,Haryana,Kurukshetra,Annual,1991,3.206
RICE_000475,Rice,Haryana,Panipat,Annual,1991,2.28
RICE_000476,Rice,Haryana,Rohtak,Annual,1991,2.5
RICE_000477,Rice,Haryana,Sirsa,Annual,1991,3.372
RICE_000478,Rice,Haryana,Sonepat,Annual,1991,2.357
RICE_000479,Rice,Haryana,Yamunanagar,Annual,1991,3.133
RICE_000480,Rice,Himachal Pradesh,Bilashpur,Annual,1991,1.11
RICE_000481,Rice,Himachal Pradesh,Chamba,Annual,1991,1.067
RICE_000482,Rice,Himachal Pradesh,Hamirpur,Annual,1991,1.179
RICE_000483,Rice,Himachal Pradesh,Kangra,Annual,1991,1.315
RICE_000484,Rice,Himachal Pradesh,Kinnaur,Annual,1991,1.241
RICE_000485,Rice,Himachal Pradesh,Kullu,Annual,1991,1.666
RICE_000486,Rice,Himachal Pradesh,Mandi,Annual,1991,1.01
RICE_000487,Rice,Himachal Pradesh,Shimla,Annual,1991,1.195
RICE_000488,Rice,Himachal Pradesh,Sirmaur,Annual,1991,1.618
RICE_000489,Rice,Himachal Pradesh,Solan,Annual,1991,1.157
RICE_000490,Rice,Himachal Pradesh,Una,Annual,1991,1.773
RICE_000491,Rice,Jharkhand,Devghar / Deogarh,Annual,1991,0.817
RICE_000492,Rice,Jharkhand,Dhanbad,Annual,1991,0.75
RICE_000493,Rice,Jharkhand,Giridih,Annual,1991,0.757
RICE_000494,Rice,Jharkhand,Godda,Annual,1991,0.73
RICE_000495,Rice,Jharkhand,Gumla,Annual,1991,0.69
RICE_000496,Rice,Jharkhand,Hazaribagh,Annual,1991,0.785
RICE_000497,Rice,Jharkhand,Lohardagga,Annual,1991,0.969
RICE_000498,Rice,Jharkhand,Palamau,Annual,1991,0.511
RICE_000499,Rice,Jharkhand,Ranchi,Annual,1991,0.616
RICE_000500,Rice,Jharkhand,Sahebganj,Annual,1991,0.806
RICE_000501,Rice,Jharkhand,Santhal Paragana / Dumka,Annual,1991,0.624
RICE_000502,Rice,Jharkhand,Singhbhum East,Annual,1991,0.945
RICE_000503,Rice,Jharkhand,Singhbhum West,Annual,1991,0.647
RICE_000504,Rice,Karnataka,Bangalore (Rural),Annual,1991,2.438
RICE_000505,Rice,Karnataka,Bangalore (Urban),Annual,1991,2.395
RICE_000506,Rice,Karnataka,Belgaum,Annual,1991,1.843
RICE_000507,Rice,Karnataka,Bellary,Annual,1991,2.616
RICE_000508,Rice,Karnataka,Bidar,Annual,1991,0.392
RICE_000509,Rice,Karnataka,Bijapur,Annual,1991,1.346
RICE_000510,Rice,Karnataka,Chickmagalur,Annual,1991,2.223
RICE_000511,Rice,Karnataka,Chitradurga,Annual,1991,2.559
RICE_000512,Rice,Karnataka,Dakshina Kannada,Annual,1991,1.772
RICE_000513,Rice,Karnataka,Dharwad,Annual,1991,1.406
RICE_000514,Rice,Karnataka,Gulbarga,Annual,1991,1.23
RICE_000515,Rice,Karnataka,Hassan,Annual,1991,2.31
RICE_000516,Rice,Karnataka,Kodagu,Annual,1991,2.386
RICE_000517,Rice,Karnataka,Kolar,Annual,1991,2.546
RICE_000518,Rice,Karnataka,Mandya,Annual,1991,2.896
RICE_000519,Rice,Karnataka,Mysore,Annual,1991,2.853
RICE_000520,Rice,Karnataka,Raichur,Annual,1991,2.851
RICE_000521,Rice,Karnataka,Shimoge,Annual,1991,2.159
RICE_000522,Rice,Karnataka,Tumkur,Annual,1991,2.453
RICE_000523,Rice,Karnataka,Uttara Kannada,Annual,1991,1.713
RICE_000524,Rice,Kerala,Alappuzha,Annual,1991,2.078
RICE_000525,Rice,Kerala,Eranakulam,Annual,1991,1.684
RICE_000526,Rice,Kerala,Idukki,Annual,1991,2.254
RICE_000527,Rice,Kerala,Kannur,Annual,1991,1.537
RICE_000528,Rice,Kerala,Kasaragod,Annual,1991,1.778
RICE_000529,Rice,Kerala,Kollam,Annual,1991,1.669
RICE_000530,Rice,Kerala,Kottayam,Annual,1991,2.313
RICE_000531,Rice,Kerala,Kozhikode,Annual,1991,1.195
RICE_000532,Rice,Kerala,Malappuram,Annual,1991,1.595
RICE_000533,Rice,Kerala,Palakkad,Annual,1991,2.344
RICE_000534,Rice,Kerala,Pathanamthitta,Annual,1991,2.32
RICE_000535,Rice,Kerala,Thiruvananthapuram,Annual,1991,1.712
RICE_000536,Rice,Kerala,Thrissur,Annual,1991,1.762
RICE_000537,Rice,Kerala,Wayanad,Annual,1991,2.186
RICE_000538,Rice,Madhya Pradesh,Balaghat,Annual,1991,1.009
RICE_000539,Rice,Madhya Pradesh,Betul,Annual,1991,0.784
RICE_000540,Rice,Madhya Pradesh,Bhind,Annual,1991,2.441
RICE_000541,Rice,Madhya Pradesh,Bhopal,Annual,1991,0.818
RICE_000542,Rice,Madhya Pradesh,Chhatarpur,Annual,1991,0.648
RICE_000543,Rice,Madhya Pradesh,Chhindwara,Annual,1991,0.565
RICE_000544,Rice,Madhya Pradesh,Damoh,Annual,1991,0.449
RICE_000545,Rice,Madhya Pradesh,Datia,Annual,1991,0.5
RICE_000546,Rice,Madhya Pradesh,Dewas,Annual,1991,0.545
RICE_000547,Rice,Madhya Pradesh,Dhar,Annual,1991,0.382
RICE_000548,Rice,Madhya Pradesh,Guna,Annual,1991,0.438
RICE_000549,Rice,Madhya Pradesh,Gwalior,Annual,1991,1.564
RICE_000550,Rice,Madhya Pradesh,Hoshangabad,Annual,1991,1.359
RICE_000551,Rice,Madhya Pradesh,Indore,Annual,1991,1.0
RICE_000552,Rice,Madhya Pradesh,Jabalpur,Annual,1991,0.542
RICE_000553,Rice,Madhya Pradesh,Jhabua,Annual,1991,0.32
RICE_000554,Rice,Madhya Pradesh,Khandwa,Annual,1991,0.784
RICE_000555,Rice,Madhya Pradesh,Khargone,Annual,1991,0.519
RICE_000556,Rice,Madhya Pradesh,Mandla,Annual,1991,0.561
RICE_000557,Rice,Madhya Pradesh,Mandsaur,Annual,1991,1.0
RICE_000558,Rice,Madhya Pradesh,Morena,Annual,1991,2.955
RICE_000559,Rice,Madhya Pradesh,Narsinghpur,Annual,1991,1.173
RICE_000560,Rice,Madhya Pradesh,Panna,Annual,1991,0.421
RICE_000561,Rice,Madhya Pradesh,Raisen,Annual,1991,0.941
RICE_000562,Rice,Madhya Pradesh,Rajgarh,Annual,1991,0.318
RICE_000563,Rice,Madhya Pradesh,Ratlam,Annual,1991,0.563
RICE_000564,Rice,Madhya Pradesh,Rewa,Annual,1991,0.306
RICE_000565,Rice,Madhya Pradesh,Sagar,Annual,1991,0.626
RICE_000566,Rice,Madhya Pradesh,Satna,Annual,1991,0.353
RICE_000567,Rice,Madhya Pradesh,Sehore,Annual,1991,0.862
RICE_000568,Rice,Madhya Pradesh,Seoni,Annual,1991,0.62
RICE_000569,Rice,Madhya Pradesh,Shahdol,Annual,1991,0.479
RICE_000570,Rice,Madhya Pradesh,Shajapur,Annual,1991,0.692
RICE_000571,Rice,Madhya Pradesh,Shivpuri,Annual,1991,0.725
RICE_000572,Rice,Madhya Pradesh,Sidhi,Annual,1991,0.466
RICE_000573,Rice,Madhya Pradesh,Tikamgarh,Annual,1991,0.742
RICE_000574,Rice,Madhya Pradesh,Ujjain,Annual,1991,1.0
RICE_000575,Rice,Madhya Pradesh,Vidisha,Annual,1991,0.615
RICE_000576,Rice,Maharashtra,Ahmednagar,Annual,1991,0.939
RICE_000577,Rice,Maharashtra,Akola,Annual,1991,0.485
RICE_000578,Rice,Maharashtra,Amarawati,Annual,1991,0.439
RICE_000579,Rice,Maharashtra,Aurangabad,Annual,1991,0.318
RICE_000580,Rice,Maharashtra,Beed,Annual,1991,0.253
RICE_000581,Rice,Maharashtra,Bhandara,Annual,1991,1.068
RICE_000582,Rice,Maharashtra,Buldhana,Annual,1991,0.514
RICE_000583,Rice,Maharashtra,Chandrapur,Annual,1991,0.964
RICE_000584,Rice,Maharashtra,Dhule,Annual,1991,0.565
RICE_000585,Rice,Maharashtra,Gadchiroli,Annual,1991,0.646
RICE_000586,Rice,Maharashtra,Jalgaon,Annual,1991,0.851
RICE_000587,Rice,Maharashtra,Jalna,Annual,1991,0.32
RICE_000588,Rice,Maharashtra,Kolhapur,Annual,1991,2.483
RICE_000589,Rice,Maharashtra,Latur,Annual,1991,0.259
RICE_000590,Rice,Maharashtra,Mumbai City,Annual,1991,1.667
RICE_000591,Rice,Maharashtra,Nagpur,Annual,1991,1.026
RICE_000592,Rice,Maharashtra,Nanded,Annual,1991,0.292
RICE_000593,Rice,Maharashtra,Nasik,Annual,1991,0.769
RICE_000594,Rice,Maharashtra,Osmanabad,Annual,1991,0.243
RICE_000595,Rice,Maharashtra,Parbhani,Annual,1991,0.395
RICE_000596,Rice,Maharashtra,Pune,Annual,1991,1.048
RICE_000597,Rice,Maharashtra,Raigad,Annual,1991,2.231
RICE_000598,Rice,Maharashtra,Ratnagiri,Annual,1991,2.43
RICE_000599,Rice,Maharashtra,Sangli,Annual,1991,1.861
RICE_000600,Rice,Maharashtra,Satara,Annual,1991,1.899
RICE_000601,Rice,Maharashtra,Sindhudurg,Annual,1991,1.828
RICE_000602,Rice,Maharashtra,Solapur,Annual,1991,0.756
RICE_000603,Rice,Maharashtra,Thane,Annual,1991,1.784
RICE_000604,Rice,Maharashtra,Wardha,Annual,1991,0.486
RICE_000605,Rice,Maharashtra,Yeotmal,Annual,1991,0.427
RICE_000606,Rice,Orissa,Balasore,Annual,1991,1.404
RICE_000607,Rice,Orissa,Bolangir,Annual,1991,1.477
RICE_000608,Rice,Orissa,Cuttack,Annual,1991,1.42
RICE_000609,Rice,Orissa,Dhenkanal,Annual,1991,1.498
RICE_000610,Rice,Orissa,Ganjam,Annual,1991,2.275
RICE_000611,Rice,Orissa,Kalahandi,Annual,1991,1.053
RICE_000612,Rice,Orissa,Keonjhar,Annual,1991,1.151
RICE_000613,Rice,Orissa,Koraput,Annual,1991,1.396
RICE_000614,Rice,Orissa,Mayurbhanja,Annual,1991,1.228
RICE_000615,Rice,Orissa,Phulbani ( Kandhamal ),Annual,1991,1.369
RICE_000616,Rice,Orissa,Puri,Annual,1991,1.655
RICE_000617,Rice,Orissa,Sambalpur,Annual,1991,1.658
RICE_000618,Rice,Orissa,Sundargarh,Annual,1991,1.079
RICE_000619,Rice,Punjab,Amritsar,Annual,1991,2.75
RICE_000620,Rice,Punjab,Bhatinda,Annual,1991,3.578
RICE_000621,Rice,Punjab,Faridkot,Annual,1991,3.777
RICE_000622,Rice,Punjab,Ferozpur,Annual,1991,3.262
RICE_000623,Rice,Punjab,Gurdaspur,Annual,1991,2.674
RICE_000624,Rice,Punjab,Hoshiarpur,Annual,1991,2.983
RICE_000625,Rice,Punjab,Jalandhar,Annual,1991,3.433
RICE_000626,Rice,Punjab,Kapurthala,Annual,1991,2.928
RICE_000627,Rice,Punjab,Ludhiana,Annual,1991,3.58
RICE_000628,Rice,Punjab,Patiala,Annual,1991,3.294
RICE_000629,Rice,Punjab,Roopnagar,Annual,1991,3.297
RICE_000630,Rice,Punjab,Sangrur,Annual,1991,3.535
RICE_000631,Rice,Rajasthan,Ajmer,Annual,1991,0.8
RICE_000632,Rice,Rajasthan,Alwar,Annual,1991,1.0
RICE_000633,Rice,Rajasthan,Banswara,Annual,1991,0.612
RICE_000634,Rice,Rajasthan,Baran,Annual,1991,0.852
RICE_000635,Rice,Rajasthan,Bharatpur,Annual,1991,2.3
RICE_000636,Rice,Rajasthan,Bundi,Annual,1991,1.561
RICE_000637,Rice,Rajasthan,Chittorgarh,Annual,1991,0.367
RICE_000638,Rice,Rajasthan,Dholpur,Annual,1991,0.852
RICE_000639,Rice,Rajasthan,Dungarpur,Annual,1991,0.35
RICE_000640,Rice,Rajasthan,Ganganagar,Annual,1991,2.632
RICE_000641,Rice,Rajasthan,Jhalawar,Annual,1991,0.833
RICE_000642,Rice,Rajasthan,Kota,Annual,1991,1.533
RICE_000643,Rice,Rajasthan,Pali,Annual,1991,1.0
RICE_000644,Rice,Rajasthan,Rajsamand,Annual,1991,0.853
RICE_000645,Rice,Rajasthan,Sirohi,Annual,1991,1.0
RICE_000646,Rice,Rajasthan,Swami Madhopur,Annual,1991,0.297
RICE_000647,Rice,Rajasthan,Udaipur,Annual,1991,0.598
RICE_000648,Rice,Tamil Nadu,Chengalpattu Mgr / Kancheepuram,Annual,1991,3.383
RICE_000649,Rice,Tamil Nadu,Chidambanar / Toothukudi,Annual,1991,3.415
RICE_000650,Rice,Tamil Nadu,Coimbatore,Annual,1991,3.468
RICE_000651,Rice,Tamil Nadu,Dharmapuri,Annual,1991,3.191
RICE_000652,Rice,Tamil Nadu,Dindigul Anna,Annual,1991,3.666
RICE_000653,Rice,Tamil Nadu,Kanyakumari,Annual,1991,3.53
RICE_000654,Rice,Tamil Nadu,Madurai,Annual,1991,3.547
RICE_000655,Rice,Tamil Nadu,North Arcot / Vellore,Annual,1991,3.167
RICE_000656,Rice,Tamil Nadu,Periyar (Erode),Annual,1991,3.783
RICE_000657,Rice,Tamil Nadu,Pudukkottai,Annual,1991,2.825
RICE_000658,Rice,Tamil Nadu,Ramananthapuram,Annual,1991,0.506
RICE_000659,Rice,Tamil Nadu,Salem,Annual,1991,3.39
RICE_000660,Rice,Tamil Nadu,Sivagangai / Pasumpon,Annual,1991,1.795
RICE_000661,Rice,Tamil Nadu,South Arcot / Cuddalore,Annual,1991,3.547
RICE_000662,Rice,Tamil Nadu,Thanjavur,Annual,1991,3.34
RICE_000663,Rice,Tamil Nadu,The Nilgiris,Annual,1991,3.122
RICE_000664,Rice,Tamil Nadu,Thirunelveli,Annual,1991,3.224
RICE_000665,Rice,Tamil Nadu,Thiruvannamalai,Annual,1991,3.059
RICE_000666,Rice,Tamil Nadu,Tiruchirapalli / Trichy,Annual,1991,3.662
RICE_000667,Rice,Tamil Nadu,Virudhunagar / Kamarajar,Annual,1991,2.177
RICE_000668,Rice,Telangana,Adilabad,Annual,1991,0.886
RICE_000669,Rice,Telangana,Karimnagar,Annual,1991,2.545
RICE_000670,Rice,Telangana,Khammam,Annual,1991,2.272
RICE_000671,Rice,Telangana,Mahabubnagar,Annual,1991,2.375
RICE_000672,Rice,Telangana,Medak,Annual,1991,1.62
RICE_000673,Rice,Telangana,Nalgonda,Annual,1991,2.624
RICE_000674,Rice,Telangana,Nizamabad,Annual,1991,2.251
RICE_000675,Rice,Telangana,Rangareddy,Annual,1991,2.217
RICE_000676,Rice,Telangana,Warangal,Annual,1991,2.263
RICE_000677,Rice,Uttar Pradesh,Agra,Annual,1991,1.625
RICE_000678,Rice,Uttar Pradesh,Aligarh,Annual,1991,1.514
RICE_000679,Rice,Uttar Pradesh,Allahabad,Annual,1991,1.435
RICE_000680,Rice,Uttar Pradesh,Azamgarh,Annual,1991,1.771
RICE_000681,Rice,Uttar Pradesh,Bahraich,Annual,1991,1.115
RICE_000682,Rice,Uttar Pradesh,Ballia,Annual,1991,1.586
RICE_000683,Rice,Uttar Pradesh,Banda,Annual,1991,0.695
RICE_000684,Rice,Uttar Pradesh,Barabanki,Annual,1991,2.088
RICE_000685,Rice,Uttar Pradesh,Bareilly,Annual,1991,1.816
RICE_000686,Rice,Uttar Pradesh,Basti,Annual,1991,1.141
RICE_000687,Rice,Uttar Pradesh,Bijnor,Annual,1991,2.538
RICE_000688,Rice,Uttar Pradesh,Budaun,Annual,1991,1.456
RICE_000689,Rice,Uttar Pradesh,Buland Shahar,Annual,1991,1.479
RICE_000690,Rice,Uttar Pradesh,Deoria,Annual,1991,2.318
RICE_000691,Rice,Uttar Pradesh,Etah,Annual,1991,1.641
RICE_000692,Rice,Uttar Pradesh,Etawah,Annual,1991,1.807
RICE_000693,Rice,Uttar Pradesh,Faizabad,Annual,1991,1.958
RICE_000694,Rice,Uttar Pradesh,Farrukhabad,Annual,1991,1.594
RICE_000695,Rice,Uttar Pradesh,Fatehpur,Annual,1991,1.498
RICE_000696,Rice,Uttar Pradesh,Firozabad,Annual,1991,1.57
RICE_000697,Rice,Uttar Pradesh,Ghaziabad,Annual,1991,2.023
RICE_000698,Rice,Uttar Pradesh,Ghazipur,Annual,1991,2.062
RICE_000699,Rice,Uttar Pradesh,Gonda,Annual,1991,1.206
RICE_000700,Rice,Uttar Pradesh,Gorakhpur,Annual,1991,1.656
RICE_000701,Rice,Uttar Pradesh,Hamirpur,Annual,1991,0.66
RICE_000702,Rice,Uttar Pradesh,Hardoi,Annual,1991,1.647
RICE_000703,Rice,Uttar Pradesh,Jalaun,Annual,1991,1.114
RICE_000704,Rice,Uttar Pradesh,Jaunpur,Annual,1991,1.964
RICE_000705,Rice,Uttar Pradesh,Jhansi,Annual,1991,0.661
RICE_000706,Rice,Uttar Pradesh,Kanpur Dehat,Annual,1991,1.381
RICE_000707,Rice,Uttar Pradesh,Kanpur Nagar,Annual,1991,1.276
RICE_000708,Rice,Uttar Pradesh,Kheri,Annual,1991,2.055
RICE_000709,Rice,Uttar Pradesh,Lalitpur,Annual,1991,0.444
RICE_000710,Rice,Uttar Pradesh,Lucknow,Annual,1991,1.328
RICE_000711,Rice,Uttar Pradesh,Mahrajgani,Annual,1991,2.207
RICE_000712,Rice,Uttar Pradesh,Mainpuri,Annual,1991,1.719
RICE_000713,Rice,Uttar Pradesh,Mathura,Annual,1991,2.442
RICE_000714,Rice,Uttar Pradesh,Mau,Annual,1991,1.648
RICE_000715,Rice,Uttar Pradesh,Meerut,Annual,1991,1.984
RICE_000716,Rice,Uttar Pradesh,Mirzpur,Annual,1991,1.408
RICE_000717,Rice,Uttar Pradesh,Moradabad,Annual,1991,2.068
RICE_000718,Rice,Uttar Pradesh,Muzaffarnagar,Annual,1991,2.36
RICE_000719,Rice,Uttar Pradesh,Pilibhit,Annual,1991,2.823
RICE_000720,Rice,Uttar Pradesh,Pratapgarh,Annual,1991,1.648
RICE_000721,Rice,Uttar Pradesh,Rae-Bareily,Annual,1991,1.431
RICE_000722,Rice,Uttar Pradesh,Rampur,Annual,1991,2.286
RICE_000723,Rice,Uttar Pradesh,Saharanpur,Annual,1991,2.415
RICE_000724,Rice,Uttar Pradesh,Shahjahanpur,Annual,1991,2.351
RICE_000725,Rice,Uttar Pradesh,Sidharthnagar,Annual,1991,1.155
RICE_000726,Rice,Uttar Pradesh,Sitapur,Annual,1991,1.549
RICE_000727,Rice,Uttar Pradesh,Sonbhadra,Annual,1991,0.726
RICE_000728,Rice,Uttar Pradesh,Sultanpur,Annual,1991,1.653
RICE_000729,Rice,Uttar Pradesh,Unnao,Annual,1991,1.275
RICE_000730,Rice,Uttar Pradesh,Varanasi,Annual,1991,2.129
RICE_000731,Rice,Uttarakhand,Almorah,Annual,1991,1.222
RICE_000732,Rice,Uttarakhand,Chamoli,Annual,1991,1.345
RICE_000733,Rice,Uttarakhand,Dehradun,Annual,1991,1.528
RICE_000734,Rice,Uttarakhand,Garhwal,Annual,1991,0.984
RICE_000735,Rice,Uttarakhand,Haridwar,Annual,1991,2.292
RICE_000736,Rice,Uttarakhand,Nainital,Annual,1991,3.031
RICE_000737,Rice,Uttarakhand,Pithorgarh,Annual,1991,1.212
RICE_000738,Rice,Uttarakhand,Tehri Garhwal,Annual,1991,1.205
RICE_000739,Rice,Uttarakhand,Uttar Kashi,Annual,1991,1.357
RICE_000740,Rice,West Bengal,24-Paraganas North,Annual,1991,2.562
RICE_000741,Rice,West Bengal,24-Paraganas South,Annual,1991,1.845
RICE_000742,Rice,West Bengal,Bankura,Annual,1991,2.295
RICE_000743,Rice,West Bengal,Birbhum,Annual,1991,2.292
RICE_000744,Rice,West Bengal,Burdwan,Annual,1991,2.735
RICE_000745,Rice,West Bengal,Cooch Behar,Annual,1991,1.266
RICE_000746,Rice,West Bengal,Darjeeling,Annual,1991,1.513
RICE_000747,Rice,West Bengal,East Midnapore / Purba Midnapore,Annual,1991,2.109
RICE_000748,Rice,West Bengal,Hooghly,Annual,1991,2.536
RICE_000749,Rice,West Bengal,Jalpaiguri,Annual,1991,1.379
RICE_000750,Rice,West Bengal,Jhargram,Annual,1991,2.446
RICE_000751,Rice,West Bengal,Malda,Annual,1991,1.831
RICE_000752,Rice,West Bengal,Murshidabad,Annual,1991,2.256
RICE_000753,Rice,West Bengal,Nadia,Annual,1991,2.635
RICE_000754,Rice,West Bengal,Purulia,Annual,1991,1.436
RICE_000755,Rice,West Bengal,West Midnapore,Annual,1991,2.131
RICE_000756,Rice,Andhra Pradesh,Anantapur,Annual,1992,1.963
RICE_000757,Rice,Andhra Pradesh,Chittoor,Annual,1992,1.739
RICE_000758,Rice,Andhra Pradesh,East Godavari,Annual,1992,2.57
RICE_000759,Rice,Andhra Pradesh,Guntur,Annual,1992,2.927
RICE_000760,Rice,Andhra Pradesh,Kadapa Ysr,Annual,1992,2.681
RICE_000761,Rice,Andhra Pradesh,Krishna,Annual,1992,2.765
RICE_000762,Rice,Andhra Pradesh,Kurnool,Annual,1992,2.416
RICE_000763,Rice,Andhra Pradesh,Prakasam,Annual,1992,2.316
RICE_000764,Rice,Andhra Pradesh,S.P.S. Nellore,Annual,1992,2.322
RICE_000765,Rice,Andhra Pradesh,Srikakulam,Annual,1992,2.248
RICE_000766,Rice,Andhra Pradesh,Visakhapatnam,Annual,1992,1.869
RICE_000767,Rice,Andhra Pradesh,Vizianagaram,Annual,1992,2.179
RICE_000768,Rice,Andhra Pradesh,West Godavari,Annual,1992,2.912
RICE_000769,Rice,Assam,Barpeta,Annual,1992,0.944
RICE_000770,Rice,Assam,Bongaigaon,Annual,1992,0.98
RICE_000771,Rice,Assam,Cachar,Annual,1992,1.778
RICE_000772,Rice,Assam,Darrang,Annual,1992,1.26
RICE_000773,Rice,Assam,Dhemaji,Annual,1992,1.075
RICE_000774,Rice,Assam,Dhubri,Annual,1992,1.027
RICE_000775,Rice,Assam,Dibrugarh,Annual,1992,1.902
RICE_000776,Rice,Assam,Goalpara,Annual,1992,1.257
RICE_000777,Rice,Assam,Golaghat,Annual,1992,1.625
RICE_000778,Rice,Assam,Hailakandi,Annual,1992,1.967
RICE_000779,Rice,Assam,Jorhat,Annual,1992,1.441
RICE_000780,Rice,Assam,Kamrup,Annual,1992,1.135
RICE_000781,Rice,Assam,Karbi Anglong,Annual,1992,1.308
RICE_000782,Rice,Assam,Karimganj,Annual,1992,1.496
RICE_000783,Rice,Assam,Kokrajhar,Annual,1992,0.748
RICE_000784,Rice,Assam,Lakhimpur,Annual,1992,1.163
RICE_000785,Rice,Assam,Marigaon,Annual,1992,1.518
RICE_000786,Rice,Assam,Nagaon,Annual,1992,1.44
RICE_000787,Rice,Assam,Nalbari,Annual,1992,1.194
RICE_000788,Rice,Assam,North Cachar Hil,Annual,1992,1.368
RICE_000789,Rice,Assam,Sibsagar,Annual,1992,1.675
RICE_000790,Rice,Assam,Sonitpur,Annual,1992,0.985
RICE_000791,Rice,Assam,Tinsukia,Annual,1992,1.265
RICE_000792,Rice,Bihar,Araria,Annual,1992,0.624
RICE_000793,Rice,Bihar,Aurangabad,Annual,1992,1.413
RICE_000794,Rice,Bihar,Banka,Annual,1992,0.901
RICE_000795,Rice,Bihar,Begusarai,Annual,1992,0.059
RICE_000796,Rice,Bihar,Bhabhua / Kaimur,Annual,1992,1.723
RICE_000797,Rice,Bihar,Bhagalpur,Annual,1992,0.739
RICE_000798,Rice,Bihar,Bhojpur,Annual,1992,1.36
RICE_000799,Rice,Bihar,Buxar,Annual,1992,1.373
RICE_000800,Rice,Bihar,Champaran (East),Annual,1992,0.837
RICE_000801,Rice,Bihar,Champaran (West),Annual,1992,1.251
RICE_000802,Rice,Bihar,Darbhanga,Annual,1992,0.228
RICE_000803,Rice,Bihar,Gaya,Annual,1992,0.589
RICE_000804,Rice,Bihar,Gopalganj,Annual,1992,0.672
RICE_000805,Rice,Bihar,Jamui,Annual,1992,0.569
RICE_000806,Rice,Bihar,Jehanabad,Annual,1992,1.007
RICE_000807,Rice,Bihar,Katihar,Annual,1992,0.974
RICE_000808,Rice,Bihar,Khagaria,Annual,1992,0.114
RICE_000809,Rice,Bihar,Kishanganj,Annual,1992,0.69
RICE_000810,Rice,Bihar,Madhepura,Annual,1992,0.669
RICE_000811,Rice,Bihar,Madhubani,Annual,1992,0.318
RICE_000812,Rice,Bihar,Mungair,Annual,1992,0.677
RICE_000813,Rice,Bihar,Muzaffarpur,Annual,1992,0.336
RICE_000814,Rice,Bihar,Nalanda,Annual,1992,0.751
RICE_000815,Rice,Bihar,Nawada,Annual,1992,0.561
RICE_000816,Rice,Bihar,Patna,Annual,1992,0.854
RICE_000817,Rice,Bihar,Purnea,Annual,1992,0.813
RICE_000818,Rice,Bihar,Rohtas,Annual,1992,1.788
RICE_000819,Rice,Bihar,Saharsa,Annual,1992,0.507
RICE_000820,Rice,Bihar,Samastipur,Annual,1992,0.18
RICE_000821,Rice,Bihar,Saran,Annual,1992,0.537
RICE_000822,Rice,Bihar,Sitamarhi,Annual,1992,0.388
RICE_000823,Rice,Bihar,Siwan,Annual,1992,0.582
RICE_000824,Rice,Bihar,Supaul,Annual,1992,0.609
RICE_000825,Rice,Bihar,Vaishali,Annual,1992,0.399
RICE_000826,Rice,Chhattisgarh,Bastar,Annual,1992,0.913
RICE_000827,Rice,Chhattisgarh,Bilaspur,Annual,1992,1.047
RICE_000828,Rice,Chhattisgarh,Durg,Annual,1992,1.291
RICE_000829,Rice,Chhattisgarh,Raigarh,Annual,1992,1.055
RICE_000830,Rice,Chhattisgarh,Raipur,Annual,1992,1.61
RICE_000831,Rice,Chhattisgarh,Rajnandgaon,Annual,1992,0.907
RICE_000832,Rice,Chhattisgarh,Surguja,Annual,1992,0.694
RICE_000833,Rice,Gujarat,Ahmedabad,Annual,1992,1.185
RICE_000834,Rice,Gujarat,Amreli,Annual,1992,1.0
RICE_000835,Rice,Gujarat,Banaskantha,Annual,1992,2.0
RICE_000836,Rice,Gujarat,Bharuch,Annual,1992,0.907
RICE_000837,Rice,Gujarat,Bhavnagar,Annual,1992,1.667
RICE_000838,Rice,Gujarat,Dangs,Annual,1992,0.877
RICE_000839,Rice,Gujarat,Gandhinagar,Annual,1992,2.221
RICE_000840,Rice,Gujarat,Junagadh,Annual,1992,1.875
RICE_000841,Rice,Gujarat,Kheda,Annual,1992,1.656
RICE_000842,Rice,Gujarat,Mehsana,Annual,1992,1.265
RICE_000843,Rice,Gujarat,Panchmahal,Annual,1992,0.594
RICE_000844,Rice,Gujarat,Sabarkantha,Annual,1992,0.98
RICE_000845,Rice,Gujarat,Surat,Annual,1992,2.064
RICE_000846,Rice,Gujarat,Surendranagar,Annual,1992,2.0
RICE_000847,Rice,Gujarat,Vadodara,Annual,1992,0.987
RICE_000848,Rice,Gujarat,Valsad,Annual,1992,2.403
RICE_000849,Rice,Haryana,Ambala,Annual,1992,2.559
RICE_000850,Rice,Haryana,Faridabad,Annual,1992,2.614
RICE_000851,Rice,Haryana,Gurgaon,Annual,1992,3.125
RICE_000852,Rice,Haryana,Hissar,Annual,1992,3.582
RICE_000853,Rice,Haryana,Jind,Annual,1992,2.365
RICE_000854,Rice,Haryana,Kaithal,Annual,1992,2.582
RICE_000855,Rice,Haryana,Karnal,Annual,1992,2.473
RICE_000856,Rice,Haryana,Kurukshetra,Annual,1992,3.031
RICE_000857,Rice,Haryana,Panipat,Annual,1992,2.255
RICE_000858,Rice,Haryana,Rohtak,Annual,1992,2.857
RICE_000859,Rice,Haryana,Sirsa,Annual,1992,2.902
RICE_000860,Rice,Haryana,Sonepat,Annual,1992,2.199
RICE_000861,Rice,Haryana,Yamunanagar,Annual,1992,3.0
RICE_000862,Rice,Himachal Pradesh,Bilashpur,Annual,1992,1.12
RICE_000863,Rice,Himachal Pradesh,Chamba,Annual,1992,1.316
RICE_000864,Rice,Himachal Pradesh,Hamirpur,Annual,1992,1.193
RICE_000865,Rice,Himachal Pradesh,Kangra,Annual,1992,1.349
RICE_000866,Rice,Himachal Pradesh,Kinnaur,Annual,1992,1.357
RICE_000867,Rice,Himachal Pradesh,Kullu,Annual,1992,1.729
RICE_000868,Rice,Himachal Pradesh,Mandi,Annual,1992,1.22
RICE_000869,Rice,Himachal Pradesh,Shimla,Annual,1992,1.232
RICE_000870,Rice,Himachal Pradesh,Sirmaur,Annual,1992,1.635
RICE_000871,Rice,Himachal Pradesh,Solan,Annual,1992,1.62
RICE_000872,Rice,Himachal Pradesh,Una,Annual,1992,2.036
RICE_000873,Rice,Jharkhand,Bokaro,Annual,1992,0.605
RICE_000874,Rice,Jharkhand,Chatra,Annual,1992,0.43
RICE_000875,Rice,Jharkhand,Devghar / Deogarh,Annual,1992,1.231
RICE_000876,Rice,Jharkhand,Dhanbad,Annual,1992,0.813
RICE_000877,Rice,Jharkhand,Gadva / Garhwa,Annual,1992,0.339
RICE_000878,Rice,Jharkhand,Giridih,Annual,1992,0.603
RICE_000879,Rice,Jharkhand,Godda,Annual,1992,0.688
RICE_000880,Rice,Jharkhand,Gumla,Annual,1992,0.55
RICE_000881,Rice,Jharkhand,Hazaribagh,Annual,1992,0.432
RICE_000882,Rice,Jharkhand,Lohardagga,Annual,1992,0.312
RICE_000883,Rice,Jharkhand,Palamau,Annual,1992,0.303
RICE_000884,Rice,Jharkhand,Ranchi,Annual,1992,0.628
RICE_000885,Rice,Jharkhand,Sahebganj,Annual,1992,1.123
RICE_000886,Rice,Jharkhand,Santhal Paragana / Dumka,Annual,1992,1.05
RICE_000887,Rice,Jharkhand,Singhbhum East,Annual,1992,0.941
RICE_000888,Rice,Jharkhand,Singhbhum West,Annual,1992,0.619
RICE_000889,Rice,Karnataka,Bangalore (Rural),Annual,1992,2.374
RICE_000890,Rice,Karnataka,Bangalore (Urban),Annual,1992,2.449
RICE_000891,Rice,Karnataka,Belgaum,Annual,1992,1.724
RICE_000892,Rice,Karnataka,Bellary,Annual,1992,2.623
RICE_000893,Rice,Karnataka,Bidar,Annual,1992,0.798
RICE_000894,Rice,Karnataka,Bijapur,Annual,1992,1.5
RICE_000895,Rice,Karnataka,Chickmagalur,Annual,1992,2.208
RICE_000896,Rice,Karnataka,Chitradurga,Annual,1992,2.985
RICE_000897,Rice,Karnataka,Dakshina Kannada,Annual,1992,1.864
RICE_000898,Rice,Karnataka,Dharwad,Annual,1992,1.498
RICE_000899,Rice,Karnataka,Gulbarga,Annual,1992,0.861
RICE_000900,Rice,Karnataka,Hassan,Annual,1992,2.568
RICE_000901,Rice,Karnataka,Kodagu,Annual,1992,2.35
RICE_000902,Rice,Karnataka,Kolar,Annual,1992,2.363
RICE_000903,Rice,Karnataka,Mandya,Annual,1992,3.134
RICE_000904,Rice,Karnataka,Mysore,Annual,1992,2.942
RICE_000905,Rice,Karnataka,Raichur,Annual,1992,2.771
RICE_000906,Rice,Karnataka,Shimoge,Annual,1992,2.314
RICE_000907,Rice,Karnataka,Tumkur,Annual,1992,2.689
RICE_000908,Rice,Karnataka,Uttara Kannada,Annual,1992,1.792
RICE_000909,Rice,Kerala,Alappuzha,Annual,1992,2.309
RICE_000910,Rice,Kerala,Eranakulam,Annual,1992,1.722
RICE_000911,Rice,Kerala,Idukki,Annual,1992,2.09
RICE_000912,Rice,Kerala,Kannur,Annual,1992,1.568
RICE_000913,Rice,Kerala,Kasaragod,Annual,1992,1.79
RICE_000914,Rice,Kerala,Kollam,Annual,1992,1.918
RICE_000915,Rice,Kerala,Kottayam,Annual,1992,2.389
RICE_000916,Rice,Kerala,Kozhikode,Annual,1992,1.209
RICE_000917,Rice,Kerala,Malappuram,Annual,1992,1.613
RICE_000918,Rice,Kerala,Palakkad,Annual,1992,2.297
RICE_000919,Rice,Kerala,Pathanamthitta,Annual,1992,2.624
RICE_000920,Rice,Kerala,Thiruvananthapuram,Annual,1992,1.896
RICE_000921,Rice,Kerala,Thrissur,Annual,1992,1.777
RICE_000922,Rice,Kerala,Wayanad,Annual,1992,2.382
RICE_000923,Rice,Madhya Pradesh,Balaghat,Annual,1992,1.111
RICE_000924,Rice,Madhya Pradesh,Betul,Annual,1992,0.805
RICE_000925,Rice,Madhya Pradesh,Bhind,Annual,1992,2.037
RICE_000926,Rice,Madhya Pradesh,Bhopal,Annual,1992,0.727
RICE_000927,Rice,Madhya Pradesh,Chhatarpur,Annual,1992,0.813
RICE_000928,Rice,Madhya Pradesh,Chhindwara,Annual,1992,0.694
RICE_000929,Rice,Madhya Pradesh,Damoh,Annual,1992,0.692
RICE_000930,Rice,Madhya Pradesh,Datia,Annual,1992,0.6
RICE_000931,Rice,Madhya Pradesh,Dewas,Annual,1992,0.6
RICE_000932,Rice,Madhya Pradesh,Dhar,Annual,1992,0.565
RICE_000933,Rice,Madhya Pradesh,Guna,Annual,1992,0.625
RICE_000934,Rice,Madhya Pradesh,Gwalior,Annual,1992,1.971
RICE_000935,Rice,Madhya Pradesh,Hoshangabad,Annual,1992,1.196
RICE_000936,Rice,Madhya Pradesh,Indore,Annual,1992,1.0
RICE_000937,Rice,Madhya Pradesh,Jabalpur,Annual,1992,0.659
RICE_000938,Rice,Madhya Pradesh,Jhabua,Annual,1992,0.441
RICE_000939,Rice,Madhya Pradesh,Khandwa,Annual,1992,0.649
RICE_000940,Rice,Madhya Pradesh,Khargone,Annual,1992,0.532
RICE_000941,Rice,Madhya Pradesh,Mandla,Annual,1992,0.585
RICE_000942,Rice,Madhya Pradesh,Morena,Annual,1992,2.057
RICE_000943,Rice,Madhya Pradesh,Narsinghpur,Annual,1992,1.038
RICE_000944,Rice,Madhya Pradesh,Panna,Annual,1992,0.6
RICE_000945,Rice,Madhya Pradesh,Raisen,Annual,1992,0.833
RICE_000946,Rice,Madhya Pradesh,Rajgarh,Annual,1992,0.524
RICE_000947,Rice,Madhya Pradesh,Ratlam,Annual,1992,0.528
RICE_000948,Rice,Madhya Pradesh,Rewa,Annual,1992,0.573
RICE_000949,Rice,Madhya Pradesh,Sagar,Annual,1992,0.587
RICE_000950,Rice,Madhya Pradesh,Satna,Annual,1992,0.401
RICE_000951,Rice,Madhya Pradesh,Sehore,Annual,1992,0.769
RICE_000952,Rice,Madhya Pradesh,Seoni,Annual,1992,1.005
RICE_000953,Rice,Madhya Pradesh,Shahdol,Annual,1992,0.675
RICE_000954,Rice,Madhya Pradesh,Shajapur,Annual,1992,0.571
RICE_000955,Rice,Madhya Pradesh,Shivpuri,Annual,1992,0.936
RICE_000956,Rice,Madhya Pradesh,Sidhi,Annual,1992,0.471
RICE_000957,Rice,Madhya Pradesh,Tikamgarh,Annual,1992,0.933
RICE_000958,Rice,Madhya Pradesh,Vidisha,Annual,1992,0.545
RICE_000959,Rice,Maharashtra,Ahmednagar,Annual,1992,1.284
RICE_000960,Rice,Maharashtra,Akola,Annual,1992,0.815
RICE_000961,Rice,Maharashtra,Amarawati,Annual,1992,0.591
RICE_000962,Rice,Maharashtra,Aurangabad,Annual,1992,0.733
RICE_000963,Rice,Maharashtra,Beed,Annual,1992,0.705
RICE_000964,Rice,Maharashtra,Bhandara,Annual,1992,1.172
RICE_000965,Rice,Maharashtra,Buldhana,Annual,1992,0.788
RICE_000966,Rice,Maharashtra,Chandrapur,Annual,1992,1.464
RICE_000967,Rice,Maharashtra,Dhule,Annual,1992,0.691
RICE_000968,Rice,Maharashtra,Gadchiroli,Annual,1992,1.171
RICE_000969,Rice,Maharashtra,Jalgaon,Annual,1992,1.176
RICE_000970,Rice,Maharashtra,Jalna,Annual,1992,0.667
RICE_000971,Rice,Maharashtra,Kolhapur,Annual,1992,2.616
RICE_000972,Rice,Maharashtra,Latur,Annual,1992,0.758
RICE_000973,Rice,Maharashtra,Nagpur,Annual,1992,1.198
RICE_000974,Rice,Maharashtra,Nanded,Annual,1992,0.734
RICE_000975,Rice,Maharashtra,Nasik,Annual,1992,1.175
RICE_000976,Rice,Maharashtra,Osmanabad,Annual,1992,0.683
RICE_000977,Rice,Maharashtra,Parbhani,Annual,1992,0.791
RICE_000978,Rice,Maharashtra,Pune,Annual,1992,1.321
RICE_000979,Rice,Maharashtra,Raigad,Annual,1992,2.119
RICE_000980,Rice,Maharashtra,Ratnagiri,Annual,1992,2.116
RICE_000981,Rice,Maharashtra,Sangli,Annual,1992,2.119
RICE_000982,Rice,Maharashtra,Satara,Annual,1992,1.549
RICE_000983,Rice,Maharashtra,Sindhudurg,Annual,1992,2.029
RICE_000984,Rice,Maharashtra,Solapur,Annual,1992,1.0
RICE_000985,Rice,Maharashtra,Thane,Annual,1992,1.935
RICE_000986,Rice,Maharashtra,Wardha,Annual,1992,0.818
RICE_000987,Rice,Maharashtra,Yeotmal,Annual,1992,0.774
RICE_000988,Rice,Orissa,Balasore,Annual,1992,1.36
RICE_000989,Rice,Orissa,Bolangir,Annual,1992,1.068
RICE_000990,Rice,Orissa,Cuttack,Annual,1992,1.278
RICE_000991,Rice,Orissa,Dhenkanal,Annual,1992,1.126
RICE_000992,Rice,Orissa,Ganjam,Annual,1992,2.004
RICE_000993,Rice,Orissa,Kalahandi,Annual,1992,0.798
RICE_000994,Rice,Orissa,Keonjhar,Annual,1992,0.881
RICE_000995,Rice,Orissa,Koraput,Annual,1992,0.96
RICE_000996,Rice,Orissa,Mayurbhanja,Annual,1992,1.158
RICE_000997,Rice,Orissa,Phulbani ( Kandhamal ),Annual,1992,1.343
RICE_000998,Rice,Orissa,Puri,Annual,1992,1.382
RICE_000999,Rice,Orissa,Sambalpur,Annual,1992,1.344
RICE_001000,Rice,Orissa,Sundargarh,Annual,1992,0.697
RICE_001001,Rice,Punjab,Amritsar,Annual,1992,2.798
RICE_001002,Rice,Punjab,Bhatinda,Annual,1992,3.75
RICE_001003,Rice,Punjab,Faridkot,Annual,1992,3.907
RICE_001004,Rice,Punjab,Fatehgarh Sahib,Annual,1992,3.85
RICE_001005,Rice,Punjab,Ferozpur,Annual,1992,3.472
RICE_001006,Rice,Punjab,Gurdaspur,Annual,1992,2.604
RICE_001007,Rice,Punjab,Hoshiarpur,Annual,1992,2.893
RICE_001008,Rice,Punjab,Jalandhar,Annual,1992,3.422
RICE_001009,Rice,Punjab,Kapurthala,Annual,1992,3.052
RICE_001010,Rice,Punjab,Ludhiana,Annual,1992,3.881
RICE_001011,Rice,Punjab,Mansa,Annual,1992,3.594
RICE_001012,Rice,Punjab,Patiala,Annual,1992,3.422
RICE_001013,Rice,Punjab,Roopnagar,Annual,1992,3.25
RICE_001014,Rice,Punjab,Sangrur,Annual,1992,3.765
RICE_001015,Rice,Rajasthan,Ajmer,Annual,1992,1.231
RICE_001016,Rice,Rajasthan,Alwar,Annual,1992,1.167
RICE_001017,Rice,Rajasthan,Banswara,Annual,1992,0.969
RICE_001018,Rice,Rajasthan,Baran,Annual,1992,0.826
RICE_001019,Rice,Rajasthan,Bharatpur,Annual,1992,2.283
RICE_001020,Rice,Rajasthan,Bhilwara,Annual,1992,1.0
RICE_001021,Rice,Rajasthan,Bundi,Annual,1992,1.585
RICE_001022,Rice,Rajasthan,Chittorgarh,Annual,1992,0.721
RICE_001023,Rice,Rajasthan,Dholpur,Annual,1992,1.23
RICE_001024,Rice,Rajasthan,Dungarpur,Annual,1992,0.617
RICE_001025,Rice,Rajasthan,Ganganagar,Annual,1992,2.678
RICE_001026,Rice,Rajasthan,Jaipur,Annual,1992,1.0
RICE_001027,Rice,Rajasthan,Jhalawar,Annual,1992,1.25
RICE_001028,Rice,Rajasthan,Kota,Annual,1992,2.019
RICE_001029,Rice,Rajasthan,Pali,Annual,1992,1.0
RICE_001030,Rice,Rajasthan,Rajsamand,Annual,1992,1.241
RICE_001031,Rice,Rajasthan,Sirohi,Annual,1992,1.0
RICE_001032,Rice,Rajasthan,Swami Madhopur,Annual,1992,0.915
RICE_001033,Rice,Rajasthan,Udaipur,Annual,1992,0.813
RICE_001034,Rice,Tamil Nadu,Chengalpattu Mgr / Kancheepuram,Annual,1992,3.079
RICE_001035,Rice,Tamil Nadu,Chidambanar / Toothukudi,Annual,1992,3.778
RICE_001036,Rice,Tamil Nadu,Coimbatore,Annual,1992,3.191
RICE_001037,Rice,Tamil Nadu,Dharmapuri,Annual,1992,2.517
RICE_001038,Rice,Tamil Nadu,Dindigul Anna,Annual,1992,3.807
RICE_001039,Rice,Tamil Nadu,Kanyakumari,Annual,1992,3.066
RICE_001040,Rice,Tamil Nadu,Madurai,Annual,1992,3.808
RICE_001041,Rice,Tamil Nadu,Nagapattinam,Annual,1992,3.359
RICE_001042,Rice,Tamil Nadu,North Arcot / Vellore,Annual,1992,2.226
RICE_001043,Rice,Tamil Nadu,Periyar (Erode),Annual,1992,3.684
RICE_001044,Rice,Tamil Nadu,Pudukkottai,Annual,1992,3.047
RICE_001045,Rice,Tamil Nadu,Ramananthapuram,Annual,1992,1.537
RICE_001046,Rice,Tamil Nadu,Salem,Annual,1992,3.375
RICE_001047,Rice,Tamil Nadu,Sivagangai / Pasumpon,Annual,1992,2.651
RICE_001048,Rice,Tamil Nadu,South Arcot / Cuddalore,Annual,1992,3.227
RICE_001049,Rice,Tamil Nadu,Thanjavur,Annual,1992,3.276
RICE_001050,Rice,Tamil Nadu,The Nilgiris,Annual,1992,2.053
RICE_001051,Rice,Tamil Nadu,Thirunelveli,Annual,1992,4.057
RICE_001052,Rice,Tamil Nadu,Thiruvannamalai,Annual,1992,2.3
RICE_001053,Rice,Tamil Nadu,Tiruchirapalli / Trichy,Annual,1992,3.331
RICE_001054,Rice,Tamil Nadu,Virudhunagar / Kamarajar,Annual,1992,3.172
RICE_001055,Rice,Telangana,Adilabad,Annual,1992,1.633
RICE_001056,Rice,Telangana,Karimnagar,Annual,1992,2.373
RICE_001057,Rice,Telangana,Khammam,Annual,1992,1.977
RICE_001058,Rice,Telangana,Mahabubnagar,Annual,1992,1.768
RICE_001059,Rice,Telangana,Medak,Annual,1992,1.758
RICE_001060,Rice,Telangana,Nalgonda,Annual,1992,2.798
RICE_001061,Rice,Telangana,Nizamabad,Annual,1992,2.027
RICE_001062,Rice,Telangana,Rangareddy,Annual,1992,2.102
RICE_001063,Rice,Telangana,Warangal,Annual,1992,1.949
RICE_001064,Rice,Uttar Pradesh,Agra,Annual,1992,1.81
RICE_001065,Rice,Uttar Pradesh,Aligarh,Annual,1992,1.99
RICE_001066,Rice,Uttar Pradesh,Allahabad,Annual,1992,1.942
RICE_001067,Rice,Uttar Pradesh,Azamgarh,Annual,1992,1.68
RICE_001068,Rice,Uttar Pradesh,Bahraich,Annual,1992,1.302
RICE_001069,Rice,Uttar Pradesh,Ballia,Annual,1992,1.035
RICE_001070,Rice,Uttar Pradesh,Banda,Annual,1992,1.063
RICE_001071,Rice,Uttar Pradesh,Barabanki,Annual,1992,1.874
RICE_001072,Rice,Uttar Pradesh,Bareilly,Annual,1992,1.771
RICE_001073,Rice,Uttar Pradesh,Basti,Annual,1992,1.455
RICE_001074,Rice,Uttar Pradesh,Bijnor,Annual,1992,2.714
RICE_001075,Rice,Uttar Pradesh,Budaun,Annual,1992,1.733
RICE_001076,Rice,Uttar Pradesh,Buland Shahar,Annual,1992,1.866
RICE_001077,Rice,Uttar Pradesh,Deoria,Annual,1992,1.503
RICE_001078,Rice,Uttar Pradesh,Etah,Annual,1992,1.923
RICE_001079,Rice,Uttar Pradesh,Etawah,Annual,1992,2.156
RICE_001080,Rice,Uttar Pradesh,Faizabad,Annual,1992,1.806
RICE_001081,Rice,Uttar Pradesh,Farrukhabad,Annual,1992,2.02
RICE_001082,Rice,Uttar Pradesh,Fatehpur,Annual,1992,2.005
RICE_001083,Rice,Uttar Pradesh,Firozabad,Annual,1992,1.774
RICE_001084,Rice,Uttar Pradesh,Ghaziabad,Annual,1992,2.204
RICE_001085,Rice,Uttar Pradesh,Ghazipur,Annual,1992,1.868
RICE_001086,Rice,Uttar Pradesh,Gonda,Annual,1992,1.434
RICE_001087,Rice,Uttar Pradesh,Gorakhpur,Annual,1992,1.161
RICE_001088,Rice,Uttar Pradesh,Hamirpur,Annual,1992,1.045
RICE_001089,Rice,Uttar Pradesh,Hardoi,Annual,1992,1.886
RICE_001090,Rice,Uttar Pradesh,Jalaun,Annual,1992,1.043
RICE_001091,Rice,Uttar Pradesh,Jaunpur,Annual,1992,1.749
RICE_001092,Rice,Uttar Pradesh,Jhansi,Annual,1992,1.046
RICE_001093,Rice,Uttar Pradesh,Kanpur Dehat,Annual,1992,1.851
RICE_001094,Rice,Uttar Pradesh,Kanpur Nagar,Annual,1992,2.005
RICE_001095,Rice,Uttar Pradesh,Kheri,Annual,1992,2.028
RICE_001096,Rice,Uttar Pradesh,Lalitpur,Annual,1992,0.819
RICE_001097,Rice,Uttar Pradesh,Lucknow,Annual,1992,1.593
RICE_001098,Rice,Uttar Pradesh,Mahrajgani,Annual,1992,1.988
RICE_001099,Rice,Uttar Pradesh,Mainpuri,Annual,1992,1.754
RICE_001100,Rice,Uttar Pradesh,Mathura,Annual,1992,2.337
RICE_001101,Rice,Uttar Pradesh,Mau,Annual,1992,1.474
RICE_001102,Rice,Uttar Pradesh,Meerut,Annual,1992,2.231
RICE_001103,Rice,Uttar Pradesh,Mirzpur,Annual,1992,1.59
RICE_001104,Rice,Uttar Pradesh,Moradabad,Annual,1992,2.39
RICE_001105,Rice,Uttar Pradesh,Muzaffarnagar,Annual,1992,2.492
RICE_001106,Rice,Uttar Pradesh,Pilibhit,Annual,1992,2.452
RICE_001107,Rice,Uttar Pradesh,Pratapgarh,Annual,1992,2.019
RICE_001108,Rice,Uttar Pradesh,Rae-Bareily,Annual,1992,1.778
RICE_001109,Rice,Uttar Pradesh,Rampur,Annual,1992,2.132
RICE_001110,Rice,Uttar Pradesh,Saharanpur,Annual,1992,2.671
RICE_001111,Rice,Uttar Pradesh,Shahjahanpur,Annual,1992,2.28
RICE_001112,Rice,Uttar Pradesh,Sidharthnagar,Annual,1992,1.316
RICE_001113,Rice,Uttar Pradesh,Sitapur,Annual,1992,1.474
RICE_001114,Rice,Uttar Pradesh,Sonbhadra,Annual,1992,0.806
RICE_001115,Rice,Uttar Pradesh,Sultanpur,Annual,1992,1.851
RICE_001116,Rice,Uttar Pradesh,Unnao,Annual,1992,1.41
RICE_001117,Rice,Uttar Pradesh,Varanasi,Annual,1992,2.017
RICE_001118,Rice,Uttarakhand,Almorah,Annual,1992,1.234
RICE_001119,Rice,Uttarakhand,Chamoli,Annual,1992,1.342
RICE_001120,Rice,Uttarakhand,Dehradun,Annual,1992,1.561
RICE_001121,Rice,Uttarakhand,Garhwal,Annual,1992,1.176
RICE_001122,Rice,Uttarakhand,Haridwar,Annual,1992,2.175
RICE_001123,Rice,Uttarakhand,Nainital,Annual,1992,2.96
RICE_001124,Rice,Uttarakhand,Pithorgarh,Annual,1992,1.243
RICE_001125,Rice,Uttarakhand,Tehri Garhwal,Annual,1992,1.405
RICE_001126,Rice,Uttarakhand,Uttar Kashi,Annual,1992,1.55
RICE_001127,Rice,West Bengal,24-Paraganas North,Annual,1992,2.404
RICE_001128,Rice,West Bengal,24-Paraganas South,Annual,1992,1.791
RICE_001129,Rice,West Bengal,Bankura,Annual,1992,2.115
RICE_001130,Rice,West Bengal,Birbhum,Annual,1992,2.336
RICE_001131,Rice,West Bengal,Burdwan,Annual,1992,2.587
RICE_001132,Rice,West Bengal,Cooch Behar,Annual,1992,1.284
RICE_001133,Rice,West Bengal,Darjeeling,Annual,1992,1.386
RICE_001134,Rice,West Bengal,East Midnapore / Purba Midnapore,Annual,1992,2.016
RICE_001135,Rice,West Bengal,Hooghly,Annual,1992,2.293
RICE_001136,Rice,West Bengal,Jalpaiguri,Annual,1992,1.309
RICE_001137,Rice,West Bengal,Jhargram,Annual,1992,2.029
RICE_001138,Rice,West Bengal,Malda,Annual,1992,1.837
RICE_001139,Rice,West Bengal,Murshidabad,Annual,1992,2.273
RICE_001140,Rice,West Bengal,Nadia,Annual,1992,2.403
RICE_001141,Rice,West Bengal,Purulia,Annual,1992,1.476
RICE_001142,Rice,West Bengal,West Midnapore,Annual,1992,2.026
RICE_001143,Rice,Andhra Pradesh,Anantapur,Annual,1993,2.184
RICE_001144,Rice,Andhra Pradesh,Chittoor,Annual,1993,2.387
RICE_001145,Rice,Andhra Pradesh,East Godavari,Annual,1993,3.066
RICE_001146,Rice,Andhra Pradesh,Guntur,Annual,1993,3.291
RICE_001147,Rice,Andhra Pradesh,Kadapa Ysr,Annual,1993,3.077
RICE_001148,Rice,Andhra Pradesh,Krishna,Annual,1993,2.946
RICE_001149,Rice,Andhra Pradesh,Kurnool,Annual,1993,2.63
RICE_001150,Rice,Andhra Pradesh,Prakasam,Annual,1993,2.955
RICE_001151,Rice,Andhra Pradesh,S.P.S. Nellore,Annual,1993,2.96
RICE_001152,Rice,Andhra Pradesh,Srikakulam,Annual,1993,2.036
RICE_001153,Rice,Andhra Pradesh,Visakhapatnam,Annual,1993,1.153
RICE_001154,Rice,Andhra Pradesh,Vizianagaram,Annual,1993,1.779
RICE_001155,Rice,Andhra Pradesh,West Godavari,Annual,1993,3.229
RICE_001156,Rice,Assam,Barpeta,Annual,1993,0.921
RICE_001157,Rice,Assam,Bongaigaon,Annual,1993,0.937
RICE_001158,Rice,Assam,Cachar,Annual,1993,1.18
RICE_001159,Rice,Assam,Darrang,Annual,1993,1.15
RICE_001160,Rice,Assam,Dhemaji,Annual,1993,1.207
RICE_001161,Rice,Assam,Dhubri,Annual,1993,1.066
RICE_001162,Rice,Assam,Dibrugarh,Annual,1993,1.565
RICE_001163,Rice,Assam,Goalpara,Annual,1993,1.665
RICE_001164,Rice,Assam,Golaghat,Annual,1993,1.622
RICE_001165,Rice,Assam,Hailakandi,Annual,1993,1.249
RICE_001166,Rice,Assam,Jorhat,Annual,1993,1.661
RICE_001167,Rice,Assam,Kamrup,Annual,1993,1.211
RICE_001168,Rice,Assam,Karbi Anglong,Annual,1993,1.393
RICE_001169,Rice,Assam,Karimganj,Annual,1993,1.393
RICE_001170,Rice,Assam,Kokrajhar,Annual,1993,0.945
RICE_001171,Rice,Assam,Lakhimpur,Annual,1993,1.557
RICE_001172,Rice,Assam,Marigaon,Annual,1993,1.533
RICE_001173,Rice,Assam,Nagaon,Annual,1993,1.381
RICE_001174,Rice,Assam,Nalbari,Annual,1993,1.271
RICE_001175,Rice,Assam,North Cachar Hil,Annual,1993,1.482
RICE_001176,Rice,Assam,Sibsagar,Annual,1993,1.673
RICE_001177,Rice,Assam,Sonitpur,Annual,1993,1.507
RICE_001178,Rice,Assam,Tinsukia,Annual,1993,1.337
RICE_001179,Rice,Bihar,Araria,Annual,1993,1.209
RICE_001180,Rice,Bihar,Aurangabad,Annual,1993,1.957
RICE_001181,Rice,Bihar,Banka,Annual,1993,1.595
RICE_001182,Rice,Bihar,Begusarai,Annual,1993,0.743
RICE_001183,Rice,Bihar,Bhabhua / Kaimur,Annual,1993,2.064
RICE_001184,Rice,Bihar,Bhagalpur,Annual,1993,1.281
RICE_001185,Rice,Bihar,Bhojpur,Annual,1993,2.224
RICE_001186,Rice,Bihar,Buxar,Annual,1993,2.25
RICE_001187,Rice,Bihar,Champaran (East),Annual,1993,1.22
RICE_001188,Rice,Bihar,Champaran (West),Annual,1993,1.814
RICE_001189,Rice,Bihar,Darbhanga,Annual,1993,0.878
RICE_001190,Rice,Bihar,Gaya,Annual,1993,1.015
RICE_001191,Rice,Bihar,Gopalganj,Annual,1993,1.467
RICE_001192,Rice,Bihar,Jamui,Annual,1993,1.016
RICE_001193,Rice,Bihar,Jehanabad,Annual,1993,1.459
RICE_001194,Rice,Bihar,Katihar,Annual,1993,1.407
RICE_001195,Rice,Bihar,Khagaria,Annual,1993,0.631
RICE_001196,Rice,Bihar,Kishanganj,Annual,1993,1.117
RICE_001197,Rice,Bihar,Madhepura,Annual,1993,1.278
RICE_001198,Rice,Bihar,Madhubani,Annual,1993,1.083
RICE_001199,Rice,Bihar,Mungair,Annual,1993,1.094
RICE_001200,Rice,Bihar,Muzaffarpur,Annual,1993,1.293
RICE_001201,Rice,Bihar,Nalanda,Annual,1993,1.23
RICE_001202,Rice,Bihar,Nawada,Annual,1993,1.101
RICE_001203,Rice,Bihar,Patna,Annual,1993,2.185
RICE_001204,Rice,Bihar,Purnea,Annual,1993,1.338
RICE_001205,Rice,Bihar,Rohtas,Annual,1993,2.173
RICE_001206,Rice,Bihar,Saharsa,Annual,1993,0.917
RICE_001207,Rice,Bihar,Samastipur,Annual,1993,0.908
RICE_001208,Rice,Bihar,Saran,Annual,1993,1.434
RICE_001209,Rice,Bihar,Sitamarhi,Annual,1993,0.886
RICE_001210,Rice,Bihar,Siwan,Annual,1993,1.197
RICE_001211,Rice,Bihar,Supaul,Annual,1993,0.96
RICE_001212,Rice,Bihar,Vaishali,Annual,1993,0.705
RICE_001213,Rice,Chhattisgarh,Bastar,Annual,1993,0.997
RICE_001214,Rice,Chhattisgarh,Bilaspur,Annual,1993,1.352
RICE_001215,Rice,Chhattisgarh,Durg,Annual,1993,1.387
RICE_001216,Rice,Chhattisgarh,Raigarh,Annual,1993,1.23
RICE_001217,Rice,Chhattisgarh,Raipur,Annual,1993,1.598
RICE_001218,Rice,Chhattisgarh,Rajnandgaon,Annual,1993,1.048
RICE_001219,Rice,Chhattisgarh,Surguja,Annual,1993,0.791
RICE_001220,Rice,Gujarat,Ahmedabad,Annual,1993,1.409
RICE_001221,Rice,Gujarat,Amreli,Annual,1993,1.0
RICE_001222,Rice,Gujarat,Banaskantha,Annual,1993,1.75
RICE_001223,Rice,Gujarat,Bharuch,Annual,1993,0.75
RICE_001224,Rice,Gujarat,Bhavnagar,Annual,1993,2.0
RICE_001225,Rice,Gujarat,Dangs,Annual,1993,0.967
RICE_001226,Rice,Gujarat,Gandhinagar,Annual,1993,2.0
RICE_001227,Rice,Gujarat,Junagadh,Annual,1993,1.6
RICE_001228,Rice,Gujarat,Kheda,Annual,1993,1.75
RICE_001229,Rice,Gujarat,Mehsana,Annual,1993,1.306
RICE_001230,Rice,Gujarat,Panchmahal,Annual,1993,0.412
RICE_001231,Rice,Gujarat,Sabarkantha,Annual,1993,1.083
RICE_001232,Rice,Gujarat,Surat,Annual,1993,1.851
RICE_001233,Rice,Gujarat,Surendranagar,Annual,1993,2.0
RICE_001234,Rice,Gujarat,Vadodara,Annual,1993,0.836
RICE_001235,Rice,Gujarat,Valsad,Annual,1993,2.169
RICE_001236,Rice,Haryana,Ambala,Annual,1993,2.611
RICE_001237,Rice,Haryana,Faridabad,Annual,1993,2.869
RICE_001238,Rice,Haryana,Gurgaon,Annual,1993,2.683
RICE_001239,Rice,Haryana,Hissar,Annual,1993,3.517
RICE_001240,Rice,Haryana,Jind,Annual,1993,2.487
RICE_001241,Rice,Haryana,Kaithal,Annual,1993,2.556
RICE_001242,Rice,Haryana,Karnal,Annual,1993,2.579
RICE_001243,Rice,Haryana,Kurukshetra,Annual,1993,3.084
RICE_001244,Rice,Haryana,Panipat,Annual,1993,2.343
RICE_001245,Rice,Haryana,Rohtak,Annual,1993,2.54
RICE_001246,Rice,Haryana,Sirsa,Annual,1993,3.5
RICE_001247,Rice,Haryana,Sonepat,Annual,1993,2.259
RICE_001248,Rice,Haryana,Yamunanagar,Annual,1993,2.932
RICE_001249,Rice,Himachal Pradesh,Bilashpur,Annual,1993,0.948
RICE_001250,Rice,Himachal Pradesh,Chamba,Annual,1993,1.189
RICE_001251,Rice,Himachal Pradesh,Hamirpur,Annual,1993,1.1
RICE_001252,Rice,Himachal Pradesh,Kangra,Annual,1993,1.282
RICE_001253,Rice,Himachal Pradesh,Kinnaur,Annual,1993,1.231
RICE_001254,Rice,Himachal Pradesh,Kullu,Annual,1993,1.302
RICE_001255,Rice,Himachal Pradesh,Mandi,Annual,1993,1.169
RICE_001256,Rice,Himachal Pradesh,Shimla,Annual,1993,0.764
RICE_001257,Rice,Himachal Pradesh,Sirmaur,Annual,1993,1.393
RICE_001258,Rice,Himachal Pradesh,Solan,Annual,1993,1.533
RICE_001259,Rice,Himachal Pradesh,Una,Annual,1993,1.741
RICE_001260,Rice,Jharkhand,Bokaro,Annual,1993,0.576
RICE_001261,Rice,Jharkhand,Chatra,Annual,1993,0.78
RICE_001262,Rice,Jharkhand,Devghar / Deogarh,Annual,1993,1.179
RICE_001263,Rice,Jharkhand,Dhanbad,Annual,1993,0.871
RICE_001264,Rice,Jharkhand,Gadva / Garhwa,Annual,1993,1.014
RICE_001265,Rice,Jharkhand,Giridih,Annual,1993,0.586
RICE_001266,Rice,Jharkhand,Godda,Annual,1993,1.091
RICE_001267,Rice,Jharkhand,Gumla,Annual,1993,0.72
RICE_001268,Rice,Jharkhand,Hazaribagh,Annual,1993,0.767
RICE_001269,Rice,Jharkhand,Lohardagga,Annual,1993,0.895
RICE_001270,Rice,Jharkhand,Palamau,Annual,1993,0.969
RICE_001271,Rice,Jharkhand,Ranchi,Annual,1993,0.946
RICE_001272,Rice,Jharkhand,Sahebganj,Annual,1993,1.318
RICE_001273,Rice,Jharkhand,Santhal Paragana / Dumka,Annual,1993,1.263
RICE_001274,Rice,Jharkhand,Singhbhum East,Annual,1993,1.134
RICE_001275,Rice,Jharkhand,Singhbhum West,Annual,1993,1.165
RICE_001276,Rice,Karnataka,Bangalore (Rural),Annual,1993,2.589
RICE_001277,Rice,Karnataka,Bangalore (Urban),Annual,1993,2.558
RICE_001278,Rice,Karnataka,Belgaum,Annual,1993,1.741
RICE_001279,Rice,Karnataka,Bellary,Annual,1993,2.639
RICE_001280,Rice,Karnataka,Bidar,Annual,1993,0.609
RICE_001281,Rice,Karnataka,Bijapur,Annual,1993,1.012
RICE_001282,Rice,Karnataka,Chickmagalur,Annual,1993,2.492
RICE_001283,Rice,Karnataka,Chitradurga,Annual,1993,2.921
RICE_001284,Rice,Karnataka,Dakshina Kannada,Annual,1993,1.891
RICE_001285,Rice,Karnataka,Dharwad,Annual,1993,0.928
RICE_001286,Rice,Karnataka,Gulbarga,Annual,1993,1.559
RICE_001287,Rice,Karnataka,Hassan,Annual,1993,2.529
RICE_001288,Rice,Karnataka,Kodagu,Annual,1993,2.107
RICE_001289,Rice,Karnataka,Kolar,Annual,1993,2.794
RICE_001290,Rice,Karnataka,Mandya,Annual,1993,3.107
RICE_001291,Rice,Karnataka,Mysore,Annual,1993,2.858
RICE_001292,Rice,Karnataka,Raichur,Annual,1993,2.755
RICE_001293,Rice,Karnataka,Shimoge,Annual,1993,2.4
RICE_001294,Rice,Karnataka,Tumkur,Annual,1993,2.812
RICE_001295,Rice,Karnataka,Uttara Kannada,Annual,1993,1.823
RICE_001296,Rice,Kerala,Alappuzha,Annual,1993,2.183
RICE_001297,Rice,Kerala,Eranakulam,Annual,1993,1.654
RICE_001298,Rice,Kerala,Idukki,Annual,1993,2.097
RICE_001299,Rice,Kerala,Kannur,Annual,1993,1.603
RICE_001300,Rice,Kerala,Kasaragod,Annual,1993,1.862
RICE_001301,Rice,Kerala,Kollam,Annual,1993,1.877
RICE_001302,Rice,Kerala,Kottayam,Annual,1993,2.424
RICE_001303,Rice,Kerala,Kozhikode,Annual,1993,1.248
RICE_001304,Rice,Kerala,Malappuram,Annual,1993,1.624
RICE_001305,Rice,Kerala,Palakkad,Annual,1993,2.268
RICE_001306,Rice,Kerala,Pathanamthitta,Annual,1993,2.449
RICE_001307,Rice,Kerala,Thiruvananthapuram,Annual,1993,1.763
RICE_001308,Rice,Kerala,Thrissur,Annual,1993,1.726
RICE_001309,Rice,Kerala,Wayanad,Annual,1993,2.225
RICE_001310,Rice,Madhya Pradesh,Balaghat,Annual,1993,1.24
RICE_001311,Rice,Madhya Pradesh,Betul,Annual,1993,1.007
RICE_001312,Rice,Madhya Pradesh,Bhind,Annual,1993,1.75
RICE_001313,Rice,Madhya Pradesh,Bhopal,Annual,1993,0.667
RICE_001314,Rice,Madhya Pradesh,Chhatarpur,Annual,1993,0.835
RICE_001315,Rice,Madhya Pradesh,Chhindwara,Annual,1993,0.902
RICE_001316,Rice,Madhya Pradesh,Damoh,Annual,1993,0.752
RICE_001317,Rice,Madhya Pradesh,Datia,Annual,1993,0.667
RICE_001318,Rice,Madhya Pradesh,Dewas,Annual,1993,0.6
RICE_001319,Rice,Madhya Pradesh,Dhar,Annual,1993,0.652
RICE_001320,Rice,Madhya Pradesh,Guna,Annual,1993,0.706
RICE_001321,Rice,Madhya Pradesh,Gwalior,Annual,1993,1.93
RICE_001322,Rice,Madhya Pradesh,Hoshangabad,Annual,1993,1.271
RICE_001323,Rice,Madhya Pradesh,Indore,Annual,1993,0.5
RICE_001324,Rice,Madhya Pradesh,Jabalpur,Annual,1993,0.68
RICE_001325,Rice,Madhya Pradesh,Jhabua,Annual,1993,0.498
RICE_001326,Rice,Madhya Pradesh,Khandwa,Annual,1993,0.87
RICE_001327,Rice,Madhya Pradesh,Khargone,Annual,1993,0.614
RICE_001328,Rice,Madhya Pradesh,Mandla,Annual,1993,0.793
RICE_001329,Rice,Madhya Pradesh,Morena,Annual,1993,1.774
RICE_001330,Rice,Madhya Pradesh,Narsinghpur,Annual,1993,1.1
RICE_001331,Rice,Madhya Pradesh,Panna,Annual,1993,0.561
RICE_001332,Rice,Madhya Pradesh,Raisen,Annual,1993,0.875
RICE_001333,Rice,Madhya Pradesh,Rajgarh,Annual,1993,0.8
RICE_001334,Rice,Madhya Pradesh,Ratlam,Annual,1993,0.676
RICE_001335,Rice,Madhya Pradesh,Rewa,Annual,1993,0.621
RICE_001336,Rice,Madhya Pradesh,Sagar,Annual,1993,0.648
RICE_001337,Rice,Madhya Pradesh,Satna,Annual,1993,0.441
RICE_001338,Rice,Madhya Pradesh,Sehore,Annual,1993,0.864
RICE_001339,Rice,Madhya Pradesh,Seoni,Annual,1993,1.374
RICE_001340,Rice,Madhya Pradesh,Shahdol,Annual,1993,0.788
RICE_001341,Rice,Madhya Pradesh,Shajapur,Annual,1993,0.75
RICE_001342,Rice,Madhya Pradesh,Shivpuri,Annual,1993,1.077
RICE_001343,Rice,Madhya Pradesh,Sidhi,Annual,1993,0.505
RICE_001344,Rice,Madhya Pradesh,Tikamgarh,Annual,1993,0.812
RICE_001345,Rice,Madhya Pradesh,Vidisha,Annual,1993,0.7
RICE_001346,Rice,Maharashtra,Ahmednagar,Annual,1993,0.842
RICE_001347,Rice,Maharashtra,Akola,Annual,1993,0.968
RICE_001348,Rice,Maharashtra,Amarawati,Annual,1993,0.865
RICE_001349,Rice,Maharashtra,Aurangabad,Annual,1993,0.8
RICE_001350,Rice,Maharashtra,Beed,Annual,1993,0.75
RICE_001351,Rice,Maharashtra,Bhandara,Annual,1993,1.307
RICE_001352,Rice,Maharashtra,Buldhana,Annual,1993,1.037
RICE_001353,Rice,Maharashtra,Chandrapur,Annual,1993,1.421
RICE_001354,Rice,Maharashtra,Dhule,Annual,1993,0.88
RICE_001355,Rice,Maharashtra,Gadchiroli,Annual,1993,1.246
RICE_001356,Rice,Maharashtra,Jalgaon,Annual,1993,1.083
RICE_001357,Rice,Maharashtra,Jalna,Annual,1993,0.696
RICE_001358,Rice,Maharashtra,Kolhapur,Annual,1993,2.403
RICE_001359,Rice,Maharashtra,Latur,Annual,1993,0.847
RICE_001360,Rice,Maharashtra,Nagpur,Annual,1993,1.405
RICE_001361,Rice,Maharashtra,Nanded,Annual,1993,1.0
RICE_001362,Rice,Maharashtra,Nasik,Annual,1993,1.256
RICE_001363,Rice,Maharashtra,Osmanabad,Annual,1993,0.728
RICE_001364,Rice,Maharashtra,Parbhani,Annual,1993,0.815
RICE_001365,Rice,Maharashtra,Pune,Annual,1993,0.854
RICE_001366,Rice,Maharashtra,Raigad,Annual,1993,2.371
RICE_001367,Rice,Maharashtra,Ratnagiri,Annual,1993,2.344
RICE_001368,Rice,Maharashtra,Sangli,Annual,1993,2.087
RICE_001369,Rice,Maharashtra,Satara,Annual,1993,1.961
RICE_001370,Rice,Maharashtra,Sindhudurg,Annual,1993,2.053
RICE_001371,Rice,Maharashtra,Solapur,Annual,1993,0.9
RICE_001372,Rice,Maharashtra,Thane,Annual,1993,2.047
RICE_001373,Rice,Maharashtra,Wardha,Annual,1993,1.048
RICE_001374,Rice,Maharashtra,Yeotmal,Annual,1993,0.687
RICE_001375,Rice,Orissa,Balasore,Annual,1993,1.447
RICE_001376,Rice,Orissa,Bolangir,Annual,1993,1.419
RICE_001377,Rice,Orissa,Cuttack,Annual,1993,1.595
RICE_001378,Rice,Orissa,Dhenkanal,Annual,1993,1.388
RICE_001379,Rice,Orissa,Ganjam,Annual,1993,1.951
RICE_001380,Rice,Orissa,Kalahandi,Annual,1993,1.05
RICE_001381,Rice,Orissa,Keonjhar,Annual,1993,1.176
RICE_001382,Rice,Orissa,Koraput,Annual,1993,1.295
RICE_001383,Rice,Orissa,Mayurbhanja,Annual,1993,1.327
RICE_001384,Rice,Orissa,Phulbani ( Kandhamal ),Annual,1993,1.195
RICE_001385,Rice,Orissa,Puri,Annual,1993,1.701
RICE_001386,Rice,Orissa,Sambalpur,Annual,1993,1.662
RICE_001387,Rice,Orissa,Sundargarh,Annual,1993,0.944
RICE_001388,Rice,Punjab,Amritsar,Annual,1993,2.927
RICE_001389,Rice,Punjab,Bhatinda,Annual,1993,3.87
RICE_001390,Rice,Punjab,Faridkot,Annual,1993,3.931
RICE_001391,Rice,Punjab,Fatehgarh Sahib,Annual,1993,3.788
RICE_001392,Rice,Punjab,Ferozpur,Annual,1993,3.665
RICE_001393,Rice,Punjab,Gurdaspur,Annual,1993,2.659
RICE_001394,Rice,Punjab,Hoshiarpur,Annual,1993,3.038
RICE_001395,Rice,Punjab,Jalandhar,Annual,1993,3.644
RICE_001396,Rice,Punjab,Kapurthala,Annual,1993,3.225
RICE_001397,Rice,Punjab,Ludhiana,Annual,1993,3.901
RICE_001398,Rice,Punjab,Mansa,Annual,1993,3.511
RICE_001399,Rice,Punjab,Patiala,Annual,1993,3.448
RICE_001400,Rice,Punjab,Roopnagar,Annual,1993,3.541
RICE_001401,Rice,Punjab,Sangrur,Annual,1993,3.933
RICE_001402,Rice,Rajasthan,Ajmer,Annual,1993,1.0
RICE_001403,Rice,Rajasthan,Alwar,Annual,1993,1.0
RICE_001404,Rice,Rajasthan,Banswara,Annual,1993,0.809
RICE_001405,Rice,Rajasthan,Baran,Annual,1993,1.086
RICE_001406,Rice,Rajasthan,Bharatpur,Annual,1993,1.121
RICE_001407,Rice,Rajasthan,Bhilwara,Annual,1993,1.0
RICE_001408,Rice,Rajasthan,Bikaner,Annual,1993,1.0
RICE_001409,Rice,Rajasthan,Bundi,Annual,1993,1.514
RICE_001410,Rice,Rajasthan,Chittorgarh,Annual,1993,0.52
RICE_001411,Rice,Rajasthan,Dausa,Annual,1993,1.0
RICE_001412,Rice,Rajasthan,Dholpur,Annual,1993,1.015
RICE_001413,Rice,Rajasthan,Dungarpur,Annual,1993,0.579
RICE_001414,Rice,Rajasthan,Ganganagar,Annual,1993,2.791
RICE_001415,Rice,Rajasthan,Jaipur,Annual,1993,1.0
RICE_001416,Rice,Rajasthan,Jhalawar,Annual,1993,1.042
RICE_001417,Rice,Rajasthan,Kota,Annual,1993,2.013
RICE_001418,Rice,Rajasthan,Pali,Annual,1993,1.0
RICE_001419,Rice,Rajasthan,Rajsamand,Annual,1993,1.028
RICE_001420,Rice,Rajasthan,Sirohi,Annual,1993,1.0
RICE_001421,Rice,Rajasthan,Swami Madhopur,Annual,1993,0.957
RICE_001422,Rice,Rajasthan,Udaipur,Annual,1993,0.242
RICE_001423,Rice,Tamil Nadu,Chengalpattu Mgr / Kancheepuram,Annual,1993,3.045
RICE_001424,Rice,Tamil Nadu,Chidambanar / Toothukudi,Annual,1993,3.786
RICE_001425,Rice,Tamil Nadu,Coimbatore,Annual,1993,3.32
RICE_001426,Rice,Tamil Nadu,Dharmapuri,Annual,1993,3.107
RICE_001427,Rice,Tamil Nadu,Dindigul Anna,Annual,1993,3.438
RICE_001428,Rice,Tamil Nadu,Kanyakumari,Annual,1993,3.381
RICE_001429,Rice,Tamil Nadu,Madurai,Annual,1993,3.669
RICE_001430,Rice,Tamil Nadu,Nagapattinam,Annual,1993,1.972
RICE_001431,Rice,Tamil Nadu,North Arcot / Vellore,Annual,1993,2.643
RICE_001432,Rice,Tamil Nadu,Periyar (Erode),Annual,1993,4.042
RICE_001433,Rice,Tamil Nadu,Pudukkottai,Annual,1993,3.198
RICE_001434,Rice,Tamil Nadu,Ramananthapuram,Annual,1993,2.215
RICE_001435,Rice,Tamil Nadu,Salem,Annual,1993,3.227
RICE_001436,Rice,Tamil Nadu,Sivagangai / Pasumpon,Annual,1993,2.719
RICE_001437,Rice,Tamil Nadu,South Arcot / Cuddalore,Annual,1993,2.48
RICE_001438,Rice,Tamil Nadu,Thanjavur,Annual,1993,2.532
RICE_001439,Rice,Tamil Nadu,The Nilgiris,Annual,1993,1.5
RICE_001440,Rice,Tamil Nadu,Thirunelveli,Annual,1993,3.786
RICE_001441,Rice,Tamil Nadu,Thiruvannamalai,Annual,1993,2.622
RICE_001442,Rice,Tamil Nadu,Tiruchirapalli / Trichy,Annual,1993,3.176
RICE_001443,Rice,Tamil Nadu,Virudhunagar / Kamarajar,Annual,1993,4.205
RICE_001444,Rice,Telangana,Adilabad,Annual,1993,2.097
RICE_001445,Rice,Telangana,Hyderabad,Annual,1993,2.412
RICE_001446,Rice,Telangana,Karimnagar,Annual,1993,2.568
RICE_001447,Rice,Telangana,Khammam,Annual,1993,2.503
RICE_001448,Rice,Telangana,Mahabubnagar,Annual,1993,1.68
RICE_001449,Rice,Telangana,Medak,Annual,1993,1.783
RICE_001450,Rice,Telangana,Nalgonda,Annual,1993,2.876
RICE_001451,Rice,Telangana,Nizamabad,Annual,1993,2.036
RICE_001452,Rice,Telangana,Rangareddy,Annual,1993,2.256
RICE_001453,Rice,Telangana,Warangal,Annual,1993,2.491
RICE_001454,Rice,Uttar Pradesh,Agra,Annual,1993,2.0
RICE_001455,Rice,Uttar Pradesh,Aligarh,Annual,1993,1.864
RICE_001456,Rice,Uttar Pradesh,Allahabad,Annual,1993,1.763
RICE_001457,Rice,Uttar Pradesh,Azamgarh,Annual,1993,1.951
RICE_001458,Rice,Uttar Pradesh,Bahraich,Annual,1993,1.613
RICE_001459,Rice,Uttar Pradesh,Ballia,Annual,1993,1.937
RICE_001460,Rice,Uttar Pradesh,Banda,Annual,1993,0.901
RICE_001461,Rice,Uttar Pradesh,Barabanki,Annual,1993,2.11
RICE_001462,Rice,Uttar Pradesh,Bareilly,Annual,1993,1.935
RICE_001463,Rice,Uttar Pradesh,Basti,Annual,1993,1.528
RICE_001464,Rice,Uttar Pradesh,Bijnor,Annual,1993,2.517
RICE_001465,Rice,Uttar Pradesh,Budaun,Annual,1993,1.664
RICE_001466,Rice,Uttar Pradesh,Buland Shahar,Annual,1993,1.786
RICE_001467,Rice,Uttar Pradesh,Deoria,Annual,1993,2.074
RICE_001468,Rice,Uttar Pradesh,Etah,Annual,1993,1.801
RICE_001469,Rice,Uttar Pradesh,Etawah,Annual,1993,2.158
RICE_001470,Rice,Uttar Pradesh,Faizabad,Annual,1993,2.132
RICE_001471,Rice,Uttar Pradesh,Farrukhabad,Annual,1993,1.864
RICE_001472,Rice,Uttar Pradesh,Fatehpur,Annual,1993,1.828
RICE_001473,Rice,Uttar Pradesh,Firozabad,Annual,1993,1.736
RICE_001474,Rice,Uttar Pradesh,Ghaziabad,Annual,1993,2.211
RICE_001475,Rice,Uttar Pradesh,Ghazipur,Annual,1993,1.886
RICE_001476,Rice,Uttar Pradesh,Gonda,Annual,1993,1.68
RICE_001477,Rice,Uttar Pradesh,Gorakhpur,Annual,1993,1.613
RICE_001478,Rice,Uttar Pradesh,Hamirpur,Annual,1993,0.859
RICE_001479,Rice,Uttar Pradesh,Hardoi,Annual,1993,1.778
RICE_001480,Rice,Uttar Pradesh,Jalaun,Annual,1993,0.857
RICE_001481,Rice,Uttar Pradesh,Jaunpur,Annual,1993,1.929
RICE_001482,Rice,Uttar Pradesh,Jhansi,Annual,1993,0.86
RICE_001483,Rice,Uttar Pradesh,Kanpur Dehat,Annual,1993,2.017
RICE_001484,Rice,Uttar Pradesh,Kanpur Nagar,Annual,1993,2.006
RICE_001485,Rice,Uttar Pradesh,Kheri,Annual,1993,2.142
RICE_001486,Rice,Uttar Pradesh,Lalitpur,Annual,1993,0.52
RICE_001487,Rice,Uttar Pradesh,Lucknow,Annual,1993,1.542
RICE_001488,Rice,Uttar Pradesh,Mahrajgani,Annual,1993,2.412
RICE_001489,Rice,Uttar Pradesh,Mainpuri,Annual,1993,2.056
RICE_001490,Rice,Uttar Pradesh,Mathura,Annual,1993,1.991
RICE_001491,Rice,Uttar Pradesh,Mau,Annual,1993,1.711
RICE_001492,Rice,Uttar Pradesh,Meerut,Annual,1993,2.444
RICE_001493,Rice,Uttar Pradesh,Mirzpur,Annual,1993,1.674
RICE_001494,Rice,Uttar Pradesh,Moradabad,Annual,1993,2.364
RICE_001495,Rice,Uttar Pradesh,Muzaffarnagar,Annual,1993,2.616
RICE_001496,Rice,Uttar Pradesh,Pilibhit,Annual,1993,2.643
RICE_001497,Rice,Uttar Pradesh,Pratapgarh,Annual,1993,1.958
RICE_001498,Rice,Uttar Pradesh,Rae-Bareily,Annual,1993,1.725
RICE_001499,Rice,Uttar Pradesh,Rampur,Annual,1993,2.353
RICE_001500,Rice,Uttar Pradesh,Saharanpur,Annual,1993,1.958
RICE_001501,Rice,Uttar Pradesh,Shahjahanpur,Annual,1993,2.35
RICE_001502,Rice,Uttar Pradesh,Sidharthnagar,Annual,1993,1.011
RICE_001503,Rice,Uttar Pradesh,Sitapur,Annual,1993,1.644
RICE_001504,Rice,Uttar Pradesh,Sonbhadra,Annual,1993,1.295
RICE_001505,Rice,Uttar Pradesh,Sultanpur,Annual,1993,1.641
RICE_001506,Rice,Uttar Pradesh,Unnao,Annual,1993,1.302
RICE_001507,Rice,Uttar Pradesh,Varanasi,Annual,1993,2.27
RICE_001508,Rice,Uttarakhand,Almorah,Annual,1993,0.982
RICE_001509,Rice,Uttarakhand,Chamoli,Annual,1993,1.354
RICE_001510,Rice,Uttarakhand,Dehradun,Annual,1993,1.765
RICE_001511,Rice,Uttarakhand,Garhwal,Annual,1993,1.109
RICE_001512,Rice,Uttarakhand,Haridwar,Annual,1993,1.956
RICE_001513,Rice,Uttarakhand,Nainital,Annual,1993,3.124
RICE_001514,Rice,Uttarakhand,Pithorgarh,Annual,1993,1.173
RICE_001515,Rice,Uttarakhand,Tehri Garhwal,Annual,1993,1.288
RICE_001516,Rice,Uttarakhand,Uttar Kashi,Annual,1993,1.256
RICE_001517,Rice,West Bengal,24-Paraganas North,Annual,1993,2.503
RICE_001518,Rice,West Bengal,24-Paraganas South,Annual,1993,1.623
RICE_001519,Rice,West Bengal,Bankura,Annual,1993,2.181
RICE_001520,Rice,West Bengal,Birbhum,Annual,1993,2.243
RICE_001521,Rice,West Bengal,Burdwan,Annual,1993,2.71
RICE_001522,Rice,West Bengal,Cooch Behar,Annual,1993,1.381
RICE_001523,Rice,West Bengal,Darjeeling,Annual,1993,1.59
RICE_001524,Rice,West Bengal,East Midnapore / Purba Midnapore,Annual,1993,1.823
RICE_001525,Rice,West Bengal,Hooghly,Annual,1993,2.462
RICE_001526,Rice,West Bengal,Jalpaiguri,Annual,1993,1.272
RICE_001527,Rice,West Bengal,Jhargram,Annual,1993,1.847
RICE_001528,Rice,West Bengal,Malda,Annual,1993,2.278
RICE_001529,Rice,West Bengal,Murshidabad,Annual,1993,2.218
RICE_001530,Rice,West Bengal,Nadia,Annual,1993,2.592
RICE_001531,Rice,West Bengal,Purulia,Annual,1993,1.498
RICE_001532,Rice,West Bengal,West Midnapore,Annual,1993,2.084
RICE_001533,Rice,Andhra Pradesh,Anantapur,Annual,1994,2.0
RICE_001534,Rice,Andhra Pradesh,Chittoor,Annual,1994,2.256
RICE_001535,Rice,Andhra Pradesh,East Godavari,Annual,1994,2.513
RICE_001536,Rice,Andhra Pradesh,Guntur,Annual,1994,2.633
RICE_001537,Rice,Andhra Pradesh,Kadapa Ysr,Annual,1994,2.784
RICE_001538,Rice,Andhra Pradesh,Krishna,Annual,1994,2.831
RICE_001539,Rice,Andhra Pradesh,Kurnool,Annual,1994,2.172
RICE_001540,Rice,Andhra Pradesh,Prakasam,Annual,1994,2.452
RICE_001541,Rice,Andhra Pradesh,S.P.S. Nellore,Annual,1994,2.886
RICE_001542,Rice,Andhra Pradesh,Srikakulam,Annual,1994,1.894
RICE_001543,Rice,Andhra Pradesh,Visakhapatnam,Annual,1994,1.25
RICE_001544,Rice,Andhra Pradesh,Vizianagaram,Annual,1994,1.8
RICE_001545,Rice,Andhra Pradesh,West Godavari,Annual,1994,3.128
RICE_001546,Rice,Assam,Barpeta,Annual,1994,0.879
RICE_001547,Rice,Assam,Bongaigaon,Annual,1994,1.155
RICE_001548,Rice,Assam,Cachar,Annual,1994,1.823
RICE_001549,Rice,Assam,Darrang,Annual,1994,1.068
RICE_001550,Rice,Assam,Dhemaji,Annual,1994,1.239
RICE_001551,Rice,Assam,Dhubri,Annual,1994,1.05
RICE_001552,Rice,Assam,Dibrugarh,Annual,1994,1.547
RICE_001553,Rice,Assam,Goalpara,Annual,1994,1.395
RICE_001554,Rice,Assam,Golaghat,Annual,1994,1.681
RICE_001555,Rice,Assam,Hailakandi,Annual,1994,1.601
RICE_001556,Rice,Assam,Jorhat,Annual,1994,1.479
RICE_001557,Rice,Assam,Kamrup,Annual,1994,1.346
RICE_001558,Rice,Assam,Karbi Anglong,Annual,1994,1.724
RICE_001559,Rice,Assam,Karimganj,Annual,1994,1.535
RICE_001560,Rice,Assam,Kokrajhar,Annual,1994,0.964
RICE_001561,Rice,Assam,Lakhimpur,Annual,1994,1.204
RICE_001562,Rice,Assam,Marigaon,Annual,1994,1.167
RICE_001563,Rice,Assam,Nagaon,Annual,1994,3.087
RICE_001564,Rice,Assam,Nalbari,Annual,1994,1.012
RICE_001565,Rice,Assam,North Cachar Hil,Annual,1994,1.842
RICE_001566,Rice,Assam,Sibsagar,Annual,1994,1.73
RICE_001567,Rice,Assam,Sonitpur,Annual,1994,1.405
RICE_001568,Rice,Assam,Tinsukia,Annual,1994,1.364
RICE_001569,Rice,Bihar,Araria,Annual,1994,1.122
RICE_001570,Rice,Bihar,Aurangabad,Annual,1994,2.166
RICE_001571,Rice,Bihar,Banka,Annual,1994,1.281
RICE_001572,Rice,Bihar,Begusarai,Annual,1994,0.842
RICE_001573,Rice,Bihar,Bhabhua / Kaimur,Annual,1994,1.671
RICE_001574,Rice,Bihar,Bhagalpur,Annual,1994,0.813
RICE_001575,Rice,Bihar,Bhojpur,Annual,1994,2.392
RICE_001576,Rice,Bihar,Buxar,Annual,1994,2.121
RICE_001577,Rice,Bihar,Champaran (East),Annual,1994,0.909
RICE_001578,Rice,Bihar,Champaran (West),Annual,1994,1.219
RICE_001579,Rice,Bihar,Darbhanga,Annual,1994,0.877
RICE_001580,Rice,Bihar,Gaya,Annual,1994,1.342
RICE_001581,Rice,Bihar,Gopalganj,Annual,1994,1.23
RICE_001582,Rice,Bihar,Jamui,Annual,1994,0.887
RICE_001583,Rice,Bihar,Jehanabad,Annual,1994,1.796
RICE_001584,Rice,Bihar,Katihar,Annual,1994,1.265
RICE_001585,Rice,Bihar,Khagaria,Annual,1994,1.26
RICE_001586,Rice,Bihar,Kishanganj,Annual,1994,0.997
RICE_001587,Rice,Bihar,Madhepura,Annual,1994,1.138
RICE_001588,Rice,Bihar,Madhubani,Annual,1994,0.919
RICE_001589,Rice,Bihar,Mungair,Annual,1994,1.1
RICE_001590,Rice,Bihar,Muzaffarpur,Annual,1994,1.199
RICE_001591,Rice,Bihar,Nalanda,Annual,1994,1.598
RICE_001592,Rice,Bihar,Nawada,Annual,1994,1.35
RICE_001593,Rice,Bihar,Patna,Annual,1994,1.951
RICE_001594,Rice,Bihar,Purnea,Annual,1994,1.059
RICE_001595,Rice,Bihar,Rohtas,Annual,1994,2.369
RICE_001596,Rice,Bihar,Saharsa,Annual,1994,1.038
RICE_001597,Rice,Bihar,Samastipur,Annual,1994,0.896
RICE_001598,Rice,Bihar,Saran,Annual,1994,1.524
RICE_001599,Rice,Bihar,Sitamarhi,Annual,1994,0.843
RICE_001600,Rice,Bihar,Siwan,Annual,1994,1.146
RICE_001601,Rice,Bihar,Supaul,Annual,1994,1.025
RICE_001602,Rice,Bihar,Vaishali,Annual,1994,0.96
RICE_001603,Rice,Chhattisgarh,Bastar,Annual,1994,0.99
RICE_001604,Rice,Chhattisgarh,Bilaspur,Annual,1994,1.618
RICE_001605,Rice,Chhattisgarh,Durg,Annual,1994,1.399
RICE_001606,Rice,Chhattisgarh,Raigarh,Annual,1994,1.337
RICE_001607,Rice,Chhattisgarh,Raipur,Annual,1994,1.449
RICE_001608,Rice,Chhattisgarh,Rajnandgaon,Annual,1994,1.234
RICE_001609,Rice,Chhattisgarh,Surguja,Annual,1994,1.113
RICE_001610,Rice,Gujarat,Ahmedabad,Annual,1994,2.286
RICE_001611,Rice,Gujarat,Bharuch,Annual,1994,0.75
RICE_001612,Rice,Gujarat,Bhavnagar,Annual,1994,1.5
RICE_001613,Rice,Gujarat,Dangs,Annual,1994,1.333
RICE_001614,Rice,Gujarat,Gandhinagar,Annual,1994,2.714
RICE_001615,Rice,Gujarat,Kheda,Annual,1994,1.488
RICE_001616,Rice,Gujarat,Mehsana,Annual,1994,2.188
RICE_001617,Rice,Gujarat,Panchmahal,Annual,1994,0.948
RICE_001618,Rice,Gujarat,Sabarkantha,Annual,1994,1.769
RICE_001619,Rice,Gujarat,Surat,Annual,1994,1.833
RICE_001620,Rice,Gujarat,Surendranagar,Annual,1994,2.0
RICE_001621,Rice,Gujarat,Vadodara,Annual,1994,0.836
RICE_001622,Rice,Gujarat,Valsad,Annual,1994,1.981
RICE_001623,Rice,Haryana,Ambala,Annual,1994,2.766
RICE_001624,Rice,Haryana,Faridabad,Annual,1994,2.746
RICE_001625,Rice,Haryana,Gurgaon,Annual,1994,2.857
RICE_001626,Rice,Haryana,Hissar,Annual,1994,3.775
RICE_001627,Rice,Haryana,Jind,Annual,1994,2.707
RICE_001628,Rice,Haryana,Kaithal,Annual,1994,2.635
RICE_001629,Rice,Haryana,Karnal,Annual,1994,2.565
RICE_001630,Rice,Haryana,Kurukshetra,Annual,1994,2.981
RICE_001631,Rice,Haryana,Panipat,Annual,1994,2.332
RICE_001632,Rice,Haryana,Rohtak,Annual,1994,2.273
RICE_001633,Rice,Haryana,Sirsa,Annual,1994,3.677
RICE_001634,Rice,Haryana,Sonepat,Annual,1994,2.237
RICE_001635,Rice,Haryana,Yamunanagar,Annual,1994,3.347
RICE_001636,Rice,Himachal Pradesh,Bilashpur,Annual,1994,0.88
RICE_001637,Rice,Himachal Pradesh,Chamba,Annual,1994,1.11
RICE_001638,Rice,Himachal Pradesh,Hamirpur,Annual,1994,1.221
RICE_001639,Rice,Himachal Pradesh,Kangra,Annual,1994,1.391
RICE_001640,Rice,Himachal Pradesh,Kinnaur,Annual,1994,1.355
RICE_001641,Rice,Himachal Pradesh,Kullu,Annual,1994,1.425
RICE_001642,Rice,Himachal Pradesh,Mandi,Annual,1994,1.442
RICE_001643,Rice,Himachal Pradesh,Shimla,Annual,1994,1.27
RICE_001644,Rice,Himachal Pradesh,Sirmaur,Annual,1994,0.897
RICE_001645,Rice,Himachal Pradesh,Solan,Annual,1994,1.327
RICE_001646,Rice,Himachal Pradesh,Una,Annual,1994,2.214
RICE_001647,Rice,Jharkhand,Bokaro,Annual,1994,1.007
RICE_001648,Rice,Jharkhand,Chatra,Annual,1994,0.948
RICE_001649,Rice,Jharkhand,Devghar / Deogarh,Annual,1994,1.217
RICE_001650,Rice,Jharkhand,Dhanbad,Annual,1994,1.273
RICE_001651,Rice,Jharkhand,Gadva / Garhwa,Annual,1994,0.736
RICE_001652,Rice,Jharkhand,Giridih,Annual,1994,1.245
RICE_001653,Rice,Jharkhand,Godda,Annual,1994,0.642
RICE_001654,Rice,Jharkhand,Gumla,Annual,1994,0.869
RICE_001655,Rice,Jharkhand,Hazaribagh,Annual,1994,1.189
RICE_001656,Rice,Jharkhand,Lohardagga,Annual,1994,1.288
RICE_001657,Rice,Jharkhand,Palamau,Annual,1994,0.985
RICE_001658,Rice,Jharkhand,Ranchi,Annual,1994,1.199
RICE_001659,Rice,Jharkhand,Sahebganj,Annual,1994,1.425
RICE_001660,Rice,Jharkhand,Santhal Paragana / Dumka,Annual,1994,1.532
RICE_001661,Rice,Jharkhand,Singhbhum East,Annual,1994,1.098
RICE_001662,Rice,Jharkhand,Singhbhum West,Annual,1994,1.221
RICE_001663,Rice,Karnataka,Bangalore (Rural),Annual,1994,2.173
RICE_001664,Rice,Karnataka,Bangalore (Urban),Annual,1994,2.322
RICE_001665,Rice,Karnataka,Belgaum,Annual,1994,1.609
RICE_001666,Rice,Karnataka,Bellary,Annual,1994,2.45
RICE_001667,Rice,Karnataka,Bidar,Annual,1994,0.261
RICE_001668,Rice,Karnataka,Bijapur,Annual,1994,1.737
RICE_001669,Rice,Karnataka,Chickmagalur,Annual,1994,2.464
RICE_001670,Rice,Karnataka,Chitradurga,Annual,1994,3.114
RICE_001671,Rice,Karnataka,Dakshina Kannada,Annual,1994,1.876
RICE_001672,Rice,Karnataka,Dharwad,Annual,1994,1.694
RICE_001673,Rice,Karnataka,Gulbarga,Annual,1994,1.265
RICE_001674,Rice,Karnataka,Hassan,Annual,1994,2.718
RICE_001675,Rice,Karnataka,Kodagu,Annual,1994,2.51
RICE_001676,Rice,Karnataka,Kolar,Annual,1994,2.011
RICE_001677,Rice,Karnataka,Mandya,Annual,1994,3.294
RICE_001678,Rice,Karnataka,Mysore,Annual,1994,3.257
RICE_001679,Rice,Karnataka,Raichur,Annual,1994,2.796
RICE_001680,Rice,Karnataka,Shimoge,Annual,1994,2.566
RICE_001681,Rice,Karnataka,Tumkur,Annual,1994,2.385
RICE_001682,Rice,Karnataka,Uttara Kannada,Annual,1994,1.933
RICE_001683,Rice,Kerala,Alappuzha,Annual,1994,1.809
RICE_001684,Rice,Kerala,Eranakulam,Annual,1994,1.684
RICE_001685,Rice,Kerala,Idukki,Annual,1994,2.15
RICE_001686,Rice,Kerala,Kannur,Annual,1994,1.507
RICE_001687,Rice,Kerala,Kasaragod,Annual,1994,1.699
RICE_001688,Rice,Kerala,Kollam,Annual,1994,1.852
RICE_001689,Rice,Kerala,Kottayam,Annual,1994,2.244
RICE_001690,Rice,Kerala,Kozhikode,Annual,1994,1.247
RICE_001691,Rice,Kerala,Malappuram,Annual,1994,1.684
RICE_001692,Rice,Kerala,Palakkad,Annual,1994,2.24
RICE_001693,Rice,Kerala,Pathanamthitta,Annual,1994,2.262
RICE_001694,Rice,Kerala,Thiruvananthapuram,Annual,1994,1.743
RICE_001695,Rice,Kerala,Thrissur,Annual,1994,1.835
RICE_001696,Rice,Kerala,Wayanad,Annual,1994,2.217
RICE_001697,Rice,Madhya Pradesh,Balaghat,Annual,1994,0.937
RICE_001698,Rice,Madhya Pradesh,Betul,Annual,1994,0.971
RICE_001699,Rice,Madhya Pradesh,Bhind,Annual,1994,1.87
RICE_001700,Rice,Madhya Pradesh,Bhopal,Annual,1994,0.8
RICE_001701,Rice,Madhya Pradesh,Chhatarpur,Annual,1994,0.896
RICE_001702,Rice,Madhya Pradesh,Chhindwara,Annual,1994,0.965
RICE_001703,Rice,Madhya Pradesh,Damoh,Annual,1994,0.761
RICE_001704,Rice,Madhya Pradesh,Datia,Annual,1994,0.5
RICE_001705,Rice,Madhya Pradesh,Dewas,Annual,1994,0.6
RICE_001706,Rice,Madhya Pradesh,Dhar,Annual,1994,0.717
RICE_001707,Rice,Madhya Pradesh,Guna,Annual,1994,0.813
RICE_001708,Rice,Madhya Pradesh,Gwalior,Annual,1994,2.327
RICE_001709,Rice,Madhya Pradesh,Hoshangabad,Annual,1994,1.344
RICE_001710,Rice,Madhya Pradesh,Jabalpur,Annual,1994,0.758
RICE_001711,Rice,Madhya Pradesh,Jhabua,Annual,1994,0.67
RICE_001712,Rice,Madhya Pradesh,Khandwa,Annual,1994,0.776
RICE_001713,Rice,Madhya Pradesh,Khargone,Annual,1994,0.639
RICE_001714,Rice,Madhya Pradesh,Mandla,Annual,1994,0.851
RICE_001715,Rice,Madhya Pradesh,Morena,Annual,1994,1.943
RICE_001716,Rice,Madhya Pradesh,Narsinghpur,Annual,1994,1.044
RICE_001717,Rice,Madhya Pradesh,Panna,Annual,1994,0.663
RICE_001718,Rice,Madhya Pradesh,Raisen,Annual,1994,0.917
RICE_001719,Rice,Madhya Pradesh,Rajgarh,Annual,1994,0.579
RICE_001720,Rice,Madhya Pradesh,Ratlam,Annual,1994,0.694
RICE_001721,Rice,Madhya Pradesh,Rewa,Annual,1994,0.89
RICE_001722,Rice,Madhya Pradesh,Sagar,Annual,1994,0.615
RICE_001723,Rice,Madhya Pradesh,Satna,Annual,1994,0.506
RICE_001724,Rice,Madhya Pradesh,Sehore,Annual,1994,0.9
RICE_001725,Rice,Madhya Pradesh,Seoni,Annual,1994,1.398
RICE_001726,Rice,Madhya Pradesh,Shahdol,Annual,1994,0.991
RICE_001727,Rice,Madhya Pradesh,Shajapur,Annual,1994,0.8
RICE_001728,Rice,Madhya Pradesh,Shivpuri,Annual,1994,0.953
RICE_001729,Rice,Madhya Pradesh,Sidhi,Annual,1994,0.684
RICE_001730,Rice,Madhya Pradesh,Tikamgarh,Annual,1994,0.857
RICE_001731,Rice,Madhya Pradesh,Vidisha,Annual,1994,0.714
RICE_001732,Rice,Maharashtra,Ahmednagar,Annual,1994,0.882
RICE_001733,Rice,Maharashtra,Akola,Annual,1994,0.897
RICE_001734,Rice,Maharashtra,Amarawati,Annual,1994,0.963
RICE_001735,Rice,Maharashtra,Aurangabad,Annual,1994,0.722
RICE_001736,Rice,Maharashtra,Beed,Annual,1994,0.778
RICE_001737,Rice,Maharashtra,Bhandara,Annual,1994,1.191
RICE_001738,Rice,Maharashtra,Buldhana,Annual,1994,0.846
RICE_001739,Rice,Maharashtra,Chandrapur,Annual,1994,1.563
RICE_001740,Rice,Maharashtra,Dhule,Annual,1994,0.831
RICE_001741,Rice,Maharashtra,Gadchiroli,Annual,1994,1.18
RICE_001742,Rice,Maharashtra,Jalgaon,Annual,1994,1.0
RICE_001743,Rice,Maharashtra,Jalna,Annual,1994,0.704
RICE_001744,Rice,Maharashtra,Kolhapur,Annual,1994,2.317
RICE_001745,Rice,Maharashtra,Latur,Annual,1994,0.632
RICE_001746,Rice,Maharashtra,Nagpur,Annual,1994,1.35
RICE_001747,Rice,Maharashtra,Nanded,Annual,1994,0.86
RICE_001748,Rice,Maharashtra,Nasik,Annual,1994,1.237
RICE_001749,Rice,Maharashtra,Osmanabad,Annual,1994,0.634
RICE_001750,Rice,Maharashtra,Parbhani,Annual,1994,0.861
RICE_001751,Rice,Maharashtra,Pune,Annual,1994,1.182
RICE_001752,Rice,Maharashtra,Raigad,Annual,1994,2.198
RICE_001753,Rice,Maharashtra,Ratnagiri,Annual,1994,2.213
RICE_001754,Rice,Maharashtra,Sangli,Annual,1994,1.186
RICE_001755,Rice,Maharashtra,Satara,Annual,1994,1.683
RICE_001756,Rice,Maharashtra,Sindhudurg,Annual,1994,2.346
RICE_001757,Rice,Maharashtra,Solapur,Annual,1994,0.778
RICE_001758,Rice,Maharashtra,Thane,Annual,1994,1.898
RICE_001759,Rice,Maharashtra,Wardha,Annual,1994,0.882
RICE_001760,Rice,Maharashtra,Yeotmal,Annual,1994,0.943
RICE_001761,Rice,Orissa,Balasore,Annual,1994,1.432
RICE_001762,Rice,Orissa,Bolangir,Annual,1994,1.534
RICE_001763,Rice,Orissa,Cuttack,Annual,1994,1.376
RICE_001764,Rice,Orissa,Dhenkanal,Annual,1994,1.412
RICE_001765,Rice,Orissa,Ganjam,Annual,1994,1.885
RICE_001766,Rice,Orissa,Kalahandi,Annual,1994,1.093
RICE_001767,Rice,Orissa,Keonjhar,Annual,1994,1.125
RICE_001768,Rice,Orissa,Koraput,Annual,1994,1.351
RICE_001769,Rice,Orissa,Mayurbhanja,Annual,1994,1.32
RICE_001770,Rice,Orissa,Phulbani ( Kandhamal ),Annual,1994,1.357
RICE_001771,Rice,Orissa,Puri,Annual,1994,1.311
RICE_001772,Rice,Orissa,Sambalpur,Annual,1994,1.805
RICE_001773,Rice,Orissa,Sundargarh,Annual,1994,1.07
RICE_001774,Rice,Punjab,Amritsar,Annual,1994,3.091
RICE_001775,Rice,Punjab,Bhatinda,Annual,1994,3.769
RICE_001776,Rice,Punjab,Faridkot,Annual,1994,3.549
RICE_001777,Rice,Punjab,Fatehgarh Sahib,Annual,1994,3.538
RICE_001778,Rice,Punjab,Ferozpur,Annual,1994,3.752
RICE_001779,Rice,Punjab,Gurdaspur,Annual,1994,2.689
RICE_001780,Rice,Punjab,Hoshiarpur,Annual,1994,3.017
RICE_001781,Rice,Punjab,Jalandhar,Annual,1994,3.437
RICE_001782,Rice,Punjab,Kapurthala,Annual,1994,3.188
RICE_001783,Rice,Punjab,Ludhiana,Annual,1994,3.557
RICE_001784,Rice,Punjab,Mansa,Annual,1994,3.466
RICE_001785,Rice,Punjab,Patiala,Annual,1994,3.414
RICE_001786,Rice,Punjab,Roopnagar,Annual,1994,3.105
RICE_001787,Rice,Punjab,Sangrur,Annual,1994,3.557
RICE_001788,Rice,Rajasthan,Ajmer,Annual,1994,2.0
RICE_001789,Rice,Rajasthan,Alwar,Annual,1994,1.947
RICE_001790,Rice,Rajasthan,Banswara,Annual,1994,0.64
RICE_001791,Rice,Rajasthan,Baran,Annual,1994,0.651
RICE_001792,Rice,Rajasthan,Bharatpur,Annual,1994,1.451
RICE_001793,Rice,Rajasthan,Bhilwara,Annual,1994,2.167
RICE_001794,Rice,Rajasthan,Bikaner,Annual,1994,2.0
RICE_001795,Rice,Rajasthan,Bundi,Annual,1994,1.306
RICE_001796,Rice,Rajasthan,Chittorgarh,Annual,1994,2.007
RICE_001797,Rice,Rajasthan,Dholpur,Annual,1994,2.0
RICE_001798,Rice,Rajasthan,Dungarpur,Annual,1994,0.99
RICE_001799,Rice,Rajasthan,Ganganagar,Annual,1994,2.222
RICE_001800,Rice,Rajasthan,Hanumangarh,Annual,1994,2.009
RICE_001801,Rice,Rajasthan,Jaipur,Annual,1994,2.0
RICE_001802,Rice,Rajasthan,Jhalawar,Annual,1994,2.0
RICE_001803,Rice,Rajasthan,Kota,Annual,1994,2.144
RICE_001804,Rice,Rajasthan,Pali,Annual,1994,1.5
RICE_001805,Rice,Rajasthan,Rajsamand,Annual,1994,2.0
RICE_001806,Rice,Rajasthan,Sirohi,Annual,1994,2.0
RICE_001807,Rice,Rajasthan,Swami Madhopur,Annual,1994,1.315
RICE_001808,Rice,Rajasthan,Udaipur,Annual,1994,0.753
RICE_001809,Rice,Tamil Nadu,Chengalpattu Mgr / Kancheepuram,Annual,1994,3.263
RICE_001810,Rice,Tamil Nadu,Chidambanar / Toothukudi,Annual,1994,4.079
RICE_001811,Rice,Tamil Nadu,Coimbatore,Annual,1994,3.696
RICE_001812,Rice,Tamil Nadu,Dharmapuri,Annual,1994,3.678
RICE_001813,Rice,Tamil Nadu,Dindigul Anna,Annual,1994,5.1
RICE_001814,Rice,Tamil Nadu,Kanyakumari,Annual,1994,4.036
RICE_001815,Rice,Tamil Nadu,Madurai,Annual,1994,4.112
RICE_001816,Rice,Tamil Nadu,Nagapattinam,Annual,1994,3.66
RICE_001817,Rice,Tamil Nadu,North Arcot / Vellore,Annual,1994,2.773
RICE_001818,Rice,Tamil Nadu,Periyar (Erode),Annual,1994,4.299
RICE_001819,Rice,Tamil Nadu,Pudukkottai,Annual,1994,3.153
RICE_001820,Rice,Tamil Nadu,Ramananthapuram,Annual,1994,1.477
RICE_001821,Rice,Tamil Nadu,Salem,Annual,1994,3.475
RICE_001822,Rice,Tamil Nadu,Sivagangai / Pasumpon,Annual,1994,2.619
RICE_001823,Rice,Tamil Nadu,South Arcot / Cuddalore,Annual,1994,3.773
RICE_001824,Rice,Tamil Nadu,Thanjavur,Annual,1994,3.182
RICE_001825,Rice,Tamil Nadu,The Nilgiris,Annual,1994,1.987
RICE_001826,Rice,Tamil Nadu,Thirunelveli,Annual,1994,4.772
RICE_001827,Rice,Tamil Nadu,Thiruvannamalai,Annual,1994,3.186
RICE_001828,Rice,Tamil Nadu,Tiruchirapalli / Trichy,Annual,1994,3.441
RICE_001829,Rice,Tamil Nadu,Villupuram,Annual,1994,3.44
RICE_001830,Rice,Tamil Nadu,Virudhunagar / Kamarajar,Annual,1994,2.37
RICE_001831,Rice,Telangana,Adilabad,Annual,1994,1.887
RICE_001832,Rice,Telangana,Hyderabad,Annual,1994,2.55
RICE_001833,Rice,Telangana,Karimnagar,Annual,1994,2.766
RICE_001834,Rice,Telangana,Khammam,Annual,1994,2.643
RICE_001835,Rice,Telangana,Mahabubnagar,Annual,1994,1.754
RICE_001836,Rice,Telangana,Medak,Annual,1994,2.235
RICE_001837,Rice,Telangana,Nalgonda,Annual,1994,2.859
RICE_001838,Rice,Telangana,Nizamabad,Annual,1994,2.318
RICE_001839,Rice,Telangana,Rangareddy,Annual,1994,2.314
RICE_001840,Rice,Telangana,Warangal,Annual,1994,2.669
RICE_001841,Rice,Uttar Pradesh,Agra,Annual,1994,2.044
RICE_001842,Rice,Uttar Pradesh,Aligarh,Annual,1994,2.011
RICE_001843,Rice,Uttar Pradesh,Allahabad,Annual,1994,1.867
RICE_001844,Rice,Uttar Pradesh,Azamgarh,Annual,1994,1.827
RICE_001845,Rice,Uttar Pradesh,Bahraich,Annual,1994,1.217
RICE_001846,Rice,Uttar Pradesh,Ballia,Annual,1994,1.857
RICE_001847,Rice,Uttar Pradesh,Banda,Annual,1994,1.06
RICE_001848,Rice,Uttar Pradesh,Barabanki,Annual,1994,1.993
RICE_001849,Rice,Uttar Pradesh,Bareilly,Annual,1994,1.818
RICE_001850,Rice,Uttar Pradesh,Basti,Annual,1994,1.636
RICE_001851,Rice,Uttar Pradesh,Bijnor,Annual,1994,2.773
RICE_001852,Rice,Uttar Pradesh,Budaun,Annual,1994,1.578
RICE_001853,Rice,Uttar Pradesh,Buland Shahar,Annual,1994,1.836
RICE_001854,Rice,Uttar Pradesh,Deoria,Annual,1994,1.868
RICE_001855,Rice,Uttar Pradesh,Etah,Annual,1994,2.023
RICE_001856,Rice,Uttar Pradesh,Etawah,Annual,1994,2.123
RICE_001857,Rice,Uttar Pradesh,Faizabad,Annual,1994,2.153
RICE_001858,Rice,Uttar Pradesh,Farrukhabad,Annual,1994,1.874
RICE_001859,Rice,Uttar Pradesh,Fatehpur,Annual,1994,1.228
RICE_001860,Rice,Uttar Pradesh,Firozabad,Annual,1994,1.748
RICE_001861,Rice,Uttar Pradesh,Ghaziabad,Annual,1994,2.255
RICE_001862,Rice,Uttar Pradesh,Ghazipur,Annual,1994,1.975
RICE_001863,Rice,Uttar Pradesh,Gonda,Annual,1994,1.456
RICE_001864,Rice,Uttar Pradesh,Gorakhpur,Annual,1994,1.606
RICE_001865,Rice,Uttar Pradesh,Hamirpur,Annual,1994,1.028
RICE_001866,Rice,Uttar Pradesh,Hardoi,Annual,1994,1.786
RICE_001867,Rice,Uttar Pradesh,Jalaun,Annual,1994,1.025
RICE_001868,Rice,Uttar Pradesh,Jaunpur,Annual,1994,1.923
RICE_001869,Rice,Uttar Pradesh,Jhansi,Annual,1994,1.026
RICE_001870,Rice,Uttar Pradesh,Kanpur Dehat,Annual,1994,1.839
RICE_001871,Rice,Uttar Pradesh,Kanpur Nagar,Annual,1994,1.832
RICE_001872,Rice,Uttar Pradesh,Kheri,Annual,1994,1.783
RICE_001873,Rice,Uttar Pradesh,Lalitpur,Annual,1994,0.707
RICE_001874,Rice,Uttar Pradesh,Lucknow,Annual,1994,1.135
RICE_001875,Rice,Uttar Pradesh,Mahrajgani,Annual,1994,2.167
RICE_001876,Rice,Uttar Pradesh,Mainpuri,Annual,1994,2.128
RICE_001877,Rice,Uttar Pradesh,Mathura,Annual,1994,2.438
RICE_001878,Rice,Uttar Pradesh,Mau,Annual,1994,1.709
RICE_001879,Rice,Uttar Pradesh,Meerut,Annual,1994,2.362
RICE_001880,Rice,Uttar Pradesh,Mirzpur,Annual,1994,2.212
RICE_001881,Rice,Uttar Pradesh,Moradabad,Annual,1994,2.322
RICE_001882,Rice,Uttar Pradesh,Muzaffarnagar,Annual,1994,2.277
RICE_001883,Rice,Uttar Pradesh,Pilibhit,Annual,1994,2.362
RICE_001884,Rice,Uttar Pradesh,Pratapgarh,Annual,1994,1.808
RICE_001885,Rice,Uttar Pradesh,Rae-Bareily,Annual,1994,1.588
RICE_001886,Rice,Uttar Pradesh,Rampur,Annual,1994,2.386
RICE_001887,Rice,Uttar Pradesh,Saharanpur,Annual,1994,2.35
RICE_001888,Rice,Uttar Pradesh,Shahjahanpur,Annual,1994,2.176
RICE_001889,Rice,Uttar Pradesh,Sidharthnagar,Annual,1994,1.512
RICE_001890,Rice,Uttar Pradesh,Sitapur,Annual,1994,1.506
RICE_001891,Rice,Uttar Pradesh,Sonbhadra,Annual,1994,1.427
RICE_001892,Rice,Uttar Pradesh,Sultanpur,Annual,1994,1.646
RICE_001893,Rice,Uttar Pradesh,Unnao,Annual,1994,1.406
RICE_001894,Rice,Uttar Pradesh,Varanasi,Annual,1994,2.604
RICE_001895,Rice,Uttarakhand,Almorah,Annual,1994,1.125
RICE_001896,Rice,Uttarakhand,Chamoli,Annual,1994,1.363
RICE_001897,Rice,Uttarakhand,Dehradun,Annual,1994,1.707
RICE_001898,Rice,Uttarakhand,Garhwal,Annual,1994,1.103
RICE_001899,Rice,Uttarakhand,Haridwar,Annual,1994,2.16
RICE_001900,Rice,Uttarakhand,Nainital,Annual,1994,2.992
RICE_001901,Rice,Uttarakhand,Pithorgarh,Annual,1994,1.348
RICE_001902,Rice,Uttarakhand,Tehri Garhwal,Annual,1994,1.287
RICE_001903,Rice,Uttarakhand,Uttar Kashi,Annual,1994,1.298
RICE_001904,Rice,West Bengal,24-Paraganas North,Annual,1994,2.36
RICE_001905,Rice,West Bengal,24-Paraganas South,Annual,1994,1.82
RICE_001906,Rice,West Bengal,Bankura,Annual,1994,2.32
RICE_001907,Rice,West Bengal,Birbhum,Annual,1994,2.266
RICE_001908,Rice,West Bengal,Burdwan,Annual,1994,2.798
RICE_001909,Rice,West Bengal,Cooch Behar,Annual,1994,1.242
RICE_001910,Rice,West Bengal,Darjeeling,Annual,1994,1.469
RICE_001911,Rice,West Bengal,East Midnapore / Purba Midnapore,Annual,1994,2.147
RICE_001912,Rice,West Bengal,Hooghly,Annual,1994,2.609
RICE_001913,Rice,West Bengal,Jalpaiguri,Annual,1994,1.123
RICE_001914,Rice,West Bengal,Jhargram,Annual,1994,1.836
RICE_001915,Rice,West Bengal,Malda,Annual,1994,2.136
RICE_001916,Rice,West Bengal,Murshidabad,Annual,1994,2.294
RICE_001917,Rice,West Bengal,Nadia,Annual,1994,2.431
RICE_001918,Rice,West Bengal,Purulia,Annual,1994,1.704
RICE_001919,Rice,West Bengal,West Midnapore,Annual,1994,2.142
RICE_001920,Rice,Andhra Pradesh,Anantapur,Annual,1995,2.171
RICE_001921,Rice,Andhra Pradesh,Chittoor,Annual,1995,2.193
RICE_001922,Rice,Andhra Pradesh,East Godavari,Annual,1995,2.727
RICE_001923,Rice,Andhra Pradesh,Guntur,Annual,1995,3.018
RICE_001924,Rice,Andhra Pradesh,Kadapa Ysr,Annual,1995,2.763
RICE_001925,Rice,Andhra Pradesh,Krishna,Annual,1995,2.69
RICE_001926,Rice,Andhra Pradesh,Kurnool,Annual,1995,2.562
RICE_001927,Rice,Andhra Pradesh,Prakasam,Annual,1995,2.168
RICE_001928,Rice,Andhra Pradesh,S.P.S. Nellore,Annual,1995,2.299
RICE_001929,Rice,Andhra Pradesh,Srikakulam,Annual,1995,1.887
RICE_001930,Rice,Andhra Pradesh,Visakhapatnam,Annual,1995,1.798
RICE_001931,Rice,Andhra Pradesh,Vizianagaram,Annual,1995,2.348
RICE_001932,Rice,Andhra Pradesh,West Godavari,Annual,1995,2.686
RICE_001933,Rice,Assam,Barpeta,Annual,1995,0.797
RICE_001934,Rice,Assam,Bongaigaon,Annual,1995,0.896
RICE_001935,Rice,Assam,Cachar,Annual,1995,1.778
RICE_001936,Rice,Assam,Darrang,Annual,1995,0.969
RICE_001937,Rice,Assam,Dhemaji,Annual,1995,1.288
RICE_001938,Rice,Assam,Dhubri,Annual,1995,0.899
RICE_001939,Rice,Assam,Dibrugarh,Annual,1995,1.815
RICE_001940,Rice,Assam,Goalpara,Annual,1995,1.26
RICE_001941,Rice,Assam,Golaghat,Annual,1995,2.007
RICE_001942,Rice,Assam,Hailakandi,Annual,1995,1.725
RICE_001943,Rice,Assam,Jorhat,Annual,1995,1.579
RICE_001944,Rice,Assam,Kamrup,Annual,1995,1.238
RICE_001945,Rice,Assam,Karbi Anglong,Annual,1995,1.529
RICE_001946,Rice,Assam,Karimganj,Annual,1995,1.543
RICE_001947,Rice,Assam,Kokrajhar,Annual,1995,1.113
RICE_001948,Rice,Assam,Lakhimpur,Annual,1995,1.333
RICE_001949,Rice,Assam,Marigaon,Annual,1995,1.326
RICE_001950,Rice,Assam,Nagaon,Annual,1995,1.545
RICE_001951,Rice,Assam,Nalbari,Annual,1995,1.156
RICE_001952,Rice,Assam,North Cachar Hil,Annual,1995,1.954
RICE_001953,Rice,Assam,Sibsagar,Annual,1995,1.879
RICE_001954,Rice,Assam,Sonitpur,Annual,1995,1.42
RICE_001955,Rice,Assam,Tinsukia,Annual,1995,1.183
RICE_001956,Rice,Bihar,Araria,Annual,1995,1.282
RICE_001957,Rice,Bihar,Aurangabad,Annual,1995,2.088
RICE_001958,Rice,Bihar,Banka,Annual,1995,1.154
RICE_001959,Rice,Bihar,Begusarai,Annual,1995,0.806
RICE_001960,Rice,Bihar,Bhabhua / Kaimur,Annual,1995,1.923
RICE_001961,Rice,Bihar,Bhagalpur,Annual,1995,1.336
RICE_001962,Rice,Bihar,Bhojpur,Annual,1995,2.03
RICE_001963,Rice,Bihar,Buxar,Annual,1995,1.7
RICE_001964,Rice,Bihar,Champaran (East),Annual,1995,1.577
RICE_001965,Rice,Bihar,Champaran (West),Annual,1995,1.478
RICE_001966,Rice,Bihar,Darbhanga,Annual,1995,0.843
RICE_001967,Rice,Bihar,Gaya,Annual,1995,1.544
RICE_001968,Rice,Bihar,Gopalganj,Annual,1995,1.426
RICE_001969,Rice,Bihar,Jamui,Annual,1995,0.888
RICE_001970,Rice,Bihar,Jehanabad,Annual,1995,1.717
RICE_001971,Rice,Bihar,Katihar,Annual,1995,1.246
RICE_001972,Rice,Bihar,Khagaria,Annual,1995,0.97
RICE_001973,Rice,Bihar,Kishanganj,Annual,1995,1.219
RICE_001974,Rice,Bihar,Madhepura,Annual,1995,1.173
RICE_001975,Rice,Bihar,Madhubani,Annual,1995,0.607
RICE_001976,Rice,Bihar,Mungair,Annual,1995,1.306
RICE_001977,Rice,Bihar,Muzaffarpur,Annual,1995,1.249
RICE_001978,Rice,Bihar,Nalanda,Annual,1995,1.443
RICE_001979,Rice,Bihar,Nawada,Annual,1995,1.41
RICE_001980,Rice,Bihar,Patna,Annual,1995,2.233
RICE_001981,Rice,Bihar,Purnea,Annual,1995,1.184
RICE_001982,Rice,Bihar,Rohtas,Annual,1995,2.044
RICE_001983,Rice,Bihar,Saharsa,Annual,1995,0.734
RICE_001984,Rice,Bihar,Samastipur,Annual,1995,1.045
RICE_001985,Rice,Bihar,Saran,Annual,1995,1.531
RICE_001986,Rice,Bihar,Sitamarhi,Annual,1995,1.088
RICE_001987,Rice,Bihar,Siwan,Annual,1995,0.15
RICE_001988,Rice,Bihar,Supaul,Annual,1995,1.063
RICE_001989,Rice,Bihar,Vaishali,Annual,1995,1.197
RICE_001990,Rice,Chhattisgarh,Bastar,Annual,1995,0.952
RICE_001991,Rice,Chhattisgarh,Bilaspur,Annual,1995,1.332
RICE_001992,Rice,Chhattisgarh,Durg,Annual,1995,1.507
RICE_001993,Rice,Chhattisgarh,Raigarh,Annual,1995,1.035
RICE_001994,Rice,Chhattisgarh,Raipur,Annual,1995,1.447
RICE_001995,Rice,Chhattisgarh,Rajnandgaon,Annual,1995,1.38
RICE_001996,Rice,Chhattisgarh,Surguja,Annual,1995,0.88
RICE_001997,Rice,Gujarat,Ahmedabad,Annual,1995,1.185
RICE_001998,Rice,Gujarat,Amreli,Annual,1995,1.0
RICE_001999,Rice,Gujarat,Banaskantha,Annual,1995,3.0
RICE_002000,Rice,Gujarat,Bharuch,Annual,1995,0.649
RICE_002001,Rice,Gujarat,Bhavnagar,Annual,1995,2.0
RICE_002002,Rice,Gujarat,Dangs,Annual,1995,1.082
RICE_002003,Rice,Gujarat,Gandhinagar,Annual,1995,2.667
RICE_002004,Rice,Gujarat,Junagadh,Annual,1995,2.063
RICE_002005,Rice,Gujarat,Kheda,Annual,1995,1.909
RICE_002006,Rice,Gujarat,Mehsana,Annual,1995,1.676
RICE_002007,Rice,Gujarat,Panchmahal,Annual,1995,0.618
RICE_002008,Rice,Gujarat,Sabarkantha,Annual,1995,1.373
RICE_002009,Rice,Gujarat,Surat,Annual,1995,2.262
RICE_002010,Rice,Gujarat,Surendranagar,Annual,1995,1.875
RICE_002011,Rice,Gujarat,Vadodara,Annual,1995,0.57
RICE_002012,Rice,Gujarat,Valsad,Annual,1995,2.151
RICE_002013,Rice,Haryana,Ambala,Annual,1995,2.323
RICE_002014,Rice,Haryana,Faridabad,Annual,1995,2.174
RICE_002015,Rice,Haryana,Gurgaon,Annual,1995,2.157
RICE_002016,Rice,Haryana,Hissar,Annual,1995,2.911
RICE_002017,Rice,Haryana,Jind,Annual,1995,1.819
RICE_002018,Rice,Haryana,Kaithal,Annual,1995,2.042
RICE_002019,Rice,Haryana,Karnal,Annual,1995,2.085
RICE_002020,Rice,Haryana,Kurukshetra,Annual,1995,2.428
RICE_002021,Rice,Haryana,Panchkula,Annual,1995,2.075
RICE_002022,Rice,Haryana,Panipat,Annual,1995,2.031
RICE_002023,Rice,Haryana,Rohtak,Annual,1995,2.235
RICE_002024,Rice,Haryana,Sirsa,Annual,1995,3.346
RICE_002025,Rice,Haryana,Sonepat,Annual,1995,1.561
RICE_002026,Rice,Haryana,Yamunanagar,Annual,1995,2.915
RICE_002027,Rice,Himachal Pradesh,Bilashpur,Annual,1995,1.247
RICE_002028,Rice,Himachal Pradesh,Chamba,Annual,1995,1.537
RICE_002029,Rice,Himachal Pradesh,Hamirpur,Annual,1995,1.742
RICE_002030,Rice,Himachal Pradesh,Kangra,Annual,1995,1.284
RICE_002031,Rice,Himachal Pradesh,Kinnaur,Annual,1995,1.333
RICE_002032,Rice,Himachal Pradesh,Kullu,Annual,1995,1.594
RICE_002033,Rice,Himachal Pradesh,Mandi,Annual,1995,1.263
RICE_002034,Rice,Himachal Pradesh,Shimla,Annual,1995,1.437
RICE_002035,Rice,Himachal Pradesh,Sirmaur,Annual,1995,1.437
RICE_002036,Rice,Himachal Pradesh,Solan,Annual,1995,1.482
RICE_002037,Rice,Himachal Pradesh,Una,Annual,1995,1.742
RICE_002038,Rice,Karnataka,Bangalore (Rural),Annual,1995,2.456
RICE_002039,Rice,Karnataka,Bangalore (Urban),Annual,1995,2.46
RICE_002040,Rice,Karnataka,Belgaum,Annual,1995,1.154
RICE_002041,Rice,Karnataka,Bellary,Annual,1995,2.882
RICE_002042,Rice,Karnataka,Bidar,Annual,1995,1.028
RICE_002043,Rice,Karnataka,Bijapur,Annual,1995,1.307
RICE_002044,Rice,Karnataka,Chickmagalur,Annual,1995,2.26
RICE_002045,Rice,Karnataka,Chitradurga,Annual,1995,2.993
RICE_002046,Rice,Karnataka,Dakshina Kannada,Annual,1995,1.883
RICE_002047,Rice,Karnataka,Dharwad,Annual,1995,1.156
RICE_002048,Rice,Karnataka,Gulbarga,Annual,1995,2.322
RICE_002049,Rice,Karnataka,Hassan,Annual,1995,2.625
RICE_002050,Rice,Karnataka,Kodagu,Annual,1995,2.377
RICE_002051,Rice,Karnataka,Kolar,Annual,1995,2.531
RICE_002052,Rice,Karnataka,Mandya,Annual,1995,3.192
RICE_002053,Rice,Karnataka,Mysore,Annual,1995,3.132
RICE_002054,Rice,Karnataka,Raichur,Annual,1995,3.188
RICE_002055,Rice,Karnataka,Shimoge,Annual,1995,2.315
RICE_002056,Rice,Karnataka,Tumkur,Annual,1995,2.647
RICE_002057,Rice,Karnataka,Uttara Kannada,Annual,1995,1.836
RICE_002058,Rice,Kerala,Alappuzha,Annual,1995,2.743
RICE_002059,Rice,Kerala,Eranakulam,Annual,1995,1.803
RICE_002060,Rice,Kerala,Idukki,Annual,1995,2.321
RICE_002061,Rice,Kerala,Kannur,Annual,1995,1.551
RICE_002062,Rice,Kerala,Kasaragod,Annual,1995,1.68
RICE_002063,Rice,Kerala,Kollam,Annual,1995,1.951
RICE_002064,Rice,Kerala,Kottayam,Annual,1995,2.235
RICE_002065,Rice,Kerala,Kozhikode,Annual,1995,1.211
RICE_002066,Rice,Kerala,Malappuram,Annual,1995,1.72
RICE_002067,Rice,Kerala,Palakkad,Annual,1995,2.067
RICE_002068,Rice,Kerala,Pathanamthitta,Annual,1995,2.506
RICE_002069,Rice,Kerala,Thiruvananthapuram,Annual,1995,1.874
RICE_002070,Rice,Kerala,Thrissur,Annual,1995,1.886
RICE_002071,Rice,Kerala,Wayanad,Annual,1995,2.288
RICE_002072,Rice,Madhya Pradesh,Balaghat,Annual,1995,1.216
RICE_002073,Rice,Madhya Pradesh,Betul,Annual,1995,0.718
RICE_002074,Rice,Madhya Pradesh,Bhind,Annual,1995,1.844
RICE_002075,Rice,Madhya Pradesh,Bhopal,Annual,1995,0.5
RICE_002076,Rice,Madhya Pradesh,Chhatarpur,Annual,1995,0.435
RICE_002077,Rice,Madhya Pradesh,Chhindwara,Annual,1995,0.566
RICE_002078,Rice,Madhya Pradesh,Damoh,Annual,1995,0.526
RICE_002079,Rice,Madhya Pradesh,Datia,Annual,1995,0.75
RICE_002080,Rice,Madhya Pradesh,Dewas,Annual,1995,0.444
RICE_002081,Rice,Madhya Pradesh,Dhar,Annual,1995,0.419
RICE_002082,Rice,Madhya Pradesh,Guna,Annual,1995,0.467
RICE_002083,Rice,Madhya Pradesh,Gwalior,Annual,1995,1.586
RICE_002084,Rice,Madhya Pradesh,Hoshangabad,Annual,1995,0.881
RICE_002085,Rice,Madhya Pradesh,Jabalpur,Annual,1995,0.739
RICE_002086,Rice,Madhya Pradesh,Jhabua,Annual,1995,0.299
RICE_002087,Rice,Madhya Pradesh,Khandwa,Annual,1995,0.6
RICE_002088,Rice,Madhya Pradesh,Khargone,Annual,1995,0.376
RICE_002089,Rice,Madhya Pradesh,Mandla,Annual,1995,0.707
RICE_002090,Rice,Madhya Pradesh,Mandsaur,Annual,1995,1.0
RICE_002091,Rice,Madhya Pradesh,Morena,Annual,1995,1.387
RICE_002092,Rice,Madhya Pradesh,Narsinghpur,Annual,1995,0.8
RICE_002093,Rice,Madhya Pradesh,Panna,Annual,1995,0.381
RICE_002094,Rice,Madhya Pradesh,Raisen,Annual,1995,0.595
RICE_002095,Rice,Madhya Pradesh,Rajgarh,Annual,1995,0.167
RICE_002096,Rice,Madhya Pradesh,Ratlam,Annual,1995,0.486
RICE_002097,Rice,Madhya Pradesh,Rewa,Annual,1995,0.699
RICE_002098,Rice,Madhya Pradesh,Sagar,Annual,1995,0.446
RICE_002099,Rice,Madhya Pradesh,Satna,Annual,1995,0.332
RICE_002100,Rice,Madhya Pradesh,Sehore,Annual,1995,0.5
RICE_002101,Rice,Madhya Pradesh,Seoni,Annual,1995,0.874
RICE_002102,Rice,Madhya Pradesh,Shahdol,Annual,1995,0.733
RICE_002103,Rice,Madhya Pradesh,Shajapur,Annual,1995,0.5
RICE_002104,Rice,Madhya Pradesh,Shivpuri,Annual,1995,0.714
RICE_002105,Rice,Madhya Pradesh,Sidhi,Annual,1995,0.39
RICE_002106,Rice,Madhya Pradesh,Tikamgarh,Annual,1995,0.411
RICE_002107,Rice,Madhya Pradesh,Vidisha,Annual,1995,0.444
RICE_002108,Rice,Maharashtra,Ahmednagar,Annual,1995,1.603
RICE_002109,Rice,Maharashtra,Akola,Annual,1995,0.551
RICE_002110,Rice,Maharashtra,Amarawati,Annual,1995,0.616
RICE_002111,Rice,Maharashtra,Aurangabad,Annual,1995,0.417
RICE_002112,Rice,Maharashtra,Beed,Annual,1995,0.426
RICE_002113,Rice,Maharashtra,Bhandara,Annual,1995,1.462
RICE_002114,Rice,Maharashtra,Buldhana,Annual,1995,0.545
RICE_002115,Rice,Maharashtra,Chandrapur,Annual,1995,1.742
RICE_002116,Rice,Maharashtra,Dhule,Annual,1995,0.575
RICE_002117,Rice,Maharashtra,Gadchiroli,Annual,1995,1.426
RICE_002118,Rice,Maharashtra,Jalgaon,Annual,1995,0.938
RICE_002119,Rice,Maharashtra,Jalna,Annual,1995,0.421
RICE_002120,Rice,Maharashtra,Kolhapur,Annual,1995,2.234
RICE_002121,Rice,Maharashtra,Latur,Annual,1995,0.595
RICE_002122,Rice,Maharashtra,Nagpur,Annual,1995,1.329
RICE_002123,Rice,Maharashtra,Nanded,Annual,1995,0.576
RICE_002124,Rice,Maharashtra,Nasik,Annual,1995,0.956
RICE_002125,Rice,Maharashtra,Osmanabad,Annual,1995,0.405
RICE_002126,Rice,Maharashtra,Parbhani,Annual,1995,0.612
RICE_002127,Rice,Maharashtra,Pune,Annual,1995,1.518
RICE_002128,Rice,Maharashtra,Raigad,Annual,1995,2.254
RICE_002129,Rice,Maharashtra,Ratnagiri,Annual,1995,2.447
RICE_002130,Rice,Maharashtra,Sangli,Annual,1995,2.397
RICE_002131,Rice,Maharashtra,Satara,Annual,1995,1.553
RICE_002132,Rice,Maharashtra,Sindhudurg,Annual,1995,2.287
RICE_002133,Rice,Maharashtra,Solapur,Annual,1995,1.05
RICE_002134,Rice,Maharashtra,Thane,Annual,1995,2.17
RICE_002135,Rice,Maharashtra,Wardha,Annual,1995,1.143
RICE_002136,Rice,Maharashtra,Yeotmal,Annual,1995,0.56
RICE_002137,Rice,Orissa,Angul,Annual,1995,1.199
RICE_002138,Rice,Orissa,Balasore,Annual,1995,1.361
RICE_002139,Rice,Orissa,Bargarh,Annual,1995,1.829
RICE_002140,Rice,Orissa,Bhadrak,Annual,1995,1.432
RICE_002141,Rice,Orissa,Bolangir,Annual,1995,1.434
RICE_002142,Rice,Orissa,Boudh,Annual,1995,1.27
RICE_002143,Rice,Orissa,Cuttack,Annual,1995,1.655
RICE_002144,Rice,Orissa,Deogarh,Annual,1995,1.264
RICE_002145,Rice,Orissa,Dhenkanal,Annual,1995,1.211
RICE_002146,Rice,Orissa,Gajapati,Annual,1995,1.481
RICE_002147,Rice,Orissa,Ganjam,Annual,1995,1.535
RICE_002148,Rice,Orissa,Jagatsinghapur,Annual,1995,1.24
RICE_002149,Rice,Orissa,Jajapur,Annual,1995,1.39
RICE_002150,Rice,Orissa,Jharsuguda,Annual,1995,1.71
RICE_002151,Rice,Orissa,Kalahandi,Annual,1995,1.17
RICE_002152,Rice,Orissa,Kendrapara,Annual,1995,1.344
RICE_002153,Rice,Orissa,Keonjhar,Annual,1995,1.121
RICE_002154,Rice,Orissa,Khurda,Annual,1995,1.33
RICE_002155,Rice,Orissa,Koraput,Annual,1995,1.303
RICE_002156,Rice,Orissa,Malkangiri,Annual,1995,1.205
RICE_002157,Rice,Orissa,Mayurbhanja,Annual,1995,1.199
RICE_002158,Rice,Orissa,Nawarangpur,Annual,1995,1.31
RICE_002159,Rice,Orissa,Nayagarh,Annual,1995,1.78
RICE_002160,Rice,Orissa,Nuapada,Annual,1995,0.9
RICE_002161,Rice,Orissa,Phulbani ( Kandhamal ),Annual,1995,1.247
RICE_002162,Rice,Orissa,Puri,Annual,1995,1.46
RICE_002163,Rice,Orissa,Rayagada,Annual,1995,1.662
RICE_002164,Rice,Orissa,Sambalpur,Annual,1995,1.693
RICE_002165,Rice,Orissa,Sonepur,Annual,1995,1.737
RICE_002166,Rice,Orissa,Sundargarh,Annual,1995,0.899
RICE_002167,Rice,Punjab,Amritsar,Annual,1995,2.898
RICE_002168,Rice,Punjab,Bhatinda,Annual,1995,3.692
RICE_002169,Rice,Punjab,Faridkot,Annual,1995,3.684
RICE_002170,Rice,Punjab,Fatehgarh Sahib,Annual,1995,3.313
RICE_002171,Rice,Punjab,Ferozpur,Annual,1995,3.361
RICE_002172,Rice,Punjab,Gurdaspur,Annual,1995,2.471
RICE_002173,Rice,Punjab,Hoshiarpur,Annual,1995,2.93
RICE_002174,Rice,Punjab,Jalandhar,Annual,1995,3.152
RICE_002175,Rice,Punjab,Kapurthala,Annual,1995,2.637
RICE_002176,Rice,Punjab,Ludhiana,Annual,1995,3.23
RICE_002177,Rice,Punjab,Mansa,Annual,1995,3.34
RICE_002178,Rice,Punjab,Moga,Annual,1995,3.685
RICE_002179,Rice,Punjab,Patiala,Annual,1995,2.945
RICE_002180,Rice,Punjab,Roopnagar,Annual,1995,3.154
RICE_002181,Rice,Punjab,S.B.S Nagar,Annual,1995,3.143
RICE_002182,Rice,Punjab,Sangrur,Annual,1995,3.399
RICE_002183,Rice,Punjab,Shri Mukatsar Sahib,Annual,1995,3.667
RICE_002184,Rice,Rajasthan,Ajmer,Annual,1995,0.846
RICE_002185,Rice,Rajasthan,Alwar,Annual,1995,0.84
RICE_002186,Rice,Rajasthan,Banswara,Annual,1995,0.357
RICE_002187,Rice,Rajasthan,Baran,Annual,1995,0.861
RICE_002188,Rice,Rajasthan,Bharatpur,Annual,1995,0.401
RICE_002189,Rice,Rajasthan,Bhilwara,Annual,1995,0.839
RICE_002190,Rice,Rajasthan,Bikaner,Annual,1995,0.75
RICE_002191,Rice,Rajasthan,Bundi,Annual,1995,1.413
RICE_002192,Rice,Rajasthan,Chittorgarh,Annual,1995,0.843
RICE_002193,Rice,Rajasthan,Dausa,Annual,1995,0.889
RICE_002194,Rice,Rajasthan,Dholpur,Annual,1995,0.843
RICE_002195,Rice,Rajasthan,Dungarpur,Annual,1995,0.399
RICE_002196,Rice,Rajasthan,Ganganagar,Annual,1995,2.132
RICE_002197,Rice,Rajasthan,Hanumangarh,Annual,1995,2.264
RICE_002198,Rice,Rajasthan,Jaipur,Annual,1995,0.75
RICE_002199,Rice,Rajasthan,Jhalawar,Annual,1995,0.842
RICE_002200,Rice,Rajasthan,Kota,Annual,1995,1.121
RICE_002201,Rice,Rajasthan,Pali,Annual,1995,0.846
RICE_002202,Rice,Rajasthan,Rajsamand,Annual,1995,0.843
RICE_002203,Rice,Rajasthan,Sirohi,Annual,1995,0.875
RICE_002204,Rice,Rajasthan,Swami Madhopur,Annual,1995,0.83
RICE_002205,Rice,Rajasthan,Udaipur,Annual,1995,0.329
RICE_002206,Rice,Tamil Nadu,Chengalpattu Mgr / Kancheepuram,Annual,1995,3.032
RICE_002207,Rice,Tamil Nadu,Chidambanar / Toothukudi,Annual,1995,4.152
RICE_002208,Rice,Tamil Nadu,Coimbatore,Annual,1995,3.384
RICE_002209,Rice,Tamil Nadu,Dharmapuri,Annual,1995,3.729
RICE_002210,Rice,Tamil Nadu,Dindigul Anna,Annual,1995,4.094
RICE_002211,Rice,Tamil Nadu,Kanyakumari,Annual,1995,4.129
RICE_002212,Rice,Tamil Nadu,Madurai,Annual,1995,2.992
RICE_002213,Rice,Tamil Nadu,Nagapattinam,Annual,1995,2.342
RICE_002214,Rice,Tamil Nadu,North Arcot / Vellore,Annual,1995,2.788
RICE_002215,Rice,Tamil Nadu,Periyar (Erode),Annual,1995,4.304
RICE_002216,Rice,Tamil Nadu,Pudukkottai,Annual,1995,1.362
RICE_002217,Rice,Tamil Nadu,Ramananthapuram,Annual,1995,0.101
RICE_002218,Rice,Tamil Nadu,Salem,Annual,1995,3.447
RICE_002219,Rice,Tamil Nadu,Sivagangai / Pasumpon,Annual,1995,0.804
RICE_002220,Rice,Tamil Nadu,South Arcot / Cuddalore,Annual,1995,3.058
RICE_002221,Rice,Tamil Nadu,Thanjavur,Annual,1995,2.799
RICE_002222,Rice,Tamil Nadu,The Nilgiris,Annual,1995,1.343
RICE_002223,Rice,Tamil Nadu,Thirunelveli,Annual,1995,4.161
RICE_002224,Rice,Tamil Nadu,Thiruvannamalai,Annual,1995,2.589
RICE_002225,Rice,Tamil Nadu,Tiruchirapalli / Trichy,Annual,1995,2.847
RICE_002226,Rice,Tamil Nadu,Villupuram,Annual,1995,3.539
RICE_002227,Rice,Tamil Nadu,Virudhunagar / Kamarajar,Annual,1995,0.967
RICE_002228,Rice,Telangana,Adilabad,Annual,1995,1.186
RICE_002229,Rice,Telangana,Karimnagar,Annual,1995,2.667
RICE_002230,Rice,Telangana,Khammam,Annual,1995,2.357
RICE_002231,Rice,Telangana,Mahabubnagar,Annual,1995,1.91
RICE_002232,Rice,Telangana,Medak,Annual,1995,1.8
RICE_002233,Rice,Telangana,Nalgonda,Annual,1995,2.612
RICE_002234,Rice,Telangana,Nizamabad,Annual,1995,2.132
RICE_002235,Rice,Telangana,Rangareddy,Annual,1995,2.05
RICE_002236,Rice,Telangana,Warangal,Annual,1995,2.368
RICE_002237,Rice,Uttar Pradesh,Agra,Annual,1995,1.916
RICE_002238,Rice,Uttar Pradesh,Aligarh,Annual,1995,1.596
RICE_002239,Rice,Uttar Pradesh,Allahabad,Annual,1995,1.489
RICE_002240,Rice,Uttar Pradesh,Azamgarh,Annual,1995,1.294
RICE_002241,Rice,Uttar Pradesh,Bahraich,Annual,1995,1.329
RICE_002242,Rice,Uttar Pradesh,Ballia,Annual,1995,1.694
RICE_002243,Rice,Uttar Pradesh,Banda,Annual,1995,0.725
RICE_002244,Rice,Uttar Pradesh,Barabanki,Annual,1995,1.92
RICE_002245,Rice,Uttar Pradesh,Bareilly,Annual,1995,2.156
RICE_002246,Rice,Uttar Pradesh,Basti,Annual,1995,1.508
RICE_002247,Rice,Uttar Pradesh,Bijnor,Annual,1995,2.972
RICE_002248,Rice,Uttar Pradesh,Budaun,Annual,1995,1.721
RICE_002249,Rice,Uttar Pradesh,Buland Shahar,Annual,1995,2.414
RICE_002250,Rice,Uttar Pradesh,Deoria,Annual,1995,1.74
RICE_002251,Rice,Uttar Pradesh,Etah,Annual,1995,1.787
RICE_002252,Rice,Uttar Pradesh,Etawah,Annual,1995,2.005
RICE_002253,Rice,Uttar Pradesh,Faizabad,Annual,1995,1.836
RICE_002254,Rice,Uttar Pradesh,Farrukhabad,Annual,1995,2.158
RICE_002255,Rice,Uttar Pradesh,Fatehpur,Annual,1995,1.736
RICE_002256,Rice,Uttar Pradesh,Firozabad,Annual,1995,1.744
RICE_002257,Rice,Uttar Pradesh,Ghaziabad,Annual,1995,2.478
RICE_002258,Rice,Uttar Pradesh,Ghazipur,Annual,1995,1.671
RICE_002259,Rice,Uttar Pradesh,Gonda,Annual,1995,1.755
RICE_002260,Rice,Uttar Pradesh,Gorakhpur,Annual,1995,1.633
RICE_002261,Rice,Uttar Pradesh,Hamirpur,Annual,1995,0.718
RICE_002262,Rice,Uttar Pradesh,Hardoi,Annual,1995,1.869
RICE_002263,Rice,Uttar Pradesh,Jalaun,Annual,1995,0.718
RICE_002264,Rice,Uttar Pradesh,Jaunpur,Annual,1995,1.841
RICE_002265,Rice,Uttar Pradesh,Jhansi,Annual,1995,0.718
RICE_002266,Rice,Uttar Pradesh,Kanpur Dehat,Annual,1995,1.927
RICE_002267,Rice,Uttar Pradesh,Kanpur Nagar,Annual,1995,1.51
RICE_002268,Rice,Uttar Pradesh,Kheri,Annual,1995,2.31
RICE_002269,Rice,Uttar Pradesh,Kushi Nagar / Padrauna,Annual,1995,2.496
RICE_002270,Rice,Uttar Pradesh,Lalitpur,Annual,1995,0.651
RICE_002271,Rice,Uttar Pradesh,Lucknow,Annual,1995,1.879
RICE_002272,Rice,Uttar Pradesh,Mahoba,Annual,1995,0.718
RICE_002273,Rice,Uttar Pradesh,Mahrajgani,Annual,1995,2.468
RICE_002274,Rice,Uttar Pradesh,Mainpuri,Annual,1995,1.974
RICE_002275,Rice,Uttar Pradesh,Mathura,Annual,1995,1.684
RICE_002276,Rice,Uttar Pradesh,Mau,Annual,1995,1.357
RICE_002277,Rice,Uttar Pradesh,Meerut,Annual,1995,2.43
RICE_002278,Rice,Uttar Pradesh,Mirzpur,Annual,1995,1.777
RICE_002279,Rice,Uttar Pradesh,Moradabad,Annual,1995,2.425
RICE_002280,Rice,Uttar Pradesh,Muzaffarnagar,Annual,1995,2.412
RICE_002281,Rice,Uttar Pradesh,Pilibhit,Annual,1995,2.755
RICE_002282,Rice,Uttar Pradesh,Pratapgarh,Annual,1995,1.681
RICE_002283,Rice,Uttar Pradesh,Rae-Bareily,Annual,1995,1.62
RICE_002284,Rice,Uttar Pradesh,Rampur,Annual,1995,2.518
RICE_002285,Rice,Uttar Pradesh,Saharanpur,Annual,1995,2.605
RICE_002286,Rice,Uttar Pradesh,Santh Ravi Das Nagar / Bhadoi,Annual,1995,2.007
RICE_002287,Rice,Uttar Pradesh,Shahjahanpur,Annual,1995,2.524
RICE_002288,Rice,Uttar Pradesh,Sidharthnagar,Annual,1995,1.592
RICE_002289,Rice,Uttar Pradesh,Sitapur,Annual,1995,1.561
RICE_002290,Rice,Uttar Pradesh,Sonbhadra,Annual,1995,0.956
RICE_002291,Rice,Uttar Pradesh,Sultanpur,Annual,1995,1.578
RICE_002292,Rice,Uttar Pradesh,Unnao,Annual,1995,1.438
RICE_002293,Rice,Uttar Pradesh,Varanasi,Annual,1995,1.999
RICE_002294,Rice,Uttarakhand,Almorah,Annual,1995,1.216
RICE_002295,Rice,Uttarakhand,Chamoli,Annual,1995,1.334
RICE_002296,Rice,Uttarakhand,Dehradun,Annual,1995,1.74
RICE_002297,Rice,Uttarakhand,Garhwal,Annual,1995,1.022
RICE_002298,Rice,Uttarakhand,Haridwar,Annual,1995,2.527
RICE_002299,Rice,Uttarakhand,Nainital,Annual,1995,2.923
RICE_002300,Rice,Uttarakhand,Pithorgarh,Annual,1995,1.355
RICE_002301,Rice,Uttarakhand,Tehri Garhwal,Annual,1995,1.414
RICE_002302,Rice,Uttarakhand,Uttar Kashi,Annual,1995,1.654
RICE_002303,Rice,West Bengal,24-Paraganas North,Annual,1995,2.256
RICE_002304,Rice,West Bengal,24-Paraganas South,Annual,1995,1.572
RICE_002305,Rice,West Bengal,Bankura,Annual,1995,2.416
RICE_002306,Rice,West Bengal,Birbhum,Annual,1995,2.113
RICE_002307,Rice,West Bengal,Burdwan,Annual,1995,2.711
RICE_002308,Rice,West Bengal,Cooch Behar,Annual,1995,1.272
RICE_002309,Rice,West Bengal,Darjeeling,Annual,1995,1.274
RICE_002310,Rice,West Bengal,East Midnapore / Purba Midnapore,Annual,1995,1.889
RICE_002311,Rice,West Bengal,Hooghly,Annual,1995,2.285
RICE_002312,Rice,West Bengal,Jalpaiguri,Annual,1995,1.236
RICE_002313,Rice,West Bengal,Jhargram,Annual,1995,1.495
RICE_002314,Rice,West Bengal,Malda,Annual,1995,2.078
RICE_002315,Rice,West Bengal,Murshidabad,Annual,1995,2.163
RICE_002316,Rice,West Bengal,Nadia,Annual,1995,2.404
RICE_002317,Rice,West Bengal,Purulia,Annual,1995,1.588
RICE_002318,Rice,West Bengal,West Midnapore,Annual,1995,1.977
RICE_002319,Rice,Andhra Pradesh,Anantapur,Annual,1996,2.471
RICE_002320,Rice,Andhra Pradesh,Chittoor,Annual,1996,2.429
RICE_002321,Rice,Andhra Pradesh,East Godavari,Annual,1996,2.41
RICE_002322,Rice,Andhra Pradesh,Guntur,Annual,1996,3.181
RICE_002323,Rice,Andhra Pradesh,Kadapa Ysr,Annual,1996,2.439
RICE_002324,Rice,Andhra Pradesh,Krishna,Annual,1996,3.069
RICE_002325,Rice,Andhra Pradesh,Kurnool,Annual,1996,3.012
RICE_002326,Rice,Andhra Pradesh,Prakasam,Annual,1996,2.929
RICE_002327,Rice,Andhra Pradesh,S.P.S. Nellore,Annual,1996,2.78
RICE_002328,Rice,Andhra Pradesh,Srikakulam,Annual,1996,1.793
RICE_002329,Rice,Andhra Pradesh,Visakhapatnam,Annual,1996,1.736
RICE_002330,Rice,Andhra Pradesh,Vizianagaram,Annual,1996,2.28
RICE_002331,Rice,Andhra Pradesh,West Godavari,Annual,1996,2.421
RICE_002332,Rice,Assam,Barpeta,Annual,1996,0.823
RICE_002333,Rice,Assam,Bongaigaon,Annual,1996,0.878
RICE_002334,Rice,Assam,Cachar,Annual,1996,1.959
RICE_002335,Rice,Assam,Darrang,Annual,1996,0.92
RICE_002336,Rice,Assam,Dhemaji,Annual,1996,1.144
RICE_002337,Rice,Assam,Dhubri,Annual,1996,0.931
RICE_002338,Rice,Assam,Dibrugarh,Annual,1996,1.772
RICE_002339,Rice,Assam,Goalpara,Annual,1996,1.389
RICE_002340,Rice,Assam,Golaghat,Annual,1996,2.236
RICE_002341,Rice,Assam,Hailakandi,Annual,1996,1.708
RICE_002342,Rice,Assam,Jorhat,Annual,1996,1.63
RICE_002343,Rice,Assam,Kamrup,Annual,1996,1.302
RICE_002344,Rice,Assam,Karbi Anglong,Annual,1996,1.408
RICE_002345,Rice,Assam,Karimganj,Annual,1996,1.768
RICE_002346,Rice,Assam,Kokrajhar,Annual,1996,1.068
RICE_002347,Rice,Assam,Lakhimpur,Annual,1996,1.161
RICE_002348,Rice,Assam,Marigaon,Annual,1996,1.286
RICE_002349,Rice,Assam,Nagaon,Annual,1996,1.428
RICE_002350,Rice,Assam,Nalbari,Annual,1996,1.073
RICE_002351,Rice,Assam,North Cachar Hil,Annual,1996,1.811
RICE_002352,Rice,Assam,Sibsagar,Annual,1996,1.641
RICE_002353,Rice,Assam,Sonitpur,Annual,1996,1.321
RICE_002354,Rice,Assam,Tinsukia,Annual,1996,1.287
RICE_002355,Rice,Bihar,Araria,Annual,1996,0.949
RICE_002356,Rice,Bihar,Aurangabad,Annual,1996,2.045
RICE_002357,Rice,Bihar,Banka,Annual,1996,1.172
RICE_002358,Rice,Bihar,Begusarai,Annual,1996,1.234
RICE_002359,Rice,Bihar,Bhabhua / Kaimur,Annual,1996,2.305
RICE_002360,Rice,Bihar,Bhagalpur,Annual,1996,1.834
RICE_002361,Rice,Bihar,Bhojpur,Annual,1996,2.38
RICE_002362,Rice,Bihar,Buxar,Annual,1996,2.308
RICE_002363,Rice,Bihar,Champaran (East),Annual,1996,1.097
RICE_002364,Rice,Bihar,Champaran (West),Annual,1996,1.438
RICE_002365,Rice,Bihar,Darbhanga,Annual,1996,1.739
RICE_002366,Rice,Bihar,Gaya,Annual,1996,1.494
RICE_002367,Rice,Bihar,Gopalganj,Annual,1996,1.5
RICE_002368,Rice,Bihar,Jamui,Annual,1996,1.502
RICE_002369,Rice,Bihar,Jehanabad,Annual,1996,2.101
RICE_002370,Rice,Bihar,Katihar,Annual,1996,1.473
RICE_002371,Rice,Bihar,Khagaria,Annual,1996,1.02
RICE_002372,Rice,Bihar,Kishanganj,Annual,1996,0.991
RICE_002373,Rice,Bihar,Lakhisarai,Annual,1996,1.682
RICE_002374,Rice,Bihar,Madhepura,Annual,1996,1.229
RICE_002375,Rice,Bihar,Madhubani,Annual,1996,1.034
RICE_002376,Rice,Bihar,Mungair,Annual,1996,1.022
RICE_002377,Rice,Bihar,Muzaffarpur,Annual,1996,1.517
RICE_002378,Rice,Bihar,Nalanda,Annual,1996,1.405
RICE_002379,Rice,Bihar,Nawada,Annual,1996,1.76
RICE_002380,Rice,Bihar,Patna,Annual,1996,2.29
RICE_002381,Rice,Bihar,Purnea,Annual,1996,1.294
RICE_002382,Rice,Bihar,Rohtas,Annual,1996,2.347
RICE_002383,Rice,Bihar,Saharsa,Annual,1996,1.001
RICE_002384,Rice,Bihar,Samastipur,Annual,1996,1.191
RICE_002385,Rice,Bihar,Saran,Annual,1996,1.756
RICE_002386,Rice,Bihar,Sheikapura,Annual,1996,1.835
RICE_002387,Rice,Bihar,Sitamarhi,Annual,1996,1.448
RICE_002388,Rice,Bihar,Siwan,Annual,1996,1.332
RICE_002389,Rice,Bihar,Supaul,Annual,1996,1.208
RICE_002390,Rice,Bihar,Vaishali,Annual,1996,1.293
RICE_002391,Rice,Chhattisgarh,Bastar,Annual,1996,1.041
RICE_002392,Rice,Chhattisgarh,Bilaspur,Annual,1996,1.341
RICE_002393,Rice,Chhattisgarh,Durg,Annual,1996,1.486
RICE_002394,Rice,Chhattisgarh,Raigarh,Annual,1996,1.287
RICE_002395,Rice,Chhattisgarh,Raipur,Annual,1996,1.684
RICE_002396,Rice,Chhattisgarh,Rajnandgaon,Annual,1996,1.027
RICE_002397,Rice,Chhattisgarh,Surguja,Annual,1996,1.056
RICE_002398,Rice,Gujarat,Ahmedabad,Annual,1996,0.907
RICE_002399,Rice,Gujarat,Amreli,Annual,1996,1.0
RICE_002400,Rice,Gujarat,Banaskantha,Annual,1996,1.0
RICE_002401,Rice,Gujarat,Bharuch,Annual,1996,0.974
RICE_002402,Rice,Gujarat,Bhavnagar,Annual,1996,2.0
RICE_002403,Rice,Gujarat,Dangs,Annual,1996,0.725
RICE_002404,Rice,Gujarat,Gandhinagar,Annual,1996,2.065
RICE_002405,Rice,Gujarat,Junagadh,Annual,1996,1.667
RICE_002406,Rice,Gujarat,Kheda,Annual,1996,1.663
RICE_002407,Rice,Gujarat,Mehsana,Annual,1996,1.065
RICE_002408,Rice,Gujarat,Panchmahal,Annual,1996,0.826
RICE_002409,Rice,Gujarat,Sabarkantha,Annual,1996,1.571
RICE_002410,Rice,Gujarat,Surat,Annual,1996,2.376
RICE_002411,Rice,Gujarat,Surendranagar,Annual,1996,1.75
RICE_002412,Rice,Gujarat,Vadodara,Annual,1996,1.075
RICE_002413,Rice,Gujarat,Valsad,Annual,1996,2.04
RICE_002414,Rice,Haryana,Ambala,Annual,1996,2.949
RICE_002415,Rice,Haryana,Faridabad,Annual,1996,2.822
RICE_002416,Rice,Haryana,Gurgaon,Annual,1996,2.727
RICE_002417,Rice,Haryana,Hissar,Annual,1996,3.638
RICE_002418,Rice,Haryana,Jind,Annual,1996,2.931
RICE_002419,Rice,Haryana,Kaithal,Annual,1996,3.125
RICE_002420,Rice,Haryana,Karnal,Annual,1996,2.691
RICE_002421,Rice,Haryana,Kurukshetra,Annual,1996,3.272
RICE_002422,Rice,Haryana,Panchkula,Annual,1996,3.103
RICE_002423,Rice,Haryana,Panipat,Annual,1996,2.531
RICE_002424,Rice,Haryana,Rohtak,Annual,1996,1.953
RICE_002425,Rice,Haryana,Sirsa,Annual,1996,3.594
RICE_002426,Rice,Haryana,Sonepat,Annual,1996,2.286
RICE_002427,Rice,Haryana,Yamunanagar,Annual,1996,3.362
RICE_002428,Rice,Himachal Pradesh,Bilashpur,Annual,1996,1.06
RICE_002429,Rice,Himachal Pradesh,Chamba,Annual,1996,1.489
RICE_002430,Rice,Himachal Pradesh,Hamirpur,Annual,1996,1.309
RICE_002431,Rice,Himachal Pradesh,Kangra,Annual,1996,1.3
RICE_002432,Rice,Himachal Pradesh,Kinnaur,Annual,1996,1.318
RICE_002433,Rice,Himachal Pradesh,Kullu,Annual,1996,1.0
RICE_002434,Rice,Himachal Pradesh,Mandi,Annual,1996,1.289
RICE_002435,Rice,Himachal Pradesh,Shimla,Annual,1996,1.579
RICE_002436,Rice,Himachal Pradesh,Sirmaur,Annual,1996,1.016
RICE_002437,Rice,Himachal Pradesh,Solan,Annual,1996,1.827
RICE_002438,Rice,Himachal Pradesh,Una,Annual,1996,2.122
RICE_002439,Rice,Karnataka,Bangalore (Rural),Annual,1996,2.656
RICE_002440,Rice,Karnataka,Bangalore (Urban),Annual,1996,2.547
RICE_002441,Rice,Karnataka,Belgaum,Annual,1996,1.608
RICE_002442,Rice,Karnataka,Bellary,Annual,1996,3.018
RICE_002443,Rice,Karnataka,Bidar,Annual,1996,0.851
RICE_002444,Rice,Karnataka,Bijapur,Annual,1996,1.408
RICE_002445,Rice,Karnataka,Chickmagalur,Annual,1996,2.351
RICE_002446,Rice,Karnataka,Chitradurga,Annual,1996,3.013
RICE_002447,Rice,Karnataka,Dakshina Kannada,Annual,1996,1.96
RICE_002448,Rice,Karnataka,Dharwad,Annual,1996,1.015
RICE_002449,Rice,Karnataka,Gulbarga,Annual,1996,2.236
RICE_002450,Rice,Karnataka,Hassan,Annual,1996,2.32
RICE_002451,Rice,Karnataka,Kodagu,Annual,1996,2.234
RICE_002452,Rice,Karnataka,Kolar,Annual,1996,2.444
RICE_002453,Rice,Karnataka,Mandya,Annual,1996,2.924
RICE_002454,Rice,Karnataka,Mysore,Annual,1996,3.11
RICE_002455,Rice,Karnataka,Raichur,Annual,1996,2.811
RICE_002456,Rice,Karnataka,Shimoge,Annual,1996,2.323
RICE_002457,Rice,Karnataka,Tumkur,Annual,1996,2.806
RICE_002458,Rice,Karnataka,Uttara Kannada,Annual,1996,1.701
RICE_002459,Rice,Kerala,Alappuzha,Annual,1996,2.055
RICE_002460,Rice,Kerala,Eranakulam,Annual,1996,1.73
RICE_002461,Rice,Kerala,Idukki,Annual,1996,2.075
RICE_002462,Rice,Kerala,Kannur,Annual,1996,1.725
RICE_002463,Rice,Kerala,Kasaragod,Annual,1996,1.856
RICE_002464,Rice,Kerala,Kollam,Annual,1996,1.901
RICE_002465,Rice,Kerala,Kottayam,Annual,1996,2.165
RICE_002466,Rice,Kerala,Kozhikode,Annual,1996,1.254
RICE_002467,Rice,Kerala,Malappuram,Annual,1996,1.719
RICE_002468,Rice,Kerala,Palakkad,Annual,1996,2.291
RICE_002469,Rice,Kerala,Pathanamthitta,Annual,1996,2.157
RICE_002470,Rice,Kerala,Thiruvananthapuram,Annual,1996,1.782
RICE_002471,Rice,Kerala,Thrissur,Annual,1996,2.036
RICE_002472,Rice,Kerala,Wayanad,Annual,1996,2.199
RICE_002473,Rice,Madhya Pradesh,Balaghat,Annual,1996,1.04
RICE_002474,Rice,Madhya Pradesh,Betul,Annual,1996,1.065
RICE_002475,Rice,Madhya Pradesh,Bhind,Annual,1996,2.514
RICE_002476,Rice,Madhya Pradesh,Bhopal,Annual,1996,0.6
RICE_002477,Rice,Madhya Pradesh,Chhatarpur,Annual,1996,0.889
RICE_002478,Rice,Madhya Pradesh,Chhindwara,Annual,1996,0.832
RICE_002479,Rice,Madhya Pradesh,Damoh,Annual,1996,0.669
RICE_002480,Rice,Madhya Pradesh,Datia,Annual,1996,1.5
RICE_002481,Rice,Madhya Pradesh,Dewas,Annual,1996,0.6
RICE_002482,Rice,Madhya Pradesh,Dhar,Annual,1996,0.659
RICE_002483,Rice,Madhya Pradesh,Guna,Annual,1996,0.727
RICE_002484,Rice,Madhya Pradesh,Gwalior,Annual,1996,2.282
RICE_002485,Rice,Madhya Pradesh,Hoshangabad,Annual,1996,1.33
RICE_002486,Rice,Madhya Pradesh,Jabalpur,Annual,1996,0.563
RICE_002487,Rice,Madhya Pradesh,Jhabua,Annual,1996,0.582
RICE_002488,Rice,Madhya Pradesh,Khandwa,Annual,1996,0.946
RICE_002489,Rice,Madhya Pradesh,Khargone,Annual,1996,0.67
RICE_002490,Rice,Madhya Pradesh,Mandla,Annual,1996,0.817
RICE_002491,Rice,Madhya Pradesh,Mandsaur,Annual,1996,1.0
RICE_002492,Rice,Madhya Pradesh,Morena,Annual,1996,2.423
RICE_002493,Rice,Madhya Pradesh,Narsinghpur,Annual,1996,1.085
RICE_002494,Rice,Madhya Pradesh,Panna,Annual,1996,0.587
RICE_002495,Rice,Madhya Pradesh,Raisen,Annual,1996,0.867
RICE_002496,Rice,Madhya Pradesh,Rajgarh,Annual,1996,0.611
RICE_002497,Rice,Madhya Pradesh,Ratlam,Annual,1996,0.686
RICE_002498,Rice,Madhya Pradesh,Rewa,Annual,1996,0.719
RICE_002499,Rice,Madhya Pradesh,Sagar,Annual,1996,0.723
RICE_002500,Rice,Madhya Pradesh,Satna,Annual,1996,0.426
RICE_002501,Rice,Madhya Pradesh,Sehore,Annual,1996,0.778
RICE_002502,Rice,Madhya Pradesh,Seoni,Annual,1996,1.041
RICE_002503,Rice,Madhya Pradesh,Shahdol,Annual,1996,0.773
RICE_002504,Rice,Madhya Pradesh,Shajapur,Annual,1996,0.75
RICE_002505,Rice,Madhya Pradesh,Shivpuri,Annual,1996,1.167
RICE_002506,Rice,Madhya Pradesh,Sidhi,Annual,1996,0.521
RICE_002507,Rice,Madhya Pradesh,Tikamgarh,Annual,1996,0.88
RICE_002508,Rice,Madhya Pradesh,Vidisha,Annual,1996,0.556
RICE_002509,Rice,Maharashtra,Ahmednagar,Annual,1996,1.333
RICE_002510,Rice,Maharashtra,Akola,Annual,1996,0.606
RICE_002511,Rice,Maharashtra,Amarawati,Annual,1996,0.798
RICE_002512,Rice,Maharashtra,Aurangabad,Annual,1996,0.813
RICE_002513,Rice,Maharashtra,Beed,Annual,1996,0.761
RICE_002514,Rice,Maharashtra,Bhandara,Annual,1996,1.354
RICE_002515,Rice,Maharashtra,Buldhana,Annual,1996,0.8
RICE_002516,Rice,Maharashtra,Chandrapur,Annual,1996,1.477
RICE_002517,Rice,Maharashtra,Dhule,Annual,1996,0.947
RICE_002518,Rice,Maharashtra,Gadchiroli,Annual,1996,1.125
RICE_002519,Rice,Maharashtra,Jalgaon,Annual,1996,1.176
RICE_002520,Rice,Maharashtra,Jalna,Annual,1996,0.7
RICE_002521,Rice,Maharashtra,Kolhapur,Annual,1996,2.708
RICE_002522,Rice,Maharashtra,Latur,Annual,1996,0.809
RICE_002523,Rice,Maharashtra,Nagpur,Annual,1996,1.365
RICE_002524,Rice,Maharashtra,Nanded,Annual,1996,0.759
RICE_002525,Rice,Maharashtra,Nasik,Annual,1996,1.44
RICE_002526,Rice,Maharashtra,Osmanabad,Annual,1996,0.7
RICE_002527,Rice,Maharashtra,Parbhani,Annual,1996,0.668
RICE_002528,Rice,Maharashtra,Pune,Annual,1996,1.364
RICE_002529,Rice,Maharashtra,Raigad,Annual,1996,2.333
RICE_002530,Rice,Maharashtra,Ratnagiri,Annual,1996,2.568
RICE_002531,Rice,Maharashtra,Sangli,Annual,1996,2.291
RICE_002532,Rice,Maharashtra,Satara,Annual,1996,2.317
RICE_002533,Rice,Maharashtra,Sindhudurg,Annual,1996,2.472
RICE_002534,Rice,Maharashtra,Solapur,Annual,1996,1.348
RICE_002535,Rice,Maharashtra,Thane,Annual,1996,2.599
RICE_002536,Rice,Maharashtra,Wardha,Annual,1996,1.0
RICE_002537,Rice,Maharashtra,Yeotmal,Annual,1996,0.807
RICE_002538,Rice,Orissa,Angul,Annual,1996,0.655
RICE_002539,Rice,Orissa,Balasore,Annual,1996,0.926
RICE_002540,Rice,Orissa,Bargarh,Annual,1996,1.513
RICE_002541,Rice,Orissa,Bhadrak,Annual,1996,1.171
RICE_002542,Rice,Orissa,Bolangir,Annual,1996,0.357
RICE_002543,Rice,Orissa,Boudh,Annual,1996,0.586
RICE_002544,Rice,Orissa,Cuttack,Annual,1996,1.229
RICE_002545,Rice,Orissa,Deogarh,Annual,1996,0.914
RICE_002546,Rice,Orissa,Dhenkanal,Annual,1996,0.876
RICE_002547,Rice,Orissa,Gajapati,Annual,1996,1.159
RICE_002548,Rice,Orissa,Ganjam,Annual,1996,0.865
RICE_002549,Rice,Orissa,Jagatsinghapur,Annual,1996,1.163
RICE_002550,Rice,Orissa,Jajapur,Annual,1996,0.841
RICE_002551,Rice,Orissa,Jharsuguda,Annual,1996,0.796
RICE_002552,Rice,Orissa,Kalahandi,Annual,1996,0.75
RICE_002553,Rice,Orissa,Kendrapara,Annual,1996,0.98
RICE_002554,Rice,Orissa,Keonjhar,Annual,1996,0.697
RICE_002555,Rice,Orissa,Khurda,Annual,1996,1.098
RICE_002556,Rice,Orissa,Koraput,Annual,1996,1.415
RICE_002557,Rice,Orissa,Malkangiri,Annual,1996,1.347
RICE_002558,Rice,Orissa,Mayurbhanja,Annual,1996,0.821
RICE_002559,Rice,Orissa,Nawarangpur,Annual,1996,1.482
RICE_002560,Rice,Orissa,Nayagarh,Annual,1996,0.435
RICE_002561,Rice,Orissa,Nuapada,Annual,1996,0.668
RICE_002562,Rice,Orissa,Phulbani ( Kandhamal ),Annual,1996,0.99
RICE_002563,Rice,Orissa,Puri,Annual,1996,1.254
RICE_002564,Rice,Orissa,Rayagada,Annual,1996,1.135
RICE_002565,Rice,Orissa,Sambalpur,Annual,1996,1.279
RICE_002566,Rice,Orissa,Sonepur,Annual,1996,1.637
RICE_002567,Rice,Orissa,Sundargarh,Annual,1996,0.867
RICE_002568,Rice,Punjab,Amritsar,Annual,1996,3.055
RICE_002569,Rice,Punjab,Bhatinda,Annual,1996,3.614
RICE_002570,Rice,Punjab,Faridkot,Annual,1996,3.674
RICE_002571,Rice,Punjab,Fatehgarh Sahib,Annual,1996,3.538
RICE_002572,Rice,Punjab,Ferozpur,Annual,1996,3.573
RICE_002573,Rice,Punjab,Gurdaspur,Annual,1996,2.758
RICE_002574,Rice,Punjab,Hoshiarpur,Annual,1996,3.0
RICE_002575,Rice,Punjab,Jalandhar,Annual,1996,3.415
RICE_002576,Rice,Punjab,Kapurthala,Annual,1996,3.053
RICE_002577,Rice,Punjab,Ludhiana,Annual,1996,3.604
RICE_002578,Rice,Punjab,Mansa,Annual,1996,3.574
RICE_002579,Rice,Punjab,Moga,Annual,1996,3.794
RICE_002580,Rice,Punjab,Patiala,Annual,1996,3.339
RICE_002581,Rice,Punjab,Roopnagar,Annual,1996,3.25
RICE_002582,Rice,Punjab,S.B.S Nagar,Annual,1996,3.463
RICE_002583,Rice,Punjab,Sangrur,Annual,1996,3.764
RICE_002584,Rice,Punjab,Shri Mukatsar Sahib,Annual,1996,3.474
RICE_002585,Rice,Rajasthan,Ajmer,Annual,1996,1.185
RICE_002586,Rice,Rajasthan,Alwar,Annual,1996,1.188
RICE_002587,Rice,Rajasthan,Banswara,Annual,1996,0.823
RICE_002588,Rice,Rajasthan,Baran,Annual,1996,0.971
RICE_002589,Rice,Rajasthan,Bharatpur,Annual,1996,1.102
RICE_002590,Rice,Rajasthan,Bhilwara,Annual,1996,1.183
RICE_002591,Rice,Rajasthan,Bikaner,Annual,1996,1.333
RICE_002592,Rice,Rajasthan,Bundi,Annual,1996,1.554
RICE_002593,Rice,Rajasthan,Chittorgarh,Annual,1996,1.185
RICE_002594,Rice,Rajasthan,Dausa,Annual,1996,1.176
RICE_002595,Rice,Rajasthan,Dholpur,Annual,1996,1.185
RICE_002596,Rice,Rajasthan,Dungarpur,Annual,1996,0.927
RICE_002597,Rice,Rajasthan,Ganganagar,Annual,1996,1.122
RICE_002598,Rice,Rajasthan,Hanumangarh,Annual,1996,2.557
RICE_002599,Rice,Rajasthan,Jaipur,Annual,1996,1.167
RICE_002600,Rice,Rajasthan,Jalore,Annual,1996,1.0
RICE_002601,Rice,Rajasthan,Jhalawar,Annual,1996,1.183
RICE_002602,Rice,Rajasthan,Kota,Annual,1996,1.509
RICE_002603,Rice,Rajasthan,Pali,Annual,1996,1.188
RICE_002604,Rice,Rajasthan,Rajsamand,Annual,1996,1.185
RICE_002605,Rice,Rajasthan,Sikar,Annual,1996,1.333
RICE_002606,Rice,Rajasthan,Sirohi,Annual,1996,1.2
RICE_002607,Rice,Rajasthan,Swami Madhopur,Annual,1996,0.829
RICE_002608,Rice,Rajasthan,Tonk,Annual,1996,1.0
RICE_002609,Rice,Rajasthan,Udaipur,Annual,1996,0.518
RICE_002610,Rice,Tamil Nadu,Chengalpattu Mgr / Kancheepuram,Annual,1996,2.94
RICE_002611,Rice,Tamil Nadu,Chidambanar / Toothukudi,Annual,1996,4.234
RICE_002612,Rice,Tamil Nadu,Coimbatore,Annual,1996,3.727
RICE_002613,Rice,Tamil Nadu,Dharmapuri,Annual,1996,3.065
RICE_002614,Rice,Tamil Nadu,Dindigul Anna,Annual,1996,4.096
RICE_002615,Rice,Tamil Nadu,Kanyakumari,Annual,1996,4.128
RICE_002616,Rice,Tamil Nadu,Karur,Annual,1996,2.969
RICE_002617,Rice,Tamil Nadu,Madurai,Annual,1996,3.533
RICE_002618,Rice,Tamil Nadu,Nagapattinam,Annual,1996,1.648
RICE_002619,Rice,Tamil Nadu,Namakkal,Annual,1996,3.751
RICE_002620,Rice,Tamil Nadu,North Arcot / Vellore,Annual,1996,3.0
RICE_002621,Rice,Tamil Nadu,Perambular,Annual,1996,2.989
RICE_002622,Rice,Tamil Nadu,Periyar (Erode),Annual,1996,4.157
RICE_002623,Rice,Tamil Nadu,Pudukkottai,Annual,1996,2.632
RICE_002624,Rice,Tamil Nadu,Ramananthapuram,Annual,1996,1.12
RICE_002625,Rice,Tamil Nadu,Salem,Annual,1996,3.759
RICE_002626,Rice,Tamil Nadu,Sivagangai / Pasumpon,Annual,1996,1.968
RICE_002627,Rice,Tamil Nadu,South Arcot / Cuddalore,Annual,1996,1.878
RICE_002628,Rice,Tamil Nadu,Thanjavur,Annual,1996,2.557
RICE_002629,Rice,Tamil Nadu,The Nilgiris,Annual,1996,1.592
RICE_002630,Rice,Tamil Nadu,Theni,Annual,1996,3.57
RICE_002631,Rice,Tamil Nadu,Thirunelveli,Annual,1996,3.888
RICE_002632,Rice,Tamil Nadu,Thiruvallur,Annual,1996,3.007
RICE_002633,Rice,Tamil Nadu,Thiruvannamalai,Annual,1996,2.62
RICE_002634,Rice,Tamil Nadu,Tiruchirapalli / Trichy,Annual,1996,3.067
RICE_002635,Rice,Tamil Nadu,Tiruvarur,Annual,1996,1.537
RICE_002636,Rice,Tamil Nadu,Villupuram,Annual,1996,2.995
RICE_002637,Rice,Tamil Nadu,Virudhunagar / Kamarajar,Annual,1996,2.833
RICE_002638,Rice,Telangana,Adilabad,Annual,1996,2.266
RICE_002639,Rice,Telangana,Karimnagar,Annual,1996,3.122
RICE_002640,Rice,Telangana,Khammam,Annual,1996,2.601
RICE_002641,Rice,Telangana,Mahabubnagar,Annual,1996,2.198
RICE_002642,Rice,Telangana,Medak,Annual,1996,2.028
RICE_002643,Rice,Telangana,Nalgonda,Annual,1996,2.778
RICE_002644,Rice,Telangana,Nizamabad,Annual,1996,2.547
RICE_002645,Rice,Telangana,Rangareddy,Annual,1996,2.292
RICE_002646,Rice,Telangana,Warangal,Annual,1996,2.676
RICE_002647,Rice,Uttar Pradesh,Agra,Annual,1996,1.723
RICE_002648,Rice,Uttar Pradesh,Aligarh,Annual,1996,1.395
RICE_002649,Rice,Uttar Pradesh,Allahabad,Annual,1996,1.976
RICE_002650,Rice,Uttar Pradesh,Ambedkar Nagar,Annual,1996,2.46
RICE_002651,Rice,Uttar Pradesh,Azamgarh,Annual,1996,1.818
RICE_002652,Rice,Uttar Pradesh,Bahraich,Annual,1996,1.67
RICE_002653,Rice,Uttar Pradesh,Ballia,Annual,1996,1.796
RICE_002654,Rice,Uttar Pradesh,Banda,Annual,1996,1.23
RICE_002655,Rice,Uttar Pradesh,Barabanki,Annual,1996,2.101
RICE_002656,Rice,Uttar Pradesh,Bareilly,Annual,1996,2.407
RICE_002657,Rice,Uttar Pradesh,Basti,Annual,1996,1.72
RICE_002658,Rice,Uttar Pradesh,Bijnor,Annual,1996,3.012
RICE_002659,Rice,Uttar Pradesh,Budaun,Annual,1996,1.738
RICE_002660,Rice,Uttar Pradesh,Buland Shahar,Annual,1996,2.24
RICE_002661,Rice,Uttar Pradesh,Deoria,Annual,1996,2.109
RICE_002662,Rice,Uttar Pradesh,Etah,Annual,1996,1.618
RICE_002663,Rice,Uttar Pradesh,Etawah,Annual,1996,2.227
RICE_002664,Rice,Uttar Pradesh,Faizabad,Annual,1996,2.241
RICE_002665,Rice,Uttar Pradesh,Farrukhabad,Annual,1996,2.091
RICE_002666,Rice,Uttar Pradesh,Fatehpur,Annual,1996,1.656
RICE_002667,Rice,Uttar Pradesh,Firozabad,Annual,1996,1.415
RICE_002668,Rice,Uttar Pradesh,Ghaziabad,Annual,1996,2.198
RICE_002669,Rice,Uttar Pradesh,Ghazipur,Annual,1996,2.076
RICE_002670,Rice,Uttar Pradesh,Gonda,Annual,1996,1.803
RICE_002671,Rice,Uttar Pradesh,Gorakhpur,Annual,1996,1.968
RICE_002672,Rice,Uttar Pradesh,Hamirpur,Annual,1996,1.187
RICE_002673,Rice,Uttar Pradesh,Hardoi,Annual,1996,2.114
RICE_002674,Rice,Uttar Pradesh,Jalaun,Annual,1996,1.187
RICE_002675,Rice,Uttar Pradesh,Jaunpur,Annual,1996,2.281
RICE_002676,Rice,Uttar Pradesh,Jhansi,Annual,1996,1.187
RICE_002677,Rice,Uttar Pradesh,Kanpur Dehat,Annual,1996,2.067
RICE_002678,Rice,Uttar Pradesh,Kanpur Nagar,Annual,1996,1.91
RICE_002679,Rice,Uttar Pradesh,Kheri,Annual,1996,2.488
RICE_002680,Rice,Uttar Pradesh,Kushi Nagar / Padrauna,Annual,1996,2.501
RICE_002681,Rice,Uttar Pradesh,Lalitpur,Annual,1996,0.774
RICE_002682,Rice,Uttar Pradesh,Lucknow,Annual,1996,1.701
RICE_002683,Rice,Uttar Pradesh,Mahoba,Annual,1996,1.187
RICE_002684,Rice,Uttar Pradesh,Mahrajgani,Annual,1996,2.478
RICE_002685,Rice,Uttar Pradesh,Mainpuri,Annual,1996,1.896
RICE_002686,Rice,Uttar Pradesh,Mathura,Annual,1996,2.342
RICE_002687,Rice,Uttar Pradesh,Mau,Annual,1996,1.763
RICE_002688,Rice,Uttar Pradesh,Meerut,Annual,1996,2.348
RICE_002689,Rice,Uttar Pradesh,Mirzpur,Annual,1996,2.2
RICE_002690,Rice,Uttar Pradesh,Moradabad,Annual,1996,2.617
RICE_002691,Rice,Uttar Pradesh,Muzaffarnagar,Annual,1996,2.481
RICE_002692,Rice,Uttar Pradesh,Pilibhit,Annual,1996,2.802
RICE_002693,Rice,Uttar Pradesh,Pratapgarh,Annual,1996,2.079
RICE_002694,Rice,Uttar Pradesh,Rae-Bareily,Annual,1996,1.774
RICE_002695,Rice,Uttar Pradesh,Rampur,Annual,1996,2.753
RICE_002696,Rice,Uttar Pradesh,Saharanpur,Annual,1996,2.652
RICE_002697,Rice,Uttar Pradesh,Santh Ravi Das Nagar / Bhadoi,Annual,1996,2.623
RICE_002698,Rice,Uttar Pradesh,Shahjahanpur,Annual,1996,2.608
RICE_002699,Rice,Uttar Pradesh,Sidharthnagar,Annual,1996,1.891
RICE_002700,Rice,Uttar Pradesh,Sitapur,Annual,1996,1.896
RICE_002701,Rice,Uttar Pradesh,Sonbhadra,Annual,1996,2.142
RICE_002702,Rice,Uttar Pradesh,Sultanpur,Annual,1996,2.176
RICE_002703,Rice,Uttar Pradesh,Unnao,Annual,1996,1.596
RICE_002704,Rice,Uttar Pradesh,Varanasi,Annual,1996,2.796
RICE_002705,Rice,Uttarakhand,Almorah,Annual,1996,1.06
RICE_002706,Rice,Uttarakhand,Chamoli,Annual,1996,1.205
RICE_002707,Rice,Uttarakhand,Dehradun,Annual,1996,1.628
RICE_002708,Rice,Uttarakhand,Garhwal,Annual,1996,1.072
RICE_002709,Rice,Uttarakhand,Haridwar,Annual,1996,2.452
RICE_002710,Rice,Uttarakhand,Nainital,Annual,1996,2.475
RICE_002711,Rice,Uttarakhand,Pithorgarh,Annual,1996,1.285
RICE_002712,Rice,Uttarakhand,Tehri Garhwal,Annual,1996,1.515
RICE_002713,Rice,Uttarakhand,Udham Singh Nagar,Annual,1996,2.914
RICE_002714,Rice,Uttarakhand,Uttar Kashi,Annual,1996,1.45
RICE_002715,Rice,West Bengal,24-Paraganas North,Annual,1996,2.342
RICE_002716,Rice,West Bengal,24-Paraganas South,Annual,1996,1.855
RICE_002717,Rice,West Bengal,Bankura,Annual,1996,2.465
RICE_002718,Rice,West Bengal,Birbhum,Annual,1996,2.449
RICE_002719,Rice,West Bengal,Burdwan,Annual,1996,2.781
RICE_002720,Rice,West Bengal,Cooch Behar,Annual,1996,1.364
RICE_002721,Rice,West Bengal,Dakshin Dinajpur,Annual,1996,2.043
RICE_002722,Rice,West Bengal,Darjeeling,Annual,1996,1.057
RICE_002723,Rice,West Bengal,East Midnapore / Purba Midnapore,Annual,1996,2.31
RICE_002724,Rice,West Bengal,Hooghly,Annual,1996,2.501
RICE_002725,Rice,West Bengal,Jalpaiguri,Annual,1996,1.117
RICE_002726,Rice,West Bengal,Jhargram,Annual,1996,1.857
RICE_002727,Rice,West Bengal,Malda,Annual,1996,2.395
RICE_002728,Rice,West Bengal,Murshidabad,Annual,1996,2.697
RICE_002729,Rice,West Bengal,Nadia,Annual,1996,2.455
RICE_002730,Rice,West Bengal,Purulia,Annual,1996,1.586
RICE_002731,Rice,West Bengal,Uttar Dinajpur,Annual,1996,1.85
RICE_002732,Rice,West Bengal,West Midnapore,Annual,1996,2.056
RICE_002733,Rice,Andhra Pradesh,Anantapur,Annual,1997,2.074
RICE_002734,Rice,Andhra Pradesh,Chittoor,Annual,1997,2.242
RICE_002735,Rice,Andhra Pradesh,East Godavari,Annual,1997,2.503
RICE_002736,Rice,Andhra Pradesh,Guntur,Annual,1997,2.903
RICE_002737,Rice,Andhra Pradesh,Kadapa Ysr,Annual,1997,1.721
RICE_002738,Rice,Andhra Pradesh,Krishna,Annual,1997,2.922
RICE_002739,Rice,Andhra Pradesh,Kurnool,Annual,1997,2.68
RICE_002740,Rice,Andhra Pradesh,Prakasam,Annual,1997,2.544
RICE_002741,Rice,Andhra Pradesh,S.P.S. Nellore,Annual,1997,2.909
RICE_002742,Rice,Andhra Pradesh,Srikakulam,Annual,1997,1.497
RICE_002743,Rice,Andhra Pradesh,Visakhapatnam,Annual,1997,0.899
RICE_002744,Rice,Andhra Pradesh,Vizianagaram,Annual,1997,1.443
RICE_002745,Rice,Andhra Pradesh,West Godavari,Annual,1997,2.973
RICE_002746,Rice,Assam,Barpeta,Annual,1997,1.02
RICE_002747,Rice,Assam,Bongaigaon,Annual,1997,0.94
RICE_002748,Rice,Assam,Cachar,Annual,1997,1.595
RICE_002749,Rice,Assam,Darrang,Annual,1997,1.057
RICE_002750,Rice,Assam,Dhemaji,Annual,1997,1.163
RICE_002751,Rice,Assam,Dhubri,Annual,1997,0.821
RICE_002752,Rice,Assam,Dibrugarh,Annual,1997,1.751
RICE_002753,Rice,Assam,Goalpara,Annual,1997,1.238
RICE_002754,Rice,Assam,Golaghat,Annual,1997,1.901
RICE_002755,Rice,Assam,Hailakandi,Annual,1997,1.589
RICE_002756,Rice,Assam,Jorhat,Annual,1997,1.539
RICE_002757,Rice,Assam,Kamrup,Annual,1997,1.47
RICE_002758,Rice,Assam,Karbi Anglong,Annual,1997,1.475
RICE_002759,Rice,Assam,Karimganj,Annual,1997,1.696
RICE_002760,Rice,Assam,Kokrajhar,Annual,1997,1.046
RICE_002761,Rice,Assam,Lakhimpur,Annual,1997,1.234
RICE_002762,Rice,Assam,Marigaon,Annual,1997,1.42
RICE_002763,Rice,Assam,Nagaon,Annual,1997,1.547
RICE_002764,Rice,Assam,Nalbari,Annual,1997,1.16
RICE_002765,Rice,Assam,North Cachar Hil,Annual,1997,1.702
RICE_002766,Rice,Assam,Sibsagar,Annual,1997,1.511
RICE_002767,Rice,Assam,Sonitpur,Annual,1997,1.514
RICE_002768,Rice,Assam,Tinsukia,Annual,1997,1.202
RICE_002769,Rice,Bihar,Araria,Annual,1997,1.3
RICE_002770,Rice,Bihar,Aurangabad,Annual,1997,2.066
RICE_002771,Rice,Bihar,Banka,Annual,1997,1.608
RICE_002772,Rice,Bihar,Begusarai,Annual,1997,1.154
RICE_002773,Rice,Bihar,Bhabhua / Kaimur,Annual,1997,1.992
RICE_002774,Rice,Bihar,Bhagalpur,Annual,1997,1.577
RICE_002775,Rice,Bihar,Bhojpur,Annual,1997,1.916
RICE_002776,Rice,Bihar,Buxar,Annual,1997,2.349
RICE_002777,Rice,Bihar,Champaran (East),Annual,1997,1.362
RICE_002778,Rice,Bihar,Champaran (West),Annual,1997,1.826
RICE_002779,Rice,Bihar,Darbhanga,Annual,1997,1.074
RICE_002780,Rice,Bihar,Gaya,Annual,1997,1.506
RICE_002781,Rice,Bihar,Gopalganj,Annual,1997,1.647
RICE_002782,Rice,Bihar,Jamui,Annual,1997,1.154
RICE_002783,Rice,Bihar,Jehanabad,Annual,1997,1.39
RICE_002784,Rice,Bihar,Katihar,Annual,1997,1.413
RICE_002785,Rice,Bihar,Khagaria,Annual,1997,1.007
RICE_002786,Rice,Bihar,Kishanganj,Annual,1997,1.203
RICE_002787,Rice,Bihar,Lakhisarai,Annual,1997,1.212
RICE_002788,Rice,Bihar,Madhepura,Annual,1997,1.694
RICE_002789,Rice,Bihar,Madhubani,Annual,1997,1.138
RICE_002790,Rice,Bihar,Mungair,Annual,1997,1.577
RICE_002791,Rice,Bihar,Muzaffarpur,Annual,1997,1.296
RICE_002792,Rice,Bihar,Nalanda,Annual,1997,1.102
RICE_002793,Rice,Bihar,Nawada,Annual,1997,1.504
RICE_002794,Rice,Bihar,Patna,Annual,1997,1.905
RICE_002795,Rice,Bihar,Purnea,Annual,1997,1.263
RICE_002796,Rice,Bihar,Rohtas,Annual,1997,1.773
RICE_002797,Rice,Bihar,Saharsa,Annual,1997,1.044
RICE_002798,Rice,Bihar,Samastipur,Annual,1997,1.246
RICE_002799,Rice,Bihar,Saran,Annual,1997,1.392
RICE_002800,Rice,Bihar,Sheikapura,Annual,1997,1.46
RICE_002801,Rice,Bihar,Sheohar,Annual,1997,1.502
RICE_002802,Rice,Bihar,Sitamarhi,Annual,1997,1.201
RICE_002803,Rice,Bihar,Siwan,Annual,1997,1.362
RICE_002804,Rice,Bihar,Supaul,Annual,1997,1.146
RICE_002805,Rice,Bihar,Vaishali,Annual,1997,0.917
RICE_002806,Rice,Chhattisgarh,Bastar,Annual,1997,0.731
RICE_002807,Rice,Chhattisgarh,Bilaspur,Annual,1997,0.496
RICE_002808,Rice,Chhattisgarh,Durg,Annual,1997,1.265
RICE_002809,Rice,Chhattisgarh,Raigarh,Annual,1997,0.816
RICE_002810,Rice,Chhattisgarh,Raipur,Annual,1997,1.106
RICE_002811,Rice,Chhattisgarh,Rajnandgaon,Annual,1997,0.958
RICE_002812,Rice,Chhattisgarh,Surguja,Annual,1997,0.809
RICE_002813,Rice,Gujarat,Ahmedabad,Annual,1997,1.548
RICE_002814,Rice,Gujarat,Bharuch,Annual,1997,0.906
RICE_002815,Rice,Gujarat,Bhavnagar,Annual,1997,2.0
RICE_002816,Rice,Gujarat,Dangs,Annual,1997,0.783
RICE_002817,Rice,Gujarat,Gandhinagar,Annual,1997,2.679
RICE_002818,Rice,Gujarat,Junagadh,Annual,1997,2.333
RICE_002819,Rice,Gujarat,Kheda,Annual,1997,1.813
RICE_002820,Rice,Gujarat,Mehsana,Annual,1997,1.932
RICE_002821,Rice,Gujarat,Panchmahal,Annual,1997,1.192
RICE_002822,Rice,Gujarat,Sabarkantha,Annual,1997,1.949
RICE_002823,Rice,Gujarat,Surat,Annual,1997,1.881
RICE_002824,Rice,Gujarat,Surendranagar,Annual,1997,1.857
RICE_002825,Rice,Gujarat,Vadodara,Annual,1997,1.043
RICE_002826,Rice,Gujarat,Valsad,Annual,1997,1.96
RICE_002827,Rice,Haryana,Ambala,Annual,1997,2.8
RICE_002828,Rice,Haryana,Bhiwani,Annual,1997,3.0
RICE_002829,Rice,Haryana,Faridabad,Annual,1997,2.864
RICE_002830,Rice,Haryana,Fatehabad,Annual,1997,3.545
RICE_002831,Rice,Haryana,Gurgaon,Annual,1997,2.985
RICE_002832,Rice,Haryana,Hissar,Annual,1997,2.977
RICE_002833,Rice,Haryana,Jhajjar,Annual,1997,1.585
RICE_002834,Rice,Haryana,Jind,Annual,1997,2.779
RICE_002835,Rice,Haryana,Kaithal,Annual,1997,2.891
RICE_002836,Rice,Haryana,Karnal,Annual,1997,2.646
RICE_002837,Rice,Haryana,Kurukshetra,Annual,1997,3.07
RICE_002838,Rice,Haryana,Panchkula,Annual,1997,2.667
RICE_002839,Rice,Haryana,Panipat,Annual,1997,2.442
RICE_002840,Rice,Haryana,Rohtak,Annual,1997,1.758
RICE_002841,Rice,Haryana,Sirsa,Annual,1997,3.344
RICE_002842,Rice,Haryana,Sonepat,Annual,1997,2.097
RICE_002843,Rice,Haryana,Yamunanagar,Annual,1997,3.094
RICE_002844,Rice,Himachal Pradesh,Bilashpur,Annual,1997,1.592
RICE_002845,Rice,Himachal Pradesh,Chamba,Annual,1997,1.476
RICE_002846,Rice,Himachal Pradesh,Hamirpur,Annual,1997,1.451
RICE_002847,Rice,Himachal Pradesh,Kangra,Annual,1997,1.252
RICE_002848,Rice,Himachal Pradesh,Kinnaur,Annual,1997,1.391
RICE_002849,Rice,Himachal Pradesh,Kullu,Annual,1997,1.329
RICE_002850,Rice,Himachal Pradesh,Mandi,Annual,1997,1.33
RICE_002851,Rice,Himachal Pradesh,Shimla,Annual,1997,1.214
RICE_002852,Rice,Himachal Pradesh,Sirmaur,Annual,1997,1.746
RICE_002853,Rice,Himachal Pradesh,Solan,Annual,1997,1.921
RICE_002854,Rice,Himachal Pradesh,Una,Annual,1997,2.3
RICE_002855,Rice,Karnataka,Bangalore (Rural),Annual,1997,2.476
RICE_002856,Rice,Karnataka,Bangalore (Urban),Annual,1997,3.052
RICE_002857,Rice,Karnataka,Belgaum,Annual,1997,1.439
RICE_002858,Rice,Karnataka,Bellary,Annual,1997,2.814
RICE_002859,Rice,Karnataka,Bidar,Annual,1997,0.651
RICE_002860,Rice,Karnataka,Bijapur,Annual,1997,1.411
RICE_002861,Rice,Karnataka,Chickmagalur,Annual,1997,2.424
RICE_002862,Rice,Karnataka,Chitradurga,Annual,1997,3.397
RICE_002863,Rice,Karnataka,Dakshina Kannada,Annual,1997,1.941
RICE_002864,Rice,Karnataka,Dharwad,Annual,1997,1.19
RICE_002865,Rice,Karnataka,Gulbarga,Annual,1997,1.977
RICE_002866,Rice,Karnataka,Hassan,Annual,1997,2.775
RICE_002867,Rice,Karnataka,Kodagu,Annual,1997,2.232
RICE_002868,Rice,Karnataka,Kolar,Annual,1997,2.433
RICE_002869,Rice,Karnataka,Mandya,Annual,1997,2.812
RICE_002870,Rice,Karnataka,Mysore,Annual,1997,2.89
RICE_002871,Rice,Karnataka,Raichur,Annual,1997,2.774
RICE_002872,Rice,Karnataka,Shimoge,Annual,1997,2.434
RICE_002873,Rice,Karnataka,Tumkur,Annual,1997,2.719
RICE_002874,Rice,Karnataka,Uttara Kannada,Annual,1997,1.527
RICE_002875,Rice,Kerala,Alappuzha,Annual,1997,2.201
RICE_002876,Rice,Kerala,Eranakulam,Annual,1997,1.608
RICE_002877,Rice,Kerala,Idukki,Annual,1997,2.082
RICE_002878,Rice,Kerala,Kannur,Annual,1997,1.627
RICE_002879,Rice,Kerala,Kasaragod,Annual,1997,1.866
RICE_002880,Rice,Kerala,Kollam,Annual,1997,1.8
RICE_002881,Rice,Kerala,Kottayam,Annual,1997,2.111
RICE_002882,Rice,Kerala,Kozhikode,Annual,1997,1.209
RICE_002883,Rice,Kerala,Malappuram,Annual,1997,1.67
RICE_002884,Rice,Kerala,Palakkad,Annual,1997,2.173
RICE_002885,Rice,Kerala,Pathanamthitta,Annual,1997,2.242
RICE_002886,Rice,Kerala,Thiruvananthapuram,Annual,1997,1.725
RICE_002887,Rice,Kerala,Thrissur,Annual,1997,2.025
RICE_002888,Rice,Kerala,Wayanad,Annual,1997,2.217
RICE_002889,Rice,Madhya Pradesh,Balaghat,Annual,1997,1.057
RICE_002890,Rice,Madhya Pradesh,Betul,Annual,1997,1.108
RICE_002891,Rice,Madhya Pradesh,Bhind,Annual,1997,1.2
RICE_002892,Rice,Madhya Pradesh,Bhopal,Annual,1997,0.667
RICE_002893,Rice,Madhya Pradesh,Chhatarpur,Annual,1997,0.698
RICE_002894,Rice,Madhya Pradesh,Chhindwara,Annual,1997,0.756
RICE_002895,Rice,Madhya Pradesh,Damoh,Annual,1997,0.66
RICE_002896,Rice,Madhya Pradesh,Datia,Annual,1997,1.167
RICE_002897,Rice,Madhya Pradesh,Dewas,Annual,1997,0.714
RICE_002898,Rice,Madhya Pradesh,Dhar,Annual,1997,0.59
RICE_002899,Rice,Madhya Pradesh,Guna,Annual,1997,0.733
RICE_002900,Rice,Madhya Pradesh,Gwalior,Annual,1997,2.138
RICE_002901,Rice,Madhya Pradesh,Hoshangabad,Annual,1997,1.28
RICE_002902,Rice,Madhya Pradesh,Jabalpur,Annual,1997,0.533
RICE_002903,Rice,Madhya Pradesh,Jhabua,Annual,1997,0.613
RICE_002904,Rice,Madhya Pradesh,Khandwa,Annual,1997,1.035
RICE_002905,Rice,Madhya Pradesh,Khargone,Annual,1997,0.615
RICE_002906,Rice,Madhya Pradesh,Mandla,Annual,1997,0.613
RICE_002907,Rice,Madhya Pradesh,Morena,Annual,1997,1.885
RICE_002908,Rice,Madhya Pradesh,Narsinghpur,Annual,1997,1.098
RICE_002909,Rice,Madhya Pradesh,Panna,Annual,1997,0.644
RICE_002910,Rice,Madhya Pradesh,Raisen,Annual,1997,0.895
RICE_002911,Rice,Madhya Pradesh,Rajgarh,Annual,1997,0.737
RICE_002912,Rice,Madhya Pradesh,Ratlam,Annual,1997,0.676
RICE_002913,Rice,Madhya Pradesh,Rewa,Annual,1997,0.506
RICE_002914,Rice,Madhya Pradesh,Sagar,Annual,1997,0.655
RICE_002915,Rice,Madhya Pradesh,Satna,Annual,1997,0.506
RICE_002916,Rice,Madhya Pradesh,Sehore,Annual,1997,0.556
RICE_002917,Rice,Madhya Pradesh,Seoni,Annual,1997,0.893
RICE_002918,Rice,Madhya Pradesh,Shahdol,Annual,1997,0.626
RICE_002919,Rice,Madhya Pradesh,Shajapur,Annual,1997,0.75
RICE_002920,Rice,Madhya Pradesh,Shivpuri,Annual,1997,1.08
RICE_002921,Rice,Madhya Pradesh,Sidhi,Annual,1997,0.414
RICE_002922,Rice,Madhya Pradesh,Tikamgarh,Annual,1997,0.835
RICE_002923,Rice,Madhya Pradesh,Vidisha,Annual,1997,0.625
RICE_002924,Rice,Maharashtra,Ahmednagar,Annual,1997,1.223
RICE_002925,Rice,Maharashtra,Akola,Annual,1997,0.545
RICE_002926,Rice,Maharashtra,Amarawati,Annual,1997,0.611
RICE_002927,Rice,Maharashtra,Aurangabad,Annual,1997,1.733
RICE_002928,Rice,Maharashtra,Beed,Annual,1997,1.538
RICE_002929,Rice,Maharashtra,Bhandara,Annual,1997,1.254
RICE_002930,Rice,Maharashtra,Buldhana,Annual,1997,0.429
RICE_002931,Rice,Maharashtra,Chandrapur,Annual,1997,1.391
RICE_002932,Rice,Maharashtra,Dhule,Annual,1997,0.836
RICE_002933,Rice,Maharashtra,Gadchiroli,Annual,1997,1.097
RICE_002934,Rice,Maharashtra,Jalgaon,Annual,1997,0.941
RICE_002935,Rice,Maharashtra,Jalna,Annual,1997,0.95
RICE_002936,Rice,Maharashtra,Kolhapur,Annual,1997,2.297
RICE_002937,Rice,Maharashtra,Latur,Annual,1997,0.265
RICE_002938,Rice,Maharashtra,Nagpur,Annual,1997,0.815
RICE_002939,Rice,Maharashtra,Nanded,Annual,1997,0.588
RICE_002940,Rice,Maharashtra,Nasik,Annual,1997,1.337
RICE_002941,Rice,Maharashtra,Osmanabad,Annual,1997,0.282
RICE_002942,Rice,Maharashtra,Parbhani,Annual,1997,0.461
RICE_002943,Rice,Maharashtra,Pune,Annual,1997,1.105
RICE_002944,Rice,Maharashtra,Raigad,Annual,1997,2.531
RICE_002945,Rice,Maharashtra,Ratnagiri,Annual,1997,2.324
RICE_002946,Rice,Maharashtra,Sangli,Annual,1997,2.058
RICE_002947,Rice,Maharashtra,Satara,Annual,1997,1.563
RICE_002948,Rice,Maharashtra,Sindhudurg,Annual,1997,2.578
RICE_002949,Rice,Maharashtra,Solapur,Annual,1997,1.091
RICE_002950,Rice,Maharashtra,Thane,Annual,1997,2.355
RICE_002951,Rice,Maharashtra,Wardha,Annual,1997,0.5
RICE_002952,Rice,Maharashtra,Yeotmal,Annual,1997,0.565
RICE_002953,Rice,Orissa,Angul,Annual,1997,1.386
RICE_002954,Rice,Orissa,Balasore,Annual,1997,1.52
RICE_002955,Rice,Orissa,Bargarh,Annual,1997,1.781
RICE_002956,Rice,Orissa,Bhadrak,Annual,1997,1.751
RICE_002957,Rice,Orissa,Bolangir,Annual,1997,1.234
RICE_002958,Rice,Orissa,Boudh,Annual,1997,1.456
RICE_002959,Rice,Orissa,Cuttack,Annual,1997,1.45
RICE_002960,Rice,Orissa,Deogarh,Annual,1997,1.219
RICE_002961,Rice,Orissa,Dhenkanal,Annual,1997,1.395
RICE_002962,Rice,Orissa,Gajapati,Annual,1997,1.357
RICE_002963,Rice,Orissa,Ganjam,Annual,1997,1.498
RICE_002964,Rice,Orissa,Jagatsinghapur,Annual,1997,1.223
RICE_002965,Rice,Orissa,Jajapur,Annual,1997,1.135
RICE_002966,Rice,Orissa,Jharsuguda,Annual,1997,1.431
RICE_002967,Rice,Orissa,Kalahandi,Annual,1997,1.379
RICE_002968,Rice,Orissa,Kendrapara,Annual,1997,1.182
RICE_002969,Rice,Orissa,Keonjhar,Annual,1997,1.304
RICE_002970,Rice,Orissa,Khurda,Annual,1997,1.413
RICE_002971,Rice,Orissa,Koraput,Annual,1997,1.189
RICE_002972,Rice,Orissa,Malkangiri,Annual,1997,0.729
RICE_002973,Rice,Orissa,Mayurbhanja,Annual,1997,1.375
RICE_002974,Rice,Orissa,Nawarangpur,Annual,1997,1.128
RICE_002975,Rice,Orissa,Nayagarh,Annual,1997,1.739
RICE_002976,Rice,Orissa,Nuapada,Annual,1997,0.944
RICE_002977,Rice,Orissa,Phulbani ( Kandhamal ),Annual,1997,1.392
RICE_002978,Rice,Orissa,Puri,Annual,1997,1.127
RICE_002979,Rice,Orissa,Rayagada,Annual,1997,1.254
RICE_002980,Rice,Orissa,Sambalpur,Annual,1997,1.832
RICE_002981,Rice,Orissa,Sonepur,Annual,1997,1.82
RICE_002982,Rice,Orissa,Sundargarh,Annual,1997,1.021
RICE_002983,Rice,Punjab,Amritsar,Annual,1997,3.01
RICE_002984,Rice,Punjab,Bhatinda,Annual,1997,4.0
RICE_002985,Rice,Punjab,Faridkot,Annual,1997,3.821
RICE_002986,Rice,Punjab,Fatehgarh Sahib,Annual,1997,3.683
RICE_002987,Rice,Punjab,Ferozpur,Annual,1997,3.607
RICE_002988,Rice,Punjab,Gurdaspur,Annual,1997,2.813
RICE_002989,Rice,Punjab,Hoshiarpur,Annual,1997,3.018
RICE_002990,Rice,Punjab,Jalandhar,Annual,1997,3.344
RICE_002991,Rice,Punjab,Kapurthala,Annual,1997,2.99
RICE_002992,Rice,Punjab,Ludhiana,Annual,1997,3.842
RICE_002993,Rice,Punjab,Mansa,Annual,1997,3.793
RICE_002994,Rice,Punjab,Moga,Annual,1997,4.009
RICE_002995,Rice,Punjab,Patiala,Annual,1997,3.3
RICE_002996,Rice,Punjab,Roopnagar,Annual,1997,3.209
RICE_002997,Rice,Punjab,S.B.S Nagar,Annual,1997,3.372
RICE_002998,Rice,Punjab,Sangrur,Annual,1997,3.835
RICE_002999,Rice,Punjab,Shri Mukatsar Sahib,Annual,1997,3.455
RICE_003000,Rice,Rajasthan,Ajmer,Annual,1997,1.167
RICE_003001,Rice,Rajasthan,Alwar,Annual,1997,1.165
RICE_003002,Rice,Rajasthan,Banswara,Annual,1997,0.946
RICE_003003,Rice,Rajasthan,Baran,Annual,1997,1.086
RICE_003004,Rice,Rajasthan,Bharatpur,Annual,1997,1.015
RICE_003005,Rice,Rajasthan,Bhilwara,Annual,1997,1.161
RICE_003006,Rice,Rajasthan,Bikaner,Annual,1997,1.0
RICE_003007,Rice,Rajasthan,Bundi,Annual,1997,1.371
RICE_003008,Rice,Rajasthan,Chittorgarh,Annual,1997,1.164
RICE_003009,Rice,Rajasthan,Dausa,Annual,1997,1.171
RICE_003010,Rice,Rajasthan,Dholpur,Annual,1997,1.164
RICE_003011,Rice,Rajasthan,Dungarpur,Annual,1997,1.094
RICE_003012,Rice,Rajasthan,Ganganagar,Annual,1997,1.44
RICE_003013,Rice,Rajasthan,Hanumangarh,Annual,1997,1.535
RICE_003014,Rice,Rajasthan,Jaipur,Annual,1997,1.2
RICE_003015,Rice,Rajasthan,Jhalawar,Annual,1997,1.163
RICE_003016,Rice,Rajasthan,Kota,Annual,1997,1.506
RICE_003017,Rice,Rajasthan,Pali,Annual,1997,1.143
RICE_003018,Rice,Rajasthan,Rajsamand,Annual,1997,1.164
RICE_003019,Rice,Rajasthan,Sirohi,Annual,1997,1.158
RICE_003020,Rice,Rajasthan,Swami Madhopur,Annual,1997,0.808
RICE_003021,Rice,Rajasthan,Udaipur,Annual,1997,0.854
RICE_003022,Rice,Tamil Nadu,Chengalpattu Mgr / Kancheepuram,Annual,1997,3.269
RICE_003023,Rice,Tamil Nadu,Chidambanar / Toothukudi,Annual,1997,4.392
RICE_003024,Rice,Tamil Nadu,Coimbatore,Annual,1997,3.083
RICE_003025,Rice,Tamil Nadu,Dharmapuri,Annual,1997,3.166
RICE_003026,Rice,Tamil Nadu,Dindigul Anna,Annual,1997,4.948
RICE_003027,Rice,Tamil Nadu,Kanyakumari,Annual,1997,3.797
RICE_003028,Rice,Tamil Nadu,Karur,Annual,1997,2.954
RICE_003029,Rice,Tamil Nadu,Madurai,Annual,1997,3.785
RICE_003030,Rice,Tamil Nadu,Nagapattinam,Annual,1997,1.718
RICE_003031,Rice,Tamil Nadu,Namakkal,Annual,1997,4.134
RICE_003032,Rice,Tamil Nadu,North Arcot / Vellore,Annual,1997,3.308
RICE_003033,Rice,Tamil Nadu,Perambular,Annual,1997,3.066
RICE_003034,Rice,Tamil Nadu,Periyar (Erode),Annual,1997,4.417
RICE_003035,Rice,Tamil Nadu,Pudukkottai,Annual,1997,2.75
RICE_003036,Rice,Tamil Nadu,Ramananthapuram,Annual,1997,3.322
RICE_003037,Rice,Tamil Nadu,Salem,Annual,1997,4.044
RICE_003038,Rice,Tamil Nadu,Sivagangai / Pasumpon,Annual,1997,2.437
RICE_003039,Rice,Tamil Nadu,South Arcot / Cuddalore,Annual,1997,3.071
RICE_003040,Rice,Tamil Nadu,Thanjavur,Annual,1997,2.699
RICE_003041,Rice,Tamil Nadu,The Nilgiris,Annual,1997,3.485
RICE_003042,Rice,Tamil Nadu,Theni,Annual,1997,3.117
RICE_003043,Rice,Tamil Nadu,Thirunelveli,Annual,1997,3.668
RICE_003044,Rice,Tamil Nadu,Thiruvallur,Annual,1997,3.886
RICE_003045,Rice,Tamil Nadu,Thiruvannamalai,Annual,1997,2.852
RICE_003046,Rice,Tamil Nadu,Tiruchirapalli / Trichy,Annual,1997,3.3
RICE_003047,Rice,Tamil Nadu,Tiruvarur,Annual,1997,1.697
RICE_003048,Rice,Tamil Nadu,Villupuram,Annual,1997,3.179
RICE_003049,Rice,Tamil Nadu,Virudhunagar / Kamarajar,Annual,1997,3.1
RICE_003050,Rice,Telangana,Adilabad,Annual,1997,1.139
RICE_003051,Rice,Telangana,Karimnagar,Annual,1997,2.772
RICE_003052,Rice,Telangana,Khammam,Annual,1997,2.069
RICE_003053,Rice,Telangana,Mahabubnagar,Annual,1997,1.946
RICE_003054,Rice,Telangana,Medak,Annual,1997,1.824
RICE_003055,Rice,Telangana,Nalgonda,Annual,1997,2.453
RICE_003056,Rice,Telangana,Nizamabad,Annual,1997,1.786
RICE_003057,Rice,Telangana,Rangareddy,Annual,1997,2.3
RICE_003058,Rice,Telangana,Warangal,Annual,1997,2.308
RICE_003059,Rice,Uttar Pradesh,Agra,Annual,1997,2.217
RICE_003060,Rice,Uttar Pradesh,Aligarh,Annual,1997,2.13
RICE_003061,Rice,Uttar Pradesh,Allahabad,Annual,1997,1.857
RICE_003062,Rice,Uttar Pradesh,Ambedkar Nagar,Annual,1997,2.443
RICE_003063,Rice,Uttar Pradesh,Amroha/J.B.Fulenagar,Annual,1997,2.403
RICE_003064,Rice,Uttar Pradesh,Auraiya,Annual,1997,2.302
RICE_003065,Rice,Uttar Pradesh,Azamgarh,Annual,1997,2.067
RICE_003066,Rice,Uttar Pradesh,Bagpat,Annual,1997,2.878
RICE_003067,Rice,Uttar Pradesh,Bahraich,Annual,1997,1.637
RICE_003068,Rice,Uttar Pradesh,Ballia,Annual,1997,1.893
RICE_003069,Rice,Uttar Pradesh,Balrampur,Annual,1997,1.963
RICE_003070,Rice,Uttar Pradesh,Banda,Annual,1997,1.198
RICE_003071,Rice,Uttar Pradesh,Barabanki,Annual,1997,1.985
RICE_003072,Rice,Uttar Pradesh,Bareilly,Annual,1997,2.311
RICE_003073,Rice,Uttar Pradesh,Basti,Annual,1997,1.773
RICE_003074,Rice,Uttar Pradesh,Bijnor,Annual,1997,2.974
RICE_003075,Rice,Uttar Pradesh,Budaun,Annual,1997,1.869
RICE_003076,Rice,Uttar Pradesh,Buland Shahar,Annual,1997,2.878
RICE_003077,Rice,Uttar Pradesh,Chandauli,Annual,1997,3.076
RICE_003078,Rice,Uttar Pradesh,Chitrakoot,Annual,1997,0.823
RICE_003079,Rice,Uttar Pradesh,Deoria,Annual,1997,1.935
RICE_003080,Rice,Uttar Pradesh,Etah,Annual,1997,1.839
RICE_003081,Rice,Uttar Pradesh,Etawah,Annual,1997,2.691
RICE_003082,Rice,Uttar Pradesh,Faizabad,Annual,1997,2.266
RICE_003083,Rice,Uttar Pradesh,Farrukhabad,Annual,1997,1.894
RICE_003084,Rice,Uttar Pradesh,Fatehpur,Annual,1997,1.985
RICE_003085,Rice,Uttar Pradesh,Firozabad,Annual,1997,2.228
RICE_003086,Rice,Uttar Pradesh,G.B.Nagar,Annual,1997,2.672
RICE_003087,Rice,Uttar Pradesh,Ghaziabad,Annual,1997,2.287
RICE_003088,Rice,Uttar Pradesh,Ghazipur,Annual,1997,2.211
RICE_003089,Rice,Uttar Pradesh,Gonda,Annual,1997,2.165
RICE_003090,Rice,Uttar Pradesh,Gorakhpur,Annual,1997,1.609
RICE_003091,Rice,Uttar Pradesh,Hamirpur,Annual,1997,1.126
RICE_003092,Rice,Uttar Pradesh,Hardoi,Annual,1997,2.195
RICE_003093,Rice,Uttar Pradesh,Hathras,Annual,1997,2.218
RICE_003094,Rice,Uttar Pradesh,Jalaun,Annual,1997,0.6
RICE_003095,Rice,Uttar Pradesh,Jaunpur,Annual,1997,2.248
RICE_003096,Rice,Uttar Pradesh,Jhansi,Annual,1997,0.601
RICE_003097,Rice,Uttar Pradesh,Kannauj,Annual,1997,2.583
RICE_003098,Rice,Uttar Pradesh,Kanpur Dehat,Annual,1997,2.254
RICE_003099,Rice,Uttar Pradesh,Kanpur Nagar,Annual,1997,2.142
RICE_003100,Rice,Uttar Pradesh,Kheri,Annual,1997,2.582
RICE_003101,Rice,Uttar Pradesh,Kushambi,Annual,1997,1.43
RICE_003102,Rice,Uttar Pradesh,Kushi Nagar / Padrauna,Annual,1997,2.602
RICE_003103,Rice,Uttar Pradesh,Lalitpur,Annual,1997,0.6
RICE_003104,Rice,Uttar Pradesh,Lucknow,Annual,1997,1.705
RICE_003105,Rice,Uttar Pradesh,Mahoba,Annual,1997,1.126
RICE_003106,Rice,Uttar Pradesh,Mahrajgani,Annual,1997,2.265
RICE_003107,Rice,Uttar Pradesh,Mainpuri,Annual,1997,2.262
RICE_003108,Rice,Uttar Pradesh,Mathura,Annual,1997,2.186
RICE_003109,Rice,Uttar Pradesh,Mau,Annual,1997,1.74
RICE_003110,Rice,Uttar Pradesh,Meerut,Annual,1997,2.529
RICE_003111,Rice,Uttar Pradesh,Mirzpur,Annual,1997,1.866
RICE_003112,Rice,Uttar Pradesh,Moradabad,Annual,1997,2.455
RICE_003113,Rice,Uttar Pradesh,Muzaffarnagar,Annual,1997,2.974
RICE_003114,Rice,Uttar Pradesh,Pilibhit,Annual,1997,2.996
RICE_003115,Rice,Uttar Pradesh,Pratapgarh,Annual,1997,2.091
RICE_003116,Rice,Uttar Pradesh,Rae-Bareily,Annual,1997,1.716
RICE_003117,Rice,Uttar Pradesh,Rampur,Annual,1997,2.531
RICE_003118,Rice,Uttar Pradesh,Saharanpur,Annual,1997,2.663
RICE_003119,Rice,Uttar Pradesh,Santh Kabir Nagar,Annual,1997,1.829
RICE_003120,Rice,Uttar Pradesh,Santh Ravi Das Nagar / Bhadoi,Annual,1997,2.286
RICE_003121,Rice,Uttar Pradesh,Shahjahanpur,Annual,1997,2.626
RICE_003122,Rice,Uttar Pradesh,Shravasti,Annual,1997,1.485
RICE_003123,Rice,Uttar Pradesh,Sidharthnagar,Annual,1997,1.8
RICE_003124,Rice,Uttar Pradesh,Sitapur,Annual,1997,2.221
RICE_003125,Rice,Uttar Pradesh,Sonbhadra,Annual,1997,1.579
RICE_003126,Rice,Uttar Pradesh,Sultanpur,Annual,1997,2.112
RICE_003127,Rice,Uttar Pradesh,Unnao,Annual,1997,1.702
RICE_003128,Rice,Uttar Pradesh,Varanasi,Annual,1997,2.671
RICE_003129,Rice,Uttarakhand,Almorah,Annual,1997,1.127
RICE_003130,Rice,Uttarakhand,Chamoli,Annual,1997,1.249
RICE_003131,Rice,Uttarakhand,Dehradun,Annual,1997,2.191
RICE_003132,Rice,Uttarakhand,Garhwal,Annual,1997,1.074
RICE_003133,Rice,Uttarakhand,Haridwar,Annual,1997,2.44
RICE_003134,Rice,Uttarakhand,Nainital,Annual,1997,2.639
RICE_003135,Rice,Uttarakhand,Pithorgarh,Annual,1997,1.175
RICE_003136,Rice,Uttarakhand,Tehri Garhwal,Annual,1997,1.366
RICE_003137,Rice,Uttarakhand,Udham Singh Nagar,Annual,1997,3.075
RICE_003138,Rice,Uttarakhand,Uttar Kashi,Annual,1997,1.571
RICE_003139,Rice,West Bengal,24-Paraganas North,Annual,1997,2.238
RICE_003140,Rice,West Bengal,24-Paraganas South,Annual,1997,1.476
RICE_003141,Rice,West Bengal,Bankura,Annual,1997,2.738
RICE_003142,Rice,West Bengal,Birbhum,Annual,1997,2.768
RICE_003143,Rice,West Bengal,Burdwan,Annual,1997,2.952
RICE_003144,Rice,West Bengal,Cooch Behar,Annual,1997,1.349
RICE_003145,Rice,West Bengal,Dakshin Dinajpur,Annual,1997,2.082
RICE_003146,Rice,West Bengal,Darjeeling,Annual,1997,1.112
RICE_003147,Rice,West Bengal,East Midnapore / Purba Midnapore,Annual,1997,2.059
RICE_003148,Rice,West Bengal,Hooghly,Annual,1997,2.647
RICE_003149,Rice,West Bengal,Jalpaiguri,Annual,1997,1.268
RICE_003150,Rice,West Bengal,Jhargram,Annual,1997,1.943
RICE_003151,Rice,West Bengal,Malda,Annual,1997,2.414
RICE_003152,Rice,West Bengal,Murshidabad,Annual,1997,2.597
RICE_003153,Rice,West Bengal,Nadia,Annual,1997,2.458
RICE_003154,Rice,West Bengal,Purulia,Annual,1997,1.89
RICE_003155,Rice,West Bengal,Uttar Dinajpur,Annual,1997,1.938
RICE_003156,Rice,West Bengal,West Midnapore,Annual,1997,2.22
RICE_003157,Rice,Andhra Pradesh,Anantapur,Annual,1998,2.477
RICE_003158,Rice,Andhra Pradesh,Chittoor,Annual,1998,2.548
RICE_003159,Rice,Andhra Pradesh,East Godavari,Annual,1998,2.522
RICE_003160,Rice,Andhra Pradesh,Guntur,Annual,1998,3.122
RICE_003161,Rice,Andhra Pradesh,Kadapa Ysr,Annual,1998,2.789
RICE_003162,Rice,Andhra Pradesh,Krishna,Annual,1998,3.007
RICE_003163,Rice,Andhra Pradesh,Kurnool,Annual,1998,2.781
RICE_003164,Rice,Andhra Pradesh,Prakasam,Annual,1998,3.123
RICE_003165,Rice,Andhra Pradesh,S.P.S. Nellore,Annual,1998,2.961
RICE_003166,Rice,Andhra Pradesh,Srikakulam,Annual,1998,1.929
RICE_003167,Rice,Andhra Pradesh,Visakhapatnam,Annual,1998,1.303
RICE_003168,Rice,Andhra Pradesh,Vizianagaram,Annual,1998,2.272
RICE_003169,Rice,Andhra Pradesh,West Godavari,Annual,1998,3.279
RICE_003170,Rice,Assam,Barpeta,Annual,1998,0.915
RICE_003171,Rice,Assam,Bongaigaon,Annual,1998,0.955
RICE_003172,Rice,Assam,Cachar,Annual,1998,1.97
RICE_003173,Rice,Assam,Darrang,Annual,1998,1.097
RICE_003174,Rice,Assam,Dhemaji,Annual,1998,1.134
RICE_003175,Rice,Assam,Dhubri,Annual,1998,1.029
RICE_003176,Rice,Assam,Dibrugarh,Annual,1998,1.54
RICE_003177,Rice,Assam,Goalpara,Annual,1998,1.357
RICE_003178,Rice,Assam,Golaghat,Annual,1998,1.763
RICE_003179,Rice,Assam,Hailakandi,Annual,1998,1.545
RICE_003180,Rice,Assam,Jorhat,Annual,1998,1.695
RICE_003181,Rice,Assam,Kamrup,Annual,1998,1.296
RICE_003182,Rice,Assam,Karbi Anglong,Annual,1998,1.378
RICE_003183,Rice,Assam,Karimganj,Annual,1998,1.573
RICE_003184,Rice,Assam,Kokrajhar,Annual,1998,1.028
RICE_003185,Rice,Assam,Lakhimpur,Annual,1998,1.001
RICE_003186,Rice,Assam,Marigaon,Annual,1998,1.534
RICE_003187,Rice,Assam,Nagaon,Annual,1998,1.592
RICE_003188,Rice,Assam,Nalbari,Annual,1998,0.981
RICE_003189,Rice,Assam,North Cachar Hil,Annual,1998,1.662
RICE_003190,Rice,Assam,Sibsagar,Annual,1998,1.645
RICE_003191,Rice,Assam,Sonitpur,Annual,1998,1.311
RICE_003192,Rice,Assam,Tinsukia,Annual,1998,1.519
RICE_003193,Rice,Bihar,Araria,Annual,1998,0.978
RICE_003194,Rice,Bihar,Aurangabad,Annual,1998,1.965
RICE_003195,Rice,Bihar,Banka,Annual,1998,1.475
RICE_003196,Rice,Bihar,Begusarai,Annual,1998,0.711
RICE_003197,Rice,Bihar,Bhabhua / Kaimur,Annual,1998,2.381
RICE_003198,Rice,Bihar,Bhagalpur,Annual,1998,1.237
RICE_003199,Rice,Bihar,Bhojpur,Annual,1998,2.147
RICE_003200,Rice,Bihar,Buxar,Annual,1998,2.444
RICE_003201,Rice,Bihar,Champaran (East),Annual,1998,1.196
RICE_003202,Rice,Bihar,Champaran (West),Annual,1998,1.658
RICE_003203,Rice,Bihar,Darbhanga,Annual,1998,0.882
RICE_003204,Rice,Bihar,Gaya,Annual,1998,1.583
RICE_003205,Rice,Bihar,Gopalganj,Annual,1998,1.428
RICE_003206,Rice,Bihar,Jamui,Annual,1998,1.074
RICE_003207,Rice,Bihar,Jehanabad,Annual,1998,1.764
RICE_003208,Rice,Bihar,Katihar,Annual,1998,1.33
RICE_003209,Rice,Bihar,Khagaria,Annual,1998,0.244
RICE_003210,Rice,Bihar,Kishanganj,Annual,1998,0.935
RICE_003211,Rice,Bihar,Lakhisarai,Annual,1998,0.77
RICE_003212,Rice,Bihar,Madhepura,Annual,1998,1.32
RICE_003213,Rice,Bihar,Madhubani,Annual,1998,0.977
RICE_003214,Rice,Bihar,Mungair,Annual,1998,1.266
RICE_003215,Rice,Bihar,Muzaffarpur,Annual,1998,0.962
RICE_003216,Rice,Bihar,Nalanda,Annual,1998,1.767
RICE_003217,Rice,Bihar,Nawada,Annual,1998,1.732
RICE_003218,Rice,Bihar,Patna,Annual,1998,2.534
RICE_003219,Rice,Bihar,Purnea,Annual,1998,1.272
RICE_003220,Rice,Bihar,Rohtas,Annual,1998,2.419
RICE_003221,Rice,Bihar,Saharsa,Annual,1998,0.978
RICE_003222,Rice,Bihar,Samastipur,Annual,1998,0.09
RICE_003223,Rice,Bihar,Saran,Annual,1998,1.283
RICE_003224,Rice,Bihar,Sheikapura,Annual,1998,1.393
RICE_003225,Rice,Bihar,Sheohar,Annual,1998,0.94
RICE_003226,Rice,Bihar,Sitamarhi,Annual,1998,0.695
RICE_003227,Rice,Bihar,Siwan,Annual,1998,1.343
RICE_003228,Rice,Bihar,Supaul,Annual,1998,1.023
RICE_003229,Rice,Bihar,Vaishali,Annual,1998,1.034
RICE_003230,Rice,Chhattisgarh,Bastar,Annual,1998,0.655
RICE_003231,Rice,Chhattisgarh,Bilaspur,Annual,1998,0.67
RICE_003232,Rice,Chhattisgarh,Dantewara,Annual,1998,1.095
RICE_003233,Rice,Chhattisgarh,Dhamtari,Annual,1998,0.667
RICE_003234,Rice,Chhattisgarh,Durg,Annual,1998,0.859
RICE_003235,Rice,Chhattisgarh,Janjgir,Annual,1998,0.907
RICE_003236,Rice,Chhattisgarh,Jashpur,Annual,1998,1.104
RICE_003237,Rice,Chhattisgarh,Kanker,Annual,1998,1.073
RICE_003238,Rice,Chhattisgarh,Kawardha,Annual,1998,0.818
RICE_003239,Rice,Chhattisgarh,Korba,Annual,1998,0.977
RICE_003240,Rice,Chhattisgarh,Koriya,Annual,1998,1.117
RICE_003241,Rice,Chhattisgarh,Mahasmund,Annual,1998,0.787
RICE_003242,Rice,Chhattisgarh,Raigarh,Annual,1998,1.121
RICE_003243,Rice,Chhattisgarh,Raipur,Annual,1998,0.691
RICE_003244,Rice,Chhattisgarh,Rajnandgaon,Annual,1998,0.895
RICE_003245,Rice,Chhattisgarh,Surguja,Annual,1998,0.645
RICE_003246,Rice,Gujarat,Ahmedabad,Annual,1998,1.449
RICE_003247,Rice,Gujarat,Bharuch,Annual,1998,1.538
RICE_003248,Rice,Gujarat,Dangs,Annual,1998,1.639
RICE_003249,Rice,Gujarat,Gandhinagar,Annual,1998,2.649
RICE_003250,Rice,Gujarat,Junagadh,Annual,1998,2.0
RICE_003251,Rice,Gujarat,Kheda,Annual,1998,2.028
RICE_003252,Rice,Gujarat,Mehsana,Annual,1998,2.107
RICE_003253,Rice,Gujarat,Panchmahal,Annual,1998,1.173
RICE_003254,Rice,Gujarat,Sabarkantha,Annual,1998,1.76
RICE_003255,Rice,Gujarat,Surat,Annual,1998,2.382
RICE_003256,Rice,Gujarat,Surendranagar,Annual,1998,2.0
RICE_003257,Rice,Gujarat,Vadodara,Annual,1998,1.55
RICE_003258,Rice,Gujarat,Valsad,Annual,1998,2.591
RICE_003259,Rice,Haryana,Ambala,Annual,1998,2.62
RICE_003260,Rice,Haryana,Bhiwani,Annual,1998,2.286
RICE_003261,Rice,Haryana,Faridabad,Annual,1998,2.333
RICE_003262,Rice,Haryana,Fatehabad,Annual,1998,2.971
RICE_003263,Rice,Haryana,Gurgaon,Annual,1998,2.273
RICE_003264,Rice,Haryana,Hissar,Annual,1998,2.256
RICE_003265,Rice,Haryana,Jhajjar,Annual,1998,1.9
RICE_003266,Rice,Haryana,Jind,Annual,1998,2.072
RICE_003267,Rice,Haryana,Kaithal,Annual,1998,2.154
RICE_003268,Rice,Haryana,Karnal,Annual,1998,2.204
RICE_003269,Rice,Haryana,Kurukshetra,Annual,1998,2.342
RICE_003270,Rice,Haryana,Panchkula,Annual,1998,2.667
RICE_003271,Rice,Haryana,Panipat,Annual,1998,2.139
RICE_003272,Rice,Haryana,Rewari,Annual,1998,2.0
RICE_003273,Rice,Haryana,Rohtak,Annual,1998,1.893
RICE_003274,Rice,Haryana,Sirsa,Annual,1998,2.463
RICE_003275,Rice,Haryana,Sonepat,Annual,1998,1.684
RICE_003276,Rice,Haryana,Yamunanagar,Annual,1998,2.241
RICE_003277,Rice,Himachal Pradesh,Bilashpur,Annual,1998,1.25
RICE_003278,Rice,Himachal Pradesh,Chamba,Annual,1998,1.341
RICE_003279,Rice,Himachal Pradesh,Hamirpur,Annual,1998,1.498
RICE_003280,Rice,Himachal Pradesh,Kangra,Annual,1998,1.382
RICE_003281,Rice,Himachal Pradesh,Kinnaur,Annual,1998,1.435
RICE_003282,Rice,Himachal Pradesh,Kullu,Annual,1998,1.187
RICE_003283,Rice,Himachal Pradesh,Mandi,Annual,1998,1.423
RICE_003284,Rice,Himachal Pradesh,Shimla,Annual,1998,1.284
RICE_003285,Rice,Himachal Pradesh,Sirmaur,Annual,1998,1.471
RICE_003286,Rice,Himachal Pradesh,Solan,Annual,1998,1.688
RICE_003287,Rice,Himachal Pradesh,Una,Annual,1998,2.057
RICE_003288,Rice,Karnataka,Bagalkote,Annual,1998,1.604
RICE_003289,Rice,Karnataka,Bangalore (Rural),Annual,1998,2.913
RICE_003290,Rice,Karnataka,Bangalore (Urban),Annual,1998,2.913
RICE_003291,Rice,Karnataka,Belgaum,Annual,1998,1.82
RICE_003292,Rice,Karnataka,Bellary,Annual,1998,3.263
RICE_003293,Rice,Karnataka,Bidar,Annual,1998,0.608
RICE_003294,Rice,Karnataka,Bijapur,Annual,1998,1.373
RICE_003295,Rice,Karnataka,Chamaraja Nagar,Annual,1998,3.214
RICE_003296,Rice,Karnataka,Chickmagalur,Annual,1998,2.384
RICE_003297,Rice,Karnataka,Chitradurga,Annual,1998,2.923
RICE_003298,Rice,Karnataka,Dakshina Kannada,Annual,1998,2.084
RICE_003299,Rice,Karnataka,Davanagere,Annual,1998,3.307
RICE_003300,Rice,Karnataka,Dharwad,Annual,1998,0.949
RICE_003301,Rice,Karnataka,Gadag,Annual,1998,2.457
RICE_003302,Rice,Karnataka,Gulbarga,Annual,1998,1.862
RICE_003303,Rice,Karnataka,Hassan,Annual,1998,2.343
RICE_003304,Rice,Karnataka,Haveri,Annual,1998,1.533
RICE_003305,Rice,Karnataka,Kodagu,Annual,1998,2.094
RICE_003306,Rice,Karnataka,Kolar,Annual,1998,2.728
RICE_003307,Rice,Karnataka,Koppal,Annual,1998,3.39
RICE_003308,Rice,Karnataka,Mandya,Annual,1998,3.075
RICE_003309,Rice,Karnataka,Mysore,Annual,1998,3.037
RICE_003310,Rice,Karnataka,Raichur,Annual,1998,3.37
RICE_003311,Rice,Karnataka,Shimoge,Annual,1998,2.418
RICE_003312,Rice,Karnataka,Tumkur,Annual,1998,2.885
RICE_003313,Rice,Karnataka,Udupi,Annual,1998,1.754
RICE_003314,Rice,Karnataka,Uttara Kannada,Annual,1998,1.747
RICE_003315,Rice,Kerala,Alappuzha,Annual,1998,2.61
RICE_003316,Rice,Kerala,Eranakulam,Annual,1998,1.7
RICE_003317,Rice,Kerala,Idukki,Annual,1998,2.339
RICE_003318,Rice,Kerala,Kannur,Annual,1998,1.624
RICE_003319,Rice,Kerala,Kasaragod,Annual,1998,2.002
RICE_003320,Rice,Kerala,Kollam,Annual,1998,1.896
RICE_003321,Rice,Kerala,Kottayam,Annual,1998,2.477
RICE_003322,Rice,Kerala,Kozhikode,Annual,1998,1.145
RICE_003323,Rice,Kerala,Malappuram,Annual,1998,1.778
RICE_003324,Rice,Kerala,Palakkad,Annual,1998,2.213
RICE_003325,Rice,Kerala,Pathanamthitta,Annual,1998,2.597
RICE_003326,Rice,Kerala,Thiruvananthapuram,Annual,1998,1.843
RICE_003327,Rice,Kerala,Thrissur,Annual,1998,1.892
RICE_003328,Rice,Kerala,Wayanad,Annual,1998,2.218
RICE_003329,Rice,Madhya Pradesh,Balaghat,Annual,1998,1.247
RICE_003330,Rice,Madhya Pradesh,Betul,Annual,1998,1.146
RICE_003331,Rice,Madhya Pradesh,Bhind,Annual,1998,2.464
RICE_003332,Rice,Madhya Pradesh,Bhopal,Annual,1998,0.667
RICE_003333,Rice,Madhya Pradesh,Chhatarpur,Annual,1998,0.786
RICE_003334,Rice,Madhya Pradesh,Chhindwara,Annual,1998,0.624
RICE_003335,Rice,Madhya Pradesh,Damoh,Annual,1998,0.689
RICE_003336,Rice,Madhya Pradesh,Datia,Annual,1998,1.6
RICE_003337,Rice,Madhya Pradesh,Dewas,Annual,1998,0.714
RICE_003338,Rice,Madhya Pradesh,Dhar,Annual,1998,0.73
RICE_003339,Rice,Madhya Pradesh,Guna,Annual,1998,0.692
RICE_003340,Rice,Madhya Pradesh,Gwalior,Annual,1998,1.734
RICE_003341,Rice,Madhya Pradesh,Hoshangabad,Annual,1998,1.344
RICE_003342,Rice,Madhya Pradesh,Jabalpur,Annual,1998,0.513
RICE_003343,Rice,Madhya Pradesh,Jhabua,Annual,1998,0.608
RICE_003344,Rice,Madhya Pradesh,Khandwa,Annual,1998,0.987
RICE_003345,Rice,Madhya Pradesh,Khargone,Annual,1998,0.63
RICE_003346,Rice,Madhya Pradesh,Mandla,Annual,1998,0.708
RICE_003347,Rice,Madhya Pradesh,Morena,Annual,1998,2.442
RICE_003348,Rice,Madhya Pradesh,Narsinghpur,Annual,1998,1.167
RICE_003349,Rice,Madhya Pradesh,Panna,Annual,1998,0.588
RICE_003350,Rice,Madhya Pradesh,Raisen,Annual,1998,0.903
RICE_003351,Rice,Madhya Pradesh,Rajgarh,Annual,1998,0.737
RICE_003352,Rice,Madhya Pradesh,Ratlam,Annual,1998,0.722
RICE_003353,Rice,Madhya Pradesh,Rewa,Annual,1998,0.986
RICE_003354,Rice,Madhya Pradesh,Sagar,Annual,1998,0.616
RICE_003355,Rice,Madhya Pradesh,Satna,Annual,1998,0.476
RICE_003356,Rice,Madhya Pradesh,Sehore,Annual,1998,1.056
RICE_003357,Rice,Madhya Pradesh,Seoni,Annual,1998,1.196
RICE_003358,Rice,Madhya Pradesh,Shahdol,Annual,1998,0.696
RICE_003359,Rice,Madhya Pradesh,Shajapur,Annual,1998,0.75
RICE_003360,Rice,Madhya Pradesh,Shivpuri,Annual,1998,1.143
RICE_003361,Rice,Madhya Pradesh,Sidhi,Annual,1998,0.611
RICE_003362,Rice,Madhya Pradesh,Tikamgarh,Annual,1998,0.774
RICE_003363,Rice,Madhya Pradesh,Vidisha,Annual,1998,0.714
RICE_003364,Rice,Maharashtra,Ahmednagar,Annual,1998,1.321
RICE_003365,Rice,Maharashtra,Akola,Annual,1998,0.7
RICE_003366,Rice,Maharashtra,Amarawati,Annual,1998,0.701
RICE_003367,Rice,Maharashtra,Aurangabad,Annual,1998,0.5
RICE_003368,Rice,Maharashtra,Beed,Annual,1998,0.4
RICE_003369,Rice,Maharashtra,Bhandara,Annual,1998,1.191
RICE_003370,Rice,Maharashtra,Buldhana,Annual,1998,0.8
RICE_003371,Rice,Maharashtra,Chandrapur,Annual,1998,1.216
RICE_003372,Rice,Maharashtra,Dhule,Annual,1998,0.602
RICE_003373,Rice,Maharashtra,Gadchiroli,Annual,1998,1.126
RICE_003374,Rice,Maharashtra,Jalgaon,Annual,1998,1.056
RICE_003375,Rice,Maharashtra,Jalna,Annual,1998,0.364
RICE_003376,Rice,Maharashtra,Kolhapur,Annual,1998,2.726
RICE_003377,Rice,Maharashtra,Latur,Annual,1998,0.483
RICE_003378,Rice,Maharashtra,Nagpur,Annual,1998,1.38
RICE_003379,Rice,Maharashtra,Nanded,Annual,1998,0.625
RICE_003380,Rice,Maharashtra,Nandurbar,Annual,1998,1.135
RICE_003381,Rice,Maharashtra,Nasik,Annual,1998,1.254
RICE_003382,Rice,Maharashtra,Osmanabad,Annual,1998,0.243
RICE_003383,Rice,Maharashtra,Parbhani,Annual,1998,0.45
RICE_003384,Rice,Maharashtra,Pune,Annual,1998,1.212
RICE_003385,Rice,Maharashtra,Raigad,Annual,1998,2.568
RICE_003386,Rice,Maharashtra,Ratnagiri,Annual,1998,2.794
RICE_003387,Rice,Maharashtra,Sangli,Annual,1998,3.16
RICE_003388,Rice,Maharashtra,Satara,Annual,1998,2.414
RICE_003389,Rice,Maharashtra,Sindhudurg,Annual,1998,2.725
RICE_003390,Rice,Maharashtra,Solapur,Annual,1998,1.138
RICE_003391,Rice,Maharashtra,Thane,Annual,1998,1.92
RICE_003392,Rice,Maharashtra,Wardha,Annual,1998,1.0
RICE_003393,Rice,Maharashtra,Yeotmal,Annual,1998,0.741
RICE_003394,Rice,Orissa,Angul,Annual,1998,0.736
RICE_003395,Rice,Orissa,Balasore,Annual,1998,0.792
RICE_003396,Rice,Orissa,Bargarh,Annual,1998,1.621
RICE_003397,Rice,Orissa,Bhadrak,Annual,1998,1.43
RICE_003398,Rice,Orissa,Bolangir,Annual,1998,0.78
RICE_003399,Rice,Orissa,Boudh,Annual,1998,0.935
RICE_003400,Rice,Orissa,Cuttack,Annual,1998,1.715
RICE_003401,Rice,Orissa,Deogarh,Annual,1998,0.858
RICE_003402,Rice,Orissa,Dhenkanal,Annual,1998,1.495
RICE_003403,Rice,Orissa,Gajapati,Annual,1998,1.796
RICE_003404,Rice,Orissa,Ganjam,Annual,1998,1.74
RICE_003405,Rice,Orissa,Jagatsinghapur,Annual,1998,1.506
RICE_003406,Rice,Orissa,Jajapur,Annual,1998,1.304
RICE_003407,Rice,Orissa,Jharsuguda,Annual,1998,1.044
RICE_003408,Rice,Orissa,Kalahandi,Annual,1998,0.711
RICE_003409,Rice,Orissa,Kendrapara,Annual,1998,1.259
RICE_003410,Rice,Orissa,Keonjhar,Annual,1998,0.733
RICE_003411,Rice,Orissa,Khurda,Annual,1998,1.685
RICE_003412,Rice,Orissa,Koraput,Annual,1998,1.531
RICE_003413,Rice,Orissa,Malkangiri,Annual,1998,1.433
RICE_003414,Rice,Orissa,Mayurbhanja,Annual,1998,0.86
RICE_003415,Rice,Orissa,Nawarangpur,Annual,1998,1.356
RICE_003416,Rice,Orissa,Nayagarh,Annual,1998,1.715
RICE_003417,Rice,Orissa,Nuapada,Annual,1998,0.853
RICE_003418,Rice,Orissa,Phulbani ( Kandhamal ),Annual,1998,1.26
RICE_003419,Rice,Orissa,Puri,Annual,1998,1.207
RICE_003420,Rice,Orissa,Rayagada,Annual,1998,1.699
RICE_003421,Rice,Orissa,Sambalpur,Annual,1998,1.359
RICE_003422,Rice,Orissa,Sonepur,Annual,1998,1.398
RICE_003423,Rice,Orissa,Sundargarh,Annual,1998,0.754
RICE_003424,Rice,Punjab,Amritsar,Annual,1998,2.875
RICE_003425,Rice,Punjab,Bhatinda,Annual,1998,3.417
RICE_003426,Rice,Punjab,Faridkot,Annual,1998,3.0
RICE_003427,Rice,Punjab,Fatehgarh Sahib,Annual,1998,3.265
RICE_003428,Rice,Punjab,Ferozpur,Annual,1998,3.353
RICE_003429,Rice,Punjab,Gurdaspur,Annual,1998,2.786
RICE_003430,Rice,Punjab,Hoshiarpur,Annual,1998,2.914
RICE_003431,Rice,Punjab,Jalandhar,Annual,1998,3.254
RICE_003432,Rice,Punjab,Kapurthala,Annual,1998,3.172
RICE_003433,Rice,Punjab,Ludhiana,Annual,1998,3.274
RICE_003434,Rice,Punjab,Mansa,Annual,1998,2.56
RICE_003435,Rice,Punjab,Moga,Annual,1998,3.5
RICE_003436,Rice,Punjab,Patiala,Annual,1998,3.138
RICE_003437,Rice,Punjab,Roopnagar,Annual,1998,2.783
RICE_003438,Rice,Punjab,S.B.S Nagar,Annual,1998,3.261
RICE_003439,Rice,Punjab,Sangrur,Annual,1998,3.575
RICE_003440,Rice,Punjab,Shri Mukatsar Sahib,Annual,1998,2.87
RICE_003441,Rice,Rajasthan,Ajmer,Annual,1998,1.214
RICE_003442,Rice,Rajasthan,Alwar,Annual,1998,1.223
RICE_003443,Rice,Rajasthan,Banswara,Annual,1998,1.049
RICE_003444,Rice,Rajasthan,Baran,Annual,1998,0.964
RICE_003445,Rice,Rajasthan,Bharatpur,Annual,1998,1.177
RICE_003446,Rice,Rajasthan,Bhilwara,Annual,1998,1.224
RICE_003447,Rice,Rajasthan,Bikaner,Annual,1998,1.0
RICE_003448,Rice,Rajasthan,Bundi,Annual,1998,1.324
RICE_003449,Rice,Rajasthan,Chittorgarh,Annual,1998,1.222
RICE_003450,Rice,Rajasthan,Dausa,Annual,1998,1.214
RICE_003451,Rice,Rajasthan,Dholpur,Annual,1998,1.222
RICE_003452,Rice,Rajasthan,Dungarpur,Annual,1998,0.457
RICE_003453,Rice,Rajasthan,Ganganagar,Annual,1998,1.43
RICE_003454,Rice,Rajasthan,Hanumangarh,Annual,1998,1.918
RICE_003455,Rice,Rajasthan,Jhalawar,Annual,1998,1.223
RICE_003456,Rice,Rajasthan,Karoli,Annual,1998,0.825
RICE_003457,Rice,Rajasthan,Kota,Annual,1998,1.477
RICE_003458,Rice,Rajasthan,Pali,Annual,1998,1.286
RICE_003459,Rice,Rajasthan,Rajsamand,Annual,1998,1.222
RICE_003460,Rice,Rajasthan,Sirohi,Annual,1998,1.273
RICE_003461,Rice,Rajasthan,Swami Madhopur,Annual,1998,1.222
RICE_003462,Rice,Rajasthan,Tonk,Annual,1998,1.212
RICE_003463,Rice,Rajasthan,Udaipur,Annual,1998,0.623
RICE_003464,Rice,Tamil Nadu,Chengalpattu Mgr / Kancheepuram,Annual,1998,3.486
RICE_003465,Rice,Tamil Nadu,Chidambanar / Toothukudi,Annual,1998,4.462
RICE_003466,Rice,Tamil Nadu,Coimbatore,Annual,1998,3.61
RICE_003467,Rice,Tamil Nadu,Dharmapuri,Annual,1998,3.688
RICE_003468,Rice,Tamil Nadu,Dindigul Anna,Annual,1998,5.463
RICE_003469,Rice,Tamil Nadu,Kanyakumari,Annual,1998,4.774
RICE_003470,Rice,Tamil Nadu,Karur,Annual,1998,4.145
RICE_003471,Rice,Tamil Nadu,Madurai,Annual,1998,4.699
RICE_003472,Rice,Tamil Nadu,Nagapattinam,Annual,1998,2.852
RICE_003473,Rice,Tamil Nadu,Namakkal,Annual,1998,4.889
RICE_003474,Rice,Tamil Nadu,North Arcot / Vellore,Annual,1998,3.836
RICE_003475,Rice,Tamil Nadu,Perambular,Annual,1998,2.706
RICE_003476,Rice,Tamil Nadu,Periyar (Erode),Annual,1998,4.703
RICE_003477,Rice,Tamil Nadu,Pudukkottai,Annual,1998,3.158
RICE_003478,Rice,Tamil Nadu,Ramananthapuram,Annual,1998,2.852
RICE_003479,Rice,Tamil Nadu,Salem,Annual,1998,4.427
RICE_003480,Rice,Tamil Nadu,Sivagangai / Pasumpon,Annual,1998,3.082
RICE_003481,Rice,Tamil Nadu,South Arcot / Cuddalore,Annual,1998,3.348
RICE_003482,Rice,Tamil Nadu,Thanjavur,Annual,1998,3.147
RICE_003483,Rice,Tamil Nadu,The Nilgiris,Annual,1998,4.049
RICE_003484,Rice,Tamil Nadu,Theni,Annual,1998,3.749
RICE_003485,Rice,Tamil Nadu,Thirunelveli,Annual,1998,4.504
RICE_003486,Rice,Tamil Nadu,Thiruvallur,Annual,1998,3.921
RICE_003487,Rice,Tamil Nadu,Thiruvannamalai,Annual,1998,3.312
RICE_003488,Rice,Tamil Nadu,Tiruchirapalli / Trichy,Annual,1998,4.272
RICE_003489,Rice,Tamil Nadu,Tiruvarur,Annual,1998,2.988
RICE_003490,Rice,Tamil Nadu,Villupuram,Annual,1998,3.659
RICE_003491,Rice,Tamil Nadu,Virudhunagar / Kamarajar,Annual,1998,4.183
RICE_003492,Rice,Telangana,Adilabad,Annual,1998,2.342
RICE_003493,Rice,Telangana,Karimnagar,Annual,1998,3.24
RICE_003494,Rice,Telangana,Khammam,Annual,1998,2.731
RICE_003495,Rice,Telangana,Mahabubnagar,Annual,1998,1.986
RICE_003496,Rice,Telangana,Medak,Annual,1998,2.463
RICE_003497,Rice,Telangana,Nalgonda,Annual,1998,2.906
RICE_003498,Rice,Telangana,Nizamabad,Annual,1998,2.742
RICE_003499,Rice,Telangana,Rangareddy,Annual,1998,2.2
RICE_003500,Rice,Telangana,Warangal,Annual,1998,2.768
RICE_003501,Rice,Uttar Pradesh,Agra,Annual,1998,2.264
RICE_003502,Rice,Uttar Pradesh,Aligarh,Annual,1998,1.582
RICE_003503,Rice,Uttar Pradesh,Allahabad,Annual,1998,1.784
RICE_003504,Rice,Uttar Pradesh,Ambedkar Nagar,Annual,1998,2.329
RICE_003505,Rice,Uttar Pradesh,Amroha/J.B.Fulenagar,Annual,1998,2.379
RICE_003506,Rice,Uttar Pradesh,Auraiya,Annual,1998,2.614
RICE_003507,Rice,Uttar Pradesh,Azamgarh,Annual,1998,1.742
RICE_003508,Rice,Uttar Pradesh,Bagpat,Annual,1998,2.004
RICE_003509,Rice,Uttar Pradesh,Bahraich,Annual,1998,1.676
RICE_003510,Rice,Uttar Pradesh,Ballia,Annual,1998,1.834
RICE_003511,Rice,Uttar Pradesh,Balrampur,Annual,1998,1.71
RICE_003512,Rice,Uttar Pradesh,Banda,Annual,1998,1.488
RICE_003513,Rice,Uttar Pradesh,Barabanki,Annual,1998,2.152
RICE_003514,Rice,Uttar Pradesh,Bareilly,Annual,1998,2.091
RICE_003515,Rice,Uttar Pradesh,Basti,Annual,1998,1.477
RICE_003516,Rice,Uttar Pradesh,Bijnor,Annual,1998,2.817
RICE_003517,Rice,Uttar Pradesh,Budaun,Annual,1998,1.746
RICE_003518,Rice,Uttar Pradesh,Buland Shahar,Annual,1998,2.246
RICE_003519,Rice,Uttar Pradesh,Chandauli,Annual,1998,2.718
RICE_003520,Rice,Uttar Pradesh,Chitrakoot,Annual,1998,1.621
RICE_003521,Rice,Uttar Pradesh,Deoria,Annual,1998,1.711
RICE_003522,Rice,Uttar Pradesh,Etah,Annual,1998,2.062
RICE_003523,Rice,Uttar Pradesh,Etawah,Annual,1998,2.231
RICE_003524,Rice,Uttar Pradesh,Faizabad,Annual,1998,1.879
RICE_003525,Rice,Uttar Pradesh,Farrukhabad,Annual,1998,2.021
RICE_003526,Rice,Uttar Pradesh,Fatehpur,Annual,1998,1.834
RICE_003527,Rice,Uttar Pradesh,Firozabad,Annual,1998,1.817
RICE_003528,Rice,Uttar Pradesh,G.B.Nagar,Annual,1998,2.029
RICE_003529,Rice,Uttar Pradesh,Ghaziabad,Annual,1998,2.009
RICE_003530,Rice,Uttar Pradesh,Ghazipur,Annual,1998,1.975
RICE_003531,Rice,Uttar Pradesh,Gonda,Annual,1998,1.824
RICE_003532,Rice,Uttar Pradesh,Gorakhpur,Annual,1998,1.415
RICE_003533,Rice,Uttar Pradesh,Hamirpur,Annual,1998,1.62
RICE_003534,Rice,Uttar Pradesh,Hardoi,Annual,1998,2.054
RICE_003535,Rice,Uttar Pradesh,Hathras,Annual,1998,2.264
RICE_003536,Rice,Uttar Pradesh,Jalaun,Annual,1998,0.758
RICE_003537,Rice,Uttar Pradesh,Jaunpur,Annual,1998,1.857
RICE_003538,Rice,Uttar Pradesh,Jhansi,Annual,1998,0.758
RICE_003539,Rice,Uttar Pradesh,Kannauj,Annual,1998,2.035
RICE_003540,Rice,Uttar Pradesh,Kanpur Dehat,Annual,1998,2.291
RICE_003541,Rice,Uttar Pradesh,Kanpur Nagar,Annual,1998,2.074
RICE_003542,Rice,Uttar Pradesh,Kheri,Annual,1998,2.23
RICE_003543,Rice,Uttar Pradesh,Kushambi,Annual,1998,1.55
RICE_003544,Rice,Uttar Pradesh,Kushi Nagar / Padrauna,Annual,1998,2.605
RICE_003545,Rice,Uttar Pradesh,Lalitpur,Annual,1998,0.759
RICE_003546,Rice,Uttar Pradesh,Lucknow,Annual,1998,1.648
RICE_003547,Rice,Uttar Pradesh,Mahoba,Annual,1998,1.62
RICE_003548,Rice,Uttar Pradesh,Mahrajgani,Annual,1998,2.125
RICE_003549,Rice,Uttar Pradesh,Mainpuri,Annual,1998,2.132
RICE_003550,Rice,Uttar Pradesh,Mathura,Annual,1998,1.911
RICE_003551,Rice,Uttar Pradesh,Mau,Annual,1998,1.766
RICE_003552,Rice,Uttar Pradesh,Meerut,Annual,1998,2.174
RICE_003553,Rice,Uttar Pradesh,Mirzpur,Annual,1998,2.186
RICE_003554,Rice,Uttar Pradesh,Moradabad,Annual,1998,2.143
RICE_003555,Rice,Uttar Pradesh,Muzaffarnagar,Annual,1998,2.534
RICE_003556,Rice,Uttar Pradesh,Pilibhit,Annual,1998,2.606
RICE_003557,Rice,Uttar Pradesh,Pratapgarh,Annual,1998,1.564
RICE_003558,Rice,Uttar Pradesh,Rae-Bareily,Annual,1998,1.706
RICE_003559,Rice,Uttar Pradesh,Rampur,Annual,1998,1.843
RICE_003560,Rice,Uttar Pradesh,Saharanpur,Annual,1998,2.422
RICE_003561,Rice,Uttar Pradesh,Santh Kabir Nagar,Annual,1998,1.351
RICE_003562,Rice,Uttar Pradesh,Santh Ravi Das Nagar / Bhadoi,Annual,1998,2.121
RICE_003563,Rice,Uttar Pradesh,Shahjahanpur,Annual,1998,2.213
RICE_003564,Rice,Uttar Pradesh,Shravasti,Annual,1998,1.63
RICE_003565,Rice,Uttar Pradesh,Sidharthnagar,Annual,1998,1.049
RICE_003566,Rice,Uttar Pradesh,Sitapur,Annual,1998,1.775
RICE_003567,Rice,Uttar Pradesh,Sonbhadra,Annual,1998,1.828
RICE_003568,Rice,Uttar Pradesh,Sultanpur,Annual,1998,1.987
RICE_003569,Rice,Uttar Pradesh,Unnao,Annual,1998,1.476
RICE_003570,Rice,Uttar Pradesh,Varanasi,Annual,1998,2.433
RICE_003571,Rice,Uttarakhand,Almorah,Annual,1998,1.086
RICE_003572,Rice,Uttarakhand,Bageshwar,Annual,1998,1.393
RICE_003573,Rice,Uttarakhand,Chamoli,Annual,1998,1.28
RICE_003574,Rice,Uttarakhand,Champavat,Annual,1998,1.174
RICE_003575,Rice,Uttarakhand,Dehradun,Annual,1998,2.059
RICE_003576,Rice,Uttarakhand,Garhwal,Annual,1998,1.127
RICE_003577,Rice,Uttarakhand,Haridwar,Annual,1998,2.188
RICE_003578,Rice,Uttarakhand,Nainital,Annual,1998,2.372
RICE_003579,Rice,Uttarakhand,Pithorgarh,Annual,1998,1.272
RICE_003580,Rice,Uttarakhand,Rudraprayag,Annual,1998,1.218
RICE_003581,Rice,Uttarakhand,Tehri Garhwal,Annual,1998,1.448
RICE_003582,Rice,Uttarakhand,Udham Singh Nagar,Annual,1998,2.389
RICE_003583,Rice,Uttarakhand,Uttar Kashi,Annual,1998,1.633
RICE_003584,Rice,West Bengal,24-Paraganas North,Annual,1998,2.573
RICE_003585,Rice,West Bengal,24-Paraganas South,Annual,1998,1.672
RICE_003586,Rice,West Bengal,Bankura,Annual,1998,2.407
RICE_003587,Rice,West Bengal,Birbhum,Annual,1998,2.975
RICE_003588,Rice,West Bengal,Burdwan,Annual,1998,3.062
RICE_003589,Rice,West Bengal,Cooch Behar,Annual,1998,1.306
RICE_003590,Rice,West Bengal,Dakshin Dinajpur,Annual,1998,2.161
RICE_003591,Rice,West Bengal,Darjeeling,Annual,1998,1.079
RICE_003592,Rice,West Bengal,East Midnapore / Purba Midnapore,Annual,1998,1.893
RICE_003593,Rice,West Bengal,Hooghly,Annual,1998,2.561
RICE_003594,Rice,West Bengal,Jalpaiguri,Annual,1998,1.162
RICE_003595,Rice,West Bengal,Jhargram,Annual,1998,1.895
RICE_003596,Rice,West Bengal,Malda,Annual,1998,2.147
RICE_003597,Rice,West Bengal,Murshidabad,Annual,1998,2.739
RICE_003598,Rice,West Bengal,Nadia,Annual,1998,2.765
RICE_003599,Rice,West Bengal,Purulia,Annual,1998,1.474
RICE_003600,Rice,West Bengal,Uttar Dinajpur,Annual,1998,2.175
RICE_003601,Rice,West Bengal,West Midnapore,Annual,1998,2.031
RICE_003602,Rice,Andhra Pradesh,Anantapur,Annual,1999,2.588
RICE_003603,Rice,Andhra Pradesh,Chittoor,Annual,1999,2.03
RICE_003604,Rice,Andhra Pradesh,East Godavari,Annual,1999,3.136
RICE_003605,Rice,Andhra Pradesh,Guntur,Annual,1999,3.219
RICE_003606,Rice,Andhra Pradesh,Kadapa Ysr,Annual,1999,2.393
RICE_003607,Rice,Andhra Pradesh,Krishna,Annual,1999,3.18
RICE_003608,Rice,Andhra Pradesh,Kurnool,Annual,1999,2.776
RICE_003609,Rice,Andhra Pradesh,Prakasam,Annual,1999,2.559
RICE_003610,Rice,Andhra Pradesh,S.P.S. Nellore,Annual,1999,2.744
RICE_003611,Rice,Andhra Pradesh,Srikakulam,Annual,1999,1.727
RICE_003612,Rice,Andhra Pradesh,Visakhapatnam,Annual,1999,1.361
RICE_003613,Rice,Andhra Pradesh,Vizianagaram,Annual,1999,1.921
RICE_003614,Rice,Andhra Pradesh,West Godavari,Annual,1999,3.185
RICE_003615,Rice,Assam,Barpeta,Annual,1999,1.156
RICE_003616,Rice,Assam,Bongaigaon,Annual,1999,0.994
RICE_003617,Rice,Assam,Cachar,Annual,1999,1.758
RICE_003618,Rice,Assam,Darrang,Annual,1999,1.126
RICE_003619,Rice,Assam,Dhemaji,Annual,1999,1.331
RICE_003620,Rice,Assam,Dhubri,Annual,1999,1.453
RICE_003621,Rice,Assam,Dibrugarh,Annual,1999,1.584
RICE_003622,Rice,Assam,Goalpara,Annual,1999,1.508
RICE_003623,Rice,Assam,Golaghat,Annual,1999,1.822
RICE_003624,Rice,Assam,Hailakandi,Annual,1999,1.497
RICE_003625,Rice,Assam,Jorhat,Annual,1999,1.745
RICE_003626,Rice,Assam,Kamrup,Annual,1999,1.419
RICE_003627,Rice,Assam,Karbi Anglong,Annual,1999,1.489
RICE_003628,Rice,Assam,Karimganj,Annual,1999,1.672
RICE_003629,Rice,Assam,Kokrajhar,Annual,1999,1.109
RICE_003630,Rice,Assam,Lakhimpur,Annual,1999,1.106
RICE_003631,Rice,Assam,Marigaon,Annual,1999,1.933
RICE_003632,Rice,Assam,Nagaon,Annual,1999,1.846
RICE_003633,Rice,Assam,Nalbari,Annual,1999,1.192
RICE_003634,Rice,Assam,North Cachar Hil,Annual,1999,1.616
RICE_003635,Rice,Assam,Sibsagar,Annual,1999,1.814
RICE_003636,Rice,Assam,Sonitpur,Annual,1999,1.382
RICE_003637,Rice,Assam,Tinsukia,Annual,1999,1.495
RICE_003638,Rice,Bihar,Araria,Annual,1999,1.413
RICE_003639,Rice,Bihar,Aurangabad,Annual,1999,2.188
RICE_003640,Rice,Bihar,Banka,Annual,1999,1.328
RICE_003641,Rice,Bihar,Begusarai,Annual,1999,0.403
RICE_003642,Rice,Bihar,Bhabhua / Kaimur,Annual,1999,3.538
RICE_003643,Rice,Bihar,Bhagalpur,Annual,1999,0.883
RICE_003644,Rice,Bihar,Bhojpur,Annual,1999,3.862
RICE_003645,Rice,Bihar,Buxar,Annual,1999,3.667
RICE_003646,Rice,Bihar,Champaran (East),Annual,1999,2.557
RICE_003647,Rice,Bihar,Champaran (West),Annual,1999,4.256
RICE_003648,Rice,Bihar,Darbhanga,Annual,1999,1.3
RICE_003649,Rice,Bihar,Gaya,Annual,1999,5.077
RICE_003650,Rice,Bihar,Gopalganj,Annual,1999,1.59
RICE_003651,Rice,Bihar,Jamui,Annual,1999,1.122
RICE_003652,Rice,Bihar,Jehanabad,Annual,1999,3.921
RICE_003653,Rice,Bihar,Katihar,Annual,1999,1.387
RICE_003654,Rice,Bihar,Khagaria,Annual,1999,0.581
RICE_003655,Rice,Bihar,Kishanganj,Annual,1999,1.5
RICE_003656,Rice,Bihar,Lakhisarai,Annual,1999,0.98
RICE_003657,Rice,Bihar,Madhepura,Annual,1999,1.455
RICE_003658,Rice,Bihar,Madhubani,Annual,1999,2.941
RICE_003659,Rice,Bihar,Mungair,Annual,1999,2.158
RICE_003660,Rice,Bihar,Muzaffarpur,Annual,1999,1.536
RICE_003661,Rice,Bihar,Nalanda,Annual,1999,2.476
RICE_003662,Rice,Bihar,Nawada,Annual,1999,2.82
RICE_003663,Rice,Bihar,Patna,Annual,1999,3.099
RICE_003664,Rice,Bihar,Purnea,Annual,1999,1.311
RICE_003665,Rice,Bihar,Rohtas,Annual,1999,2.72
RICE_003666,Rice,Bihar,Saharsa,Annual,1999,1.349
RICE_003667,Rice,Bihar,Samastipur,Annual,1999,1.926
RICE_003668,Rice,Bihar,Saran,Annual,1999,1.56
RICE_003669,Rice,Bihar,Sheikapura,Annual,1999,2.889
RICE_003670,Rice,Bihar,Sheohar,Annual,1999,2.667
RICE_003671,Rice,Bihar,Sitamarhi,Annual,1999,2.066
RICE_003672,Rice,Bihar,Siwan,Annual,1999,1.532
RICE_003673,Rice,Bihar,Supaul,Annual,1999,1.212
RICE_003674,Rice,Bihar,Vaishali,Annual,1999,1.829
RICE_003675,Rice,Chhattisgarh,Bastar,Annual,1999,1.131
RICE_003676,Rice,Chhattisgarh,Bilaspur,Annual,1999,1.457
RICE_003677,Rice,Chhattisgarh,Dantewara,Annual,1999,0.889
RICE_003678,Rice,Chhattisgarh,Dhamtari,Annual,1999,1.574
RICE_003679,Rice,Chhattisgarh,Durg,Annual,1999,1.314
RICE_003680,Rice,Chhattisgarh,Janjgir,Annual,1999,1.701
RICE_003681,Rice,Chhattisgarh,Jashpur,Annual,1999,1.012
RICE_003682,Rice,Chhattisgarh,Kanker,Annual,1999,1.224
RICE_003683,Rice,Chhattisgarh,Kawardha,Annual,1999,1.135
RICE_003684,Rice,Chhattisgarh,Korba,Annual,1999,1.161
RICE_003685,Rice,Chhattisgarh,Koriya,Annual,1999,1.427
RICE_003686,Rice,Chhattisgarh,Mahasmund,Annual,1999,1.431
RICE_003687,Rice,Chhattisgarh,Raigarh,Annual,1999,1.218
RICE_003688,Rice,Chhattisgarh,Raipur,Annual,1999,1.421
RICE_003689,Rice,Chhattisgarh,Rajnandgaon,Annual,1999,1.164
RICE_003690,Rice,Chhattisgarh,Surguja,Annual,1999,1.072
RICE_003691,Rice,Gujarat,Ahmedabad,Annual,1999,1.07
RICE_003692,Rice,Gujarat,Amreli,Annual,1999,1.0
RICE_003693,Rice,Gujarat,Bharuch,Annual,1999,0.841
RICE_003694,Rice,Gujarat,Bhavnagar,Annual,1999,3.0
RICE_003695,Rice,Gujarat,Dangs,Annual,1999,0.991
RICE_003696,Rice,Gujarat,Gandhinagar,Annual,1999,3.065
RICE_003697,Rice,Gujarat,Junagadh,Annual,1999,1.0
RICE_003698,Rice,Gujarat,Kheda,Annual,1999,1.941
RICE_003699,Rice,Gujarat,Mehsana,Annual,1999,1.471
RICE_003700,Rice,Gujarat,Panchmahal,Annual,1999,0.236
RICE_003701,Rice,Gujarat,Sabarkantha,Annual,1999,1.596
RICE_003702,Rice,Gujarat,Surat,Annual,1999,2.014
RICE_003703,Rice,Gujarat,Surendranagar,Annual,1999,1.875
RICE_003704,Rice,Gujarat,Vadodara,Annual,1999,0.671
RICE_003705,Rice,Gujarat,Valsad,Annual,1999,2.098
RICE_003706,Rice,Haryana,Ambala,Annual,1999,2.853
RICE_003707,Rice,Haryana,Bhiwani,Annual,1999,2.329
RICE_003708,Rice,Haryana,Faridabad,Annual,1999,2.014
RICE_003709,Rice,Haryana,Fatehabad,Annual,1999,2.367
RICE_003710,Rice,Haryana,Gurgaon,Annual,1999,2.316
RICE_003711,Rice,Haryana,Hissar,Annual,1999,2.399
RICE_003712,Rice,Haryana,Jhajjar,Annual,1999,0.933
RICE_003713,Rice,Haryana,Jind,Annual,1999,1.76
RICE_003714,Rice,Haryana,Kaithal,Annual,1999,2.234
RICE_003715,Rice,Haryana,Karnal,Annual,1999,2.768
RICE_003716,Rice,Haryana,Kurukshetra,Annual,1999,3.181
RICE_003717,Rice,Haryana,Panchkula,Annual,1999,2.813
RICE_003718,Rice,Haryana,Panipat,Annual,1999,2.037
RICE_003719,Rice,Haryana,Rewari,Annual,1999,1.818
RICE_003720,Rice,Haryana,Rohtak,Annual,1999,0.912
RICE_003721,Rice,Haryana,Sirsa,Annual,1999,3.02
RICE_003722,Rice,Haryana,Sonepat,Annual,1999,1.789
RICE_003723,Rice,Haryana,Yamunanagar,Annual,1999,2.92
RICE_003724,Rice,Himachal Pradesh,Bilashpur,Annual,1999,1.604
RICE_003725,Rice,Himachal Pradesh,Chamba,Annual,1999,1.399
RICE_003726,Rice,Himachal Pradesh,Hamirpur,Annual,1999,1.611
RICE_003727,Rice,Himachal Pradesh,Kangra,Annual,1999,1.451
RICE_003728,Rice,Himachal Pradesh,Kinnaur,Annual,1999,1.5
RICE_003729,Rice,Himachal Pradesh,Kullu,Annual,1999,1.304
RICE_003730,Rice,Himachal Pradesh,Mandi,Annual,1999,1.499
RICE_003731,Rice,Himachal Pradesh,Shimla,Annual,1999,1.14
RICE_003732,Rice,Himachal Pradesh,Sirmaur,Annual,1999,1.511
RICE_003733,Rice,Himachal Pradesh,Solan,Annual,1999,1.851
RICE_003734,Rice,Himachal Pradesh,Una,Annual,1999,2.186
RICE_003735,Rice,Jharkhand,Bokaro,Annual,1999,0.975
RICE_003736,Rice,Jharkhand,Chatra,Annual,1999,1.075
RICE_003737,Rice,Jharkhand,Devghar / Deogarh,Annual,1999,1.241
RICE_003738,Rice,Jharkhand,Dhanbad,Annual,1999,0.976
RICE_003739,Rice,Jharkhand,Gadva / Garhwa,Annual,1999,0.668
RICE_003740,Rice,Jharkhand,Giridih,Annual,1999,1.058
RICE_003741,Rice,Jharkhand,Godda,Annual,1999,0.701
RICE_003742,Rice,Jharkhand,Gumla,Annual,1999,0.672
RICE_003743,Rice,Jharkhand,Hazaribagh,Annual,1999,0.955
RICE_003744,Rice,Jharkhand,Khodrama / Koderma,Annual,1999,0.975
RICE_003745,Rice,Jharkhand,Lohardagga,Annual,1999,0.799
RICE_003746,Rice,Jharkhand,Palamau,Annual,1999,0.769
RICE_003747,Rice,Jharkhand,Ranchi,Annual,1999,0.915
RICE_003748,Rice,Jharkhand,Sahebganj,Annual,1999,0.98
RICE_003749,Rice,Jharkhand,Santhal Paragana / Dumka,Annual,1999,1.078
RICE_003750,Rice,Jharkhand,Singhbhum East,Annual,1999,1.103
RICE_003751,Rice,Jharkhand,Singhbhum West,Annual,1999,0.602
RICE_003752,Rice,Karnataka,Bagalkote,Annual,1999,1.578
RICE_003753,Rice,Karnataka,Bangalore (Rural),Annual,1999,2.754
RICE_003754,Rice,Karnataka,Bangalore (Urban),Annual,1999,2.599
RICE_003755,Rice,Karnataka,Belgaum,Annual,1999,1.886
RICE_003756,Rice,Karnataka,Bellary,Annual,1999,3.236
RICE_003757,Rice,Karnataka,Bidar,Annual,1999,0.836
RICE_003758,Rice,Karnataka,Bijapur,Annual,1999,1.386
RICE_003759,Rice,Karnataka,Chamaraja Nagar,Annual,1999,2.999
RICE_003760,Rice,Karnataka,Chickmagalur,Annual,1999,2.432
RICE_003761,Rice,Karnataka,Chitradurga,Annual,1999,2.477
RICE_003762,Rice,Karnataka,Dakshina Kannada,Annual,1999,2.057
RICE_003763,Rice,Karnataka,Davanagere,Annual,1999,3.331
RICE_003764,Rice,Karnataka,Dharwad,Annual,1999,1.007
RICE_003765,Rice,Karnataka,Gadag,Annual,1999,2.485
RICE_003766,Rice,Karnataka,Gulbarga,Annual,1999,2.155
RICE_003767,Rice,Karnataka,Hassan,Annual,1999,2.729
RICE_003768,Rice,Karnataka,Haveri,Annual,1999,1.699
RICE_003769,Rice,Karnataka,Kodagu,Annual,1999,2.305
RICE_003770,Rice,Karnataka,Kolar,Annual,1999,2.104
RICE_003771,Rice,Karnataka,Koppal,Annual,1999,3.538
RICE_003772,Rice,Karnataka,Mandya,Annual,1999,3.122
RICE_003773,Rice,Karnataka,Mysore,Annual,1999,2.851
RICE_003774,Rice,Karnataka,Raichur,Annual,1999,3.107
RICE_003775,Rice,Karnataka,Shimoge,Annual,1999,2.381
RICE_003776,Rice,Karnataka,Tumkur,Annual,1999,2.672
RICE_003777,Rice,Karnataka,Udupi,Annual,1999,1.773
RICE_003778,Rice,Karnataka,Uttara Kannada,Annual,1999,1.675
RICE_003779,Rice,Kerala,Alappuzha,Annual,1999,2.607
RICE_003780,Rice,Kerala,Eranakulam,Annual,1999,1.919
RICE_003781,Rice,Kerala,Idukki,Annual,1999,2.488
RICE_003782,Rice,Kerala,Kannur,Annual,1999,1.691
RICE_003783,Rice,Kerala,Kasaragod,Annual,1999,1.907
RICE_003784,Rice,Kerala,Kollam,Annual,1999,2.013
RICE_003785,Rice,Kerala,Kottayam,Annual,1999,2.619
RICE_003786,Rice,Kerala,Kozhikode,Annual,1999,1.343
RICE_003787,Rice,Kerala,Malappuram,Annual,1999,1.793
RICE_003788,Rice,Kerala,Palakkad,Annual,1999,2.287
RICE_003789,Rice,Kerala,Pathanamthitta,Annual,1999,2.775
RICE_003790,Rice,Kerala,Thiruvananthapuram,Annual,1999,2.202
RICE_003791,Rice,Kerala,Thrissur,Annual,1999,2.15
RICE_003792,Rice,Kerala,Wayanad,Annual,1999,2.587
RICE_003793,Rice,Madhya Pradesh,Balaghat,Annual,1999,1.335
RICE_003794,Rice,Madhya Pradesh,Barwani,Annual,1999,0.5
RICE_003795,Rice,Madhya Pradesh,Betul,Annual,1999,1.218
RICE_003796,Rice,Madhya Pradesh,Bhind,Annual,1999,2.168
RICE_003797,Rice,Madhya Pradesh,Bhopal,Annual,1999,0.833
RICE_003798,Rice,Madhya Pradesh,Chhatarpur,Annual,1999,1.046
RICE_003799,Rice,Madhya Pradesh,Chhindwara,Annual,1999,0.831
RICE_003800,Rice,Madhya Pradesh,Damoh,Annual,1999,0.835
RICE_003801,Rice,Madhya Pradesh,Datia,Annual,1999,1.417
RICE_003802,Rice,Madhya Pradesh,Dewas,Annual,1999,0.75
RICE_003803,Rice,Madhya Pradesh,Dhar,Annual,1999,0.567
RICE_003804,Rice,Madhya Pradesh,Dindori,Annual,1999,1.132
RICE_003805,Rice,Madhya Pradesh,Guna,Annual,1999,1.0
RICE_003806,Rice,Madhya Pradesh,Gwalior,Annual,1999,2.229
RICE_003807,Rice,Madhya Pradesh,Harda,Annual,1999,1.368
RICE_003808,Rice,Madhya Pradesh,Hoshangabad,Annual,1999,1.517
RICE_003809,Rice,Madhya Pradesh,Jabalpur,Annual,1999,1.168
RICE_003810,Rice,Madhya Pradesh,Jhabua,Annual,1999,0.694
RICE_003811,Rice,Madhya Pradesh,Katni,Annual,1999,0.996
RICE_003812,Rice,Madhya Pradesh,Khandwa,Annual,1999,1.157
RICE_003813,Rice,Madhya Pradesh,Khargone,Annual,1999,0.493
RICE_003814,Rice,Madhya Pradesh,Mandla,Annual,1999,0.796
RICE_003815,Rice,Madhya Pradesh,Morena,Annual,1999,2.273
RICE_003816,Rice,Madhya Pradesh,Narsinghpur,Annual,1999,1.277
RICE_003817,Rice,Madhya Pradesh,Panna,Annual,1999,0.737
RICE_003818,Rice,Madhya Pradesh,Raisen,Annual,1999,1.049
RICE_003819,Rice,Madhya Pradesh,Rajgarh,Annual,1999,0.933
RICE_003820,Rice,Madhya Pradesh,Ratlam,Annual,1999,0.824
RICE_003821,Rice,Madhya Pradesh,Rewa,Annual,1999,0.593
RICE_003822,Rice,Madhya Pradesh,Sagar,Annual,1999,0.713
RICE_003823,Rice,Madhya Pradesh,Satna,Annual,1999,0.595
RICE_003824,Rice,Madhya Pradesh,Sehore,Annual,1999,0.889
RICE_003825,Rice,Madhya Pradesh,Seoni,Annual,1999,1.378
RICE_003826,Rice,Madhya Pradesh,Shahdol,Annual,1999,0.913
RICE_003827,Rice,Madhya Pradesh,Shajapur,Annual,1999,0.857
RICE_003828,Rice,Madhya Pradesh,Sheopur Kalan,Annual,1999,2.743
RICE_003829,Rice,Madhya Pradesh,Shivpuri,Annual,1999,1.283
RICE_003830,Rice,Madhya Pradesh,Sidhi,Annual,1999,0.704
RICE_003831,Rice,Madhya Pradesh,Tikamgarh,Annual,1999,0.975
RICE_003832,Rice,Madhya Pradesh,Umaria,Annual,1999,0.693
RICE_003833,Rice,Madhya Pradesh,Vidisha,Annual,1999,0.714
RICE_003834,Rice,Maharashtra,Ahmednagar,Annual,1999,1.404
RICE_003835,Rice,Maharashtra,Amarawati,Annual,1999,0.636
RICE_003836,Rice,Maharashtra,Aurangabad,Annual,1999,0.444
RICE_003837,Rice,Maharashtra,Beed,Annual,1999,0.454
RICE_003838,Rice,Maharashtra,Bhandara,Annual,1999,1.567
RICE_003839,Rice,Maharashtra,Buldhana,Annual,1999,0.5
RICE_003840,Rice,Maharashtra,Chandrapur,Annual,1999,1.505
RICE_003841,Rice,Maharashtra,Dhule,Annual,1999,0.959
RICE_003842,Rice,Maharashtra,Gadchiroli,Annual,1999,1.383
RICE_003843,Rice,Maharashtra,Gondia,Annual,1999,1.298
RICE_003844,Rice,Maharashtra,Hingoli,Annual,1999,0.6
RICE_003845,Rice,Maharashtra,Jalgaon,Annual,1999,0.944
RICE_003846,Rice,Maharashtra,Jalna,Annual,1999,0.538
RICE_003847,Rice,Maharashtra,Kolhapur,Annual,1999,2.537
RICE_003848,Rice,Maharashtra,Latur,Annual,1999,0.594
RICE_003849,Rice,Maharashtra,Nagpur,Annual,1999,1.119
RICE_003850,Rice,Maharashtra,Nanded,Annual,1999,0.598
RICE_003851,Rice,Maharashtra,Nandurbar,Annual,1999,0.438
RICE_003852,Rice,Maharashtra,Nasik,Annual,1999,1.197
RICE_003853,Rice,Maharashtra,Osmanabad,Annual,1999,0.559
RICE_003854,Rice,Maharashtra,Parbhani,Annual,1999,0.462
RICE_003855,Rice,Maharashtra,Pune,Annual,1999,1.446
RICE_003856,Rice,Maharashtra,Raigad,Annual,1999,2.421
RICE_003857,Rice,Maharashtra,Ratnagiri,Annual,1999,2.413
RICE_003858,Rice,Maharashtra,Sangli,Annual,1999,2.637
RICE_003859,Rice,Maharashtra,Satara,Annual,1999,1.616
RICE_003860,Rice,Maharashtra,Sindhudurg,Annual,1999,2.269
RICE_003861,Rice,Maharashtra,Solapur,Annual,1999,1.313
RICE_003862,Rice,Maharashtra,Thane,Annual,1999,2.13
RICE_003863,Rice,Maharashtra,Wardha,Annual,1999,0.6
RICE_003864,Rice,Maharashtra,Washim,Annual,1999,0.632
RICE_003865,Rice,Maharashtra,Yeotmal,Annual,1999,0.868
RICE_003866,Rice,Orissa,Angul,Annual,1999,1.305
RICE_003867,Rice,Orissa,Balasore,Annual,1999,1.005
RICE_003868,Rice,Orissa,Bargarh,Annual,1999,2.143
RICE_003869,Rice,Orissa,Bhadrak,Annual,1999,0.725
RICE_003870,Rice,Orissa,Bolangir,Annual,1999,1.238
RICE_003871,Rice,Orissa,Boudh,Annual,1999,1.478
RICE_003872,Rice,Orissa,Cuttack,Annual,1999,0.655
RICE_003873,Rice,Orissa,Deogarh,Annual,1999,1.143
RICE_003874,Rice,Orissa,Dhenkanal,Annual,1999,0.848
RICE_003875,Rice,Orissa,Gajapati,Annual,1999,1.621
RICE_003876,Rice,Orissa,Ganjam,Annual,1999,0.757
RICE_003877,Rice,Orissa,Jagatsinghapur,Annual,1999,0.364
RICE_003878,Rice,Orissa,Jajapur,Annual,1999,0.669
RICE_003879,Rice,Orissa,Jharsuguda,Annual,1999,1.651
RICE_003880,Rice,Orissa,Kalahandi,Annual,1999,1.22
RICE_003881,Rice,Orissa,Kendrapara,Annual,1999,0.529
RICE_003882,Rice,Orissa,Keonjhar,Annual,1999,0.808
RICE_003883,Rice,Orissa,Khurda,Annual,1999,0.791
RICE_003884,Rice,Orissa,Koraput,Annual,1999,1.401
RICE_003885,Rice,Orissa,Malkangiri,Annual,1999,1.234
RICE_003886,Rice,Orissa,Mayurbhanja,Annual,1999,1.156
RICE_003887,Rice,Orissa,Nawarangpur,Annual,1999,1.543
RICE_003888,Rice,Orissa,Nayagarh,Annual,1999,0.705
RICE_003889,Rice,Orissa,Nuapada,Annual,1999,1.045
RICE_003890,Rice,Orissa,Phulbani ( Kandhamal ),Annual,1999,1.356
RICE_003891,Rice,Orissa,Puri,Annual,1999,0.86
RICE_003892,Rice,Orissa,Rayagada,Annual,1999,1.522
RICE_003893,Rice,Orissa,Sambalpur,Annual,1999,1.848
RICE_003894,Rice,Orissa,Sonepur,Annual,1999,1.967
RICE_003895,Rice,Orissa,Sundargarh,Annual,1999,1.02
RICE_003896,Rice,Punjab,Amritsar,Annual,1999,3.107
RICE_003897,Rice,Punjab,Bhatinda,Annual,1999,3.455
RICE_003898,Rice,Punjab,Faridkot,Annual,1999,3.389
RICE_003899,Rice,Punjab,Fatehgarh Sahib,Annual,1999,3.683
RICE_003900,Rice,Punjab,Ferozpur,Annual,1999,3.507
RICE_003901,Rice,Punjab,Gurdaspur,Annual,1999,2.833
RICE_003902,Rice,Punjab,Hoshiarpur,Annual,1999,2.918
RICE_003903,Rice,Punjab,Jalandhar,Annual,1999,3.489
RICE_003904,Rice,Punjab,Kapurthala,Annual,1999,3.49
RICE_003905,Rice,Punjab,Ludhiana,Annual,1999,3.612
RICE_003906,Rice,Punjab,Mansa,Annual,1999,3.198
RICE_003907,Rice,Punjab,Moga,Annual,1999,3.359
RICE_003908,Rice,Punjab,Patiala,Annual,1999,3.247
RICE_003909,Rice,Punjab,Roopnagar,Annual,1999,3.12
RICE_003910,Rice,Punjab,S.B.S Nagar,Annual,1999,3.478
RICE_003911,Rice,Punjab,Sangrur,Annual,1999,3.561
RICE_003912,Rice,Punjab,Shri Mukatsar Sahib,Annual,1999,3.209
RICE_003913,Rice,Rajasthan,Ajmer,Annual,1999,1.261
RICE_003914,Rice,Rajasthan,Alwar,Annual,1999,1.261
RICE_003915,Rice,Rajasthan,Banswara,Annual,1999,0.661
RICE_003916,Rice,Rajasthan,Baran,Annual,1999,0.592
RICE_003917,Rice,Rajasthan,Bharatpur,Annual,1999,1.611
RICE_003918,Rice,Rajasthan,Bhilwara,Annual,1999,1.261
RICE_003919,Rice,Rajasthan,Bikaner,Annual,1999,1.25
RICE_003920,Rice,Rajasthan,Bundi,Annual,1999,1.319
RICE_003921,Rice,Rajasthan,Chittorgarh,Annual,1999,1.262
RICE_003922,Rice,Rajasthan,Dausa,Annual,1999,1.257
RICE_003923,Rice,Rajasthan,Dholpur,Annual,1999,1.261
RICE_003924,Rice,Rajasthan,Dungarpur,Annual,1999,0.272
RICE_003925,Rice,Rajasthan,Ganganagar,Annual,1999,1.806
RICE_003926,Rice,Rajasthan,Hanumangarh,Annual,1999,2.464
RICE_003927,Rice,Rajasthan,Jaipur,Annual,1999,1.5
RICE_003928,Rice,Rajasthan,Jhalawar,Annual,1999,1.261
RICE_003929,Rice,Rajasthan,Jodhpur,Annual,1999,1.2
RICE_003930,Rice,Rajasthan,Karoli,Annual,1999,1.135
RICE_003931,Rice,Rajasthan,Kota,Annual,1999,1.549
RICE_003932,Rice,Rajasthan,Pali,Annual,1999,1.294
RICE_003933,Rice,Rajasthan,Rajsamand,Annual,1999,1.263
RICE_003934,Rice,Rajasthan,Sirohi,Annual,1999,1.25
RICE_003935,Rice,Rajasthan,Swami Madhopur,Annual,1999,1.262
RICE_003936,Rice,Rajasthan,Tonk,Annual,1999,1.265
RICE_003937,Rice,Rajasthan,Udaipur,Annual,1999,0.446
RICE_003938,Rice,Tamil Nadu,Chengalpattu Mgr / Kancheepuram,Annual,1999,3.331
RICE_003939,Rice,Tamil Nadu,Chidambanar / Toothukudi,Annual,1999,4.492
RICE_003940,Rice,Tamil Nadu,Coimbatore,Annual,1999,3.88
RICE_003941,Rice,Tamil Nadu,Dharmapuri,Annual,1999,3.655
RICE_003942,Rice,Tamil Nadu,Dindigul Anna,Annual,1999,4.829
RICE_003943,Rice,Tamil Nadu,Kanyakumari,Annual,1999,4.749
RICE_003944,Rice,Tamil Nadu,Karur,Annual,1999,3.392
RICE_003945,Rice,Tamil Nadu,Madurai,Annual,1999,4.434
RICE_003946,Rice,Tamil Nadu,Nagapattinam,Annual,1999,3.346
RICE_003947,Rice,Tamil Nadu,Namakkal,Annual,1999,4.812
RICE_003948,Rice,Tamil Nadu,North Arcot / Vellore,Annual,1999,4.355
RICE_003949,Rice,Tamil Nadu,Perambular,Annual,1999,3.457
RICE_003950,Rice,Tamil Nadu,Periyar (Erode),Annual,1999,4.609
RICE_003951,Rice,Tamil Nadu,Pudukkottai,Annual,1999,3.587
RICE_003952,Rice,Tamil Nadu,Ramananthapuram,Annual,1999,0.656
RICE_003953,Rice,Tamil Nadu,Salem,Annual,1999,4.239
RICE_003954,Rice,Tamil Nadu,Sivagangai / Pasumpon,Annual,1999,1.917
RICE_003955,Rice,Tamil Nadu,South Arcot / Cuddalore,Annual,1999,3.864
RICE_003956,Rice,Tamil Nadu,Thanjavur,Annual,1999,3.463
RICE_003957,Rice,Tamil Nadu,The Nilgiris,Annual,1999,4.103
RICE_003958,Rice,Tamil Nadu,Theni,Annual,1999,3.954
RICE_003959,Rice,Tamil Nadu,Thirunelveli,Annual,1999,4.526
RICE_003960,Rice,Tamil Nadu,Thiruvallur,Annual,1999,3.908
RICE_003961,Rice,Tamil Nadu,Thiruvannamalai,Annual,1999,3.111
RICE_003962,Rice,Tamil Nadu,Tiruchirapalli / Trichy,Annual,1999,4.384
RICE_003963,Rice,Tamil Nadu,Tiruvarur,Annual,1999,3.0
RICE_003964,Rice,Tamil Nadu,Villupuram,Annual,1999,3.54
RICE_003965,Rice,Tamil Nadu,Virudhunagar / Kamarajar,Annual,1999,4.026
RICE_003966,Rice,Telangana,Adilabad,Annual,1999,2.444
RICE_003967,Rice,Telangana,Hyderabad,Annual,1999,2.405
RICE_003968,Rice,Telangana,Karimnagar,Annual,1999,3.114
RICE_003969,Rice,Telangana,Khammam,Annual,1999,2.253
RICE_003970,Rice,Telangana,Mahabubnagar,Annual,1999,1.696
RICE_003971,Rice,Telangana,Medak,Annual,1999,1.971
RICE_003972,Rice,Telangana,Nalgonda,Annual,1999,2.41
RICE_003973,Rice,Telangana,Nizamabad,Annual,1999,2.539
RICE_003974,Rice,Telangana,Rangareddy,Annual,1999,2.183
RICE_003975,Rice,Telangana,Warangal,Annual,1999,2.115
RICE_003976,Rice,Uttar Pradesh,Agra,Annual,1999,1.765
RICE_003977,Rice,Uttar Pradesh,Aligarh,Annual,1999,1.765
RICE_003978,Rice,Uttar Pradesh,Allahabad,Annual,1999,2.101
RICE_003979,Rice,Uttar Pradesh,Ambedkar Nagar,Annual,1999,2.847
RICE_003980,Rice,Uttar Pradesh,Amroha/J.B.Fulenagar,Annual,1999,2.05
RICE_003981,Rice,Uttar Pradesh,Auraiya,Annual,1999,2.444
RICE_003982,Rice,Uttar Pradesh,Azamgarh,Annual,1999,2.186
RICE_003983,Rice,Uttar Pradesh,Bagpat,Annual,1999,2.579
RICE_003984,Rice,Uttar Pradesh,Bahraich,Annual,1999,1.783
RICE_003985,Rice,Uttar Pradesh,Ballia,Annual,1999,1.942
RICE_003986,Rice,Uttar Pradesh,Balrampur,Annual,1999,1.824
RICE_003987,Rice,Uttar Pradesh,Banda,Annual,1999,1.332
RICE_003988,Rice,Uttar Pradesh,Barabanki,Annual,1999,2.146
RICE_003989,Rice,Uttar Pradesh,Bareilly,Annual,1999,2.123
RICE_003990,Rice,Uttar Pradesh,Basti,Annual,1999,2.254
RICE_003991,Rice,Uttar Pradesh,Bijnor,Annual,1999,2.783
RICE_003992,Rice,Uttar Pradesh,Budaun,Annual,1999,1.854
RICE_003993,Rice,Uttar Pradesh,Buland Shahar,Annual,1999,2.274
RICE_003994,Rice,Uttar Pradesh,Chandauli,Annual,1999,2.876
RICE_003995,Rice,Uttar Pradesh,Chitrakoot,Annual,1999,1.087
RICE_003996,Rice,Uttar Pradesh,Deoria,Annual,1999,2.266
RICE_003997,Rice,Uttar Pradesh,Etah,Annual,1999,1.721
RICE_003998,Rice,Uttar Pradesh,Etawah,Annual,1999,2.521
RICE_003999,Rice,Uttar Pradesh,Faizabad,Annual,1999,2.066
RICE_004000,Rice,Uttar Pradesh,Farrukhabad,Annual,1999,2.137
RICE_004001,Rice,Uttar Pradesh,Fatehpur,Annual,1999,1.897
RICE_004002,Rice,Uttar Pradesh,Firozabad,Annual,1999,1.654
RICE_004003,Rice,Uttar Pradesh,G.B.Nagar,Annual,1999,2.144
RICE_004004,Rice,Uttar Pradesh,Ghaziabad,Annual,1999,2.147
RICE_004005,Rice,Uttar Pradesh,Ghazipur,Annual,1999,2.305
RICE_004006,Rice,Uttar Pradesh,Gonda,Annual,1999,2.073
RICE_004007,Rice,Uttar Pradesh,Gorakhpur,Annual,1999,1.885
RICE_004008,Rice,Uttar Pradesh,Hamirpur,Annual,1999,1.087
RICE_004009,Rice,Uttar Pradesh,Hardoi,Annual,1999,2.008
RICE_004010,Rice,Uttar Pradesh,Hathras,Annual,1999,1.765
RICE_004011,Rice,Uttar Pradesh,Jalaun,Annual,1999,0.819
RICE_004012,Rice,Uttar Pradesh,Jaunpur,Annual,1999,2.407
RICE_004013,Rice,Uttar Pradesh,Jhansi,Annual,1999,0.82
RICE_004014,Rice,Uttar Pradesh,Kannauj,Annual,1999,2.115
RICE_004015,Rice,Uttar Pradesh,Kanpur Dehat,Annual,1999,2.477
RICE_004016,Rice,Uttar Pradesh,Kanpur Nagar,Annual,1999,1.961
RICE_004017,Rice,Uttar Pradesh,Kheri,Annual,1999,2.552
RICE_004018,Rice,Uttar Pradesh,Kushambi,Annual,1999,2.004
RICE_004019,Rice,Uttar Pradesh,Kushi Nagar / Padrauna,Annual,1999,2.507
RICE_004020,Rice,Uttar Pradesh,Lalitpur,Annual,1999,0.819
RICE_004021,Rice,Uttar Pradesh,Lucknow,Annual,1999,1.705
RICE_004022,Rice,Uttar Pradesh,Mahoba,Annual,1999,1.087
RICE_004023,Rice,Uttar Pradesh,Mahrajgani,Annual,1999,2.748
RICE_004024,Rice,Uttar Pradesh,Mainpuri,Annual,1999,2.028
RICE_004025,Rice,Uttar Pradesh,Mathura,Annual,1999,2.063
RICE_004026,Rice,Uttar Pradesh,Mau,Annual,1999,2.088
RICE_004027,Rice,Uttar Pradesh,Meerut,Annual,1999,2.483
RICE_004028,Rice,Uttar Pradesh,Mirzpur,Annual,1999,2.42
RICE_004029,Rice,Uttar Pradesh,Moradabad,Annual,1999,2.169
RICE_004030,Rice,Uttar Pradesh,Muzaffarnagar,Annual,1999,2.509
RICE_004031,Rice,Uttar Pradesh,Pilibhit,Annual,1999,2.654
RICE_004032,Rice,Uttar Pradesh,Pratapgarh,Annual,1999,2.04
RICE_004033,Rice,Uttar Pradesh,Rae-Bareily,Annual,1999,1.854
RICE_004034,Rice,Uttar Pradesh,Rampur,Annual,1999,2.297
RICE_004035,Rice,Uttar Pradesh,Saharanpur,Annual,1999,2.377
RICE_004036,Rice,Uttar Pradesh,Santh Kabir Nagar,Annual,1999,2.246
RICE_004037,Rice,Uttar Pradesh,Santh Ravi Das Nagar / Bhadoi,Annual,1999,2.531
RICE_004038,Rice,Uttar Pradesh,Shahjahanpur,Annual,1999,2.46
RICE_004039,Rice,Uttar Pradesh,Shravasti,Annual,1999,1.699
RICE_004040,Rice,Uttar Pradesh,Sidharthnagar,Annual,1999,2.052
RICE_004041,Rice,Uttar Pradesh,Sitapur,Annual,1999,2.051
RICE_004042,Rice,Uttar Pradesh,Sonbhadra,Annual,1999,2.053
RICE_004043,Rice,Uttar Pradesh,Sultanpur,Annual,1999,2.131
RICE_004044,Rice,Uttar Pradesh,Unnao,Annual,1999,1.501
RICE_004045,Rice,Uttar Pradesh,Varanasi,Annual,1999,2.719
RICE_004046,Rice,Uttarakhand,Almorah,Annual,1999,1.022
RICE_004047,Rice,Uttarakhand,Bageshwar,Annual,1999,1.407
RICE_004048,Rice,Uttarakhand,Chamoli,Annual,1999,1.274
RICE_004049,Rice,Uttarakhand,Champavat,Annual,1999,1.169
RICE_004050,Rice,Uttarakhand,Dehradun,Annual,1999,2.079
RICE_004051,Rice,Uttarakhand,Garhwal,Annual,1999,1.091
RICE_004052,Rice,Uttarakhand,Haridwar,Annual,1999,2.286
RICE_004053,Rice,Uttarakhand,Nainital,Annual,1999,2.434
RICE_004054,Rice,Uttarakhand,Pithorgarh,Annual,1999,1.054
RICE_004055,Rice,Uttarakhand,Rudraprayag,Annual,1999,1.488
RICE_004056,Rice,Uttarakhand,Tehri Garhwal,Annual,1999,1.575
RICE_004057,Rice,Uttarakhand,Udham Singh Nagar,Annual,1999,2.924
RICE_004058,Rice,Uttarakhand,Uttar Kashi,Annual,1999,1.588
RICE_004059,Rice,West Bengal,24-Paraganas North,Annual,1999,2.507
RICE_004060,Rice,West Bengal,24-Paraganas South,Annual,1999,2.046
RICE_004061,Rice,West Bengal,Bankura,Annual,1999,2.419
RICE_004062,Rice,West Bengal,Birbhum,Annual,1999,2.645
RICE_004063,Rice,West Bengal,Burdwan,Annual,1999,2.74
RICE_004064,Rice,West Bengal,Cooch Behar,Annual,1999,1.505
RICE_004065,Rice,West Bengal,Dakshin Dinajpur,Annual,1999,1.947
RICE_004066,Rice,West Bengal,Darjeeling,Annual,1999,1.443
RICE_004067,Rice,West Bengal,East Midnapore / Purba Midnapore,Annual,1999,2.125
RICE_004068,Rice,West Bengal,Hooghly,Annual,1999,2.459
RICE_004069,Rice,West Bengal,Jalpaiguri,Annual,1999,1.471
RICE_004070,Rice,West Bengal,Jhargram,Annual,1999,2.206
RICE_004071,Rice,West Bengal,Malda,Annual,1999,2.252
RICE_004072,Rice,West Bengal,Murshidabad,Annual,1999,2.091
RICE_004073,Rice,West Bengal,Nadia,Annual,1999,2.554
RICE_004074,Rice,West Bengal,Purulia,Annual,1999,1.826
RICE_004075,Rice,West Bengal,Uttar Dinajpur,Annual,1999,1.995
RICE_004076,Rice,West Bengal,West Midnapore,Annual,1999,2.235
RICE_004077,Rice,Andhra Pradesh,Anantapur,Annual,2000,2.821
RICE_004078,Rice,Andhra Pradesh,Chittoor,Annual,2000,2.478
RICE_004079,Rice,Andhra Pradesh,East Godavari,Annual,2000,3.279
RICE_004080,Rice,Andhra Pradesh,Guntur,Annual,2000,3.393
RICE_004081,Rice,Andhra Pradesh,Kadapa Ysr,Annual,2000,2.598
RICE_004082,Rice,Andhra Pradesh,Krishna,Annual,2000,3.239
RICE_004083,Rice,Andhra Pradesh,Kurnool,Annual,2000,3.226
RICE_004084,Rice,Andhra Pradesh,Prakasam,Annual,2000,3.21
RICE_004085,Rice,Andhra Pradesh,S.P.S. Nellore,Annual,2000,2.869
RICE_004086,Rice,Andhra Pradesh,Srikakulam,Annual,2000,1.923
RICE_004087,Rice,Andhra Pradesh,Visakhapatnam,Annual,2000,1.608
RICE_004088,Rice,Andhra Pradesh,Vizianagaram,Annual,2000,1.668
RICE_004089,Rice,Andhra Pradesh,West Godavari,Annual,2000,3.504
RICE_004090,Rice,Assam,Barpeta,Annual,2000,1.222
RICE_004091,Rice,Assam,Bongaigaon,Annual,2000,1.032
RICE_004092,Rice,Assam,Cachar,Annual,2000,2.132
RICE_004093,Rice,Assam,Darrang,Annual,2000,1.235
RICE_004094,Rice,Assam,Dhemaji,Annual,2000,1.396
RICE_004095,Rice,Assam,Dhubri,Annual,2000,1.469
RICE_004096,Rice,Assam,Dibrugarh,Annual,2000,1.767
RICE_004097,Rice,Assam,Goalpara,Annual,2000,1.645
RICE_004098,Rice,Assam,Golaghat,Annual,2000,1.954
RICE_004099,Rice,Assam,Hailakandi,Annual,2000,1.791
RICE_004100,Rice,Assam,Jorhat,Annual,2000,1.794
RICE_004101,Rice,Assam,Kamrup,Annual,2000,1.505
RICE_004102,Rice,Assam,Karbi Anglong,Annual,2000,1.461
RICE_004103,Rice,Assam,Karimganj,Annual,2000,2.143
RICE_004104,Rice,Assam,Kokrajhar,Annual,2000,1.142
RICE_004105,Rice,Assam,Lakhimpur,Annual,2000,1.025
RICE_004106,Rice,Assam,Marigaon,Annual,2000,1.987
RICE_004107,Rice,Assam,Nagaon,Annual,2000,1.794
RICE_004108,Rice,Assam,Nalbari,Annual,2000,1.114
RICE_004109,Rice,Assam,North Cachar Hil,Annual,2000,1.579
RICE_004110,Rice,Assam,Sibsagar,Annual,2000,1.875
RICE_004111,Rice,Assam,Sonitpur,Annual,2000,1.341
RICE_004112,Rice,Assam,Tinsukia,Annual,2000,1.448
RICE_004113,Rice,Bihar,Araria,Annual,2000,1.094
RICE_004114,Rice,Bihar,Aurangabad,Annual,2000,1.962
RICE_004115,Rice,Bihar,Banka,Annual,2000,1.131
RICE_004116,Rice,Bihar,Begusarai,Annual,2000,1.043
RICE_004117,Rice,Bihar,Bhabhua / Kaimur,Annual,2000,1.93
RICE_004118,Rice,Bihar,Bhagalpur,Annual,2000,1.13
RICE_004119,Rice,Bihar,Bhojpur,Annual,2000,2.321
RICE_004120,Rice,Bihar,Buxar,Annual,2000,2.679
RICE_004121,Rice,Bihar,Champaran (East),Annual,2000,1.234
RICE_004122,Rice,Bihar,Champaran (West),Annual,2000,2.091
RICE_004123,Rice,Bihar,Darbhanga,Annual,2000,0.957
RICE_004124,Rice,Bihar,Gaya,Annual,2000,1.597
RICE_004125,Rice,Bihar,Gopalganj,Annual,2000,1.228
RICE_004126,Rice,Bihar,Jamui,Annual,2000,1.063
RICE_004127,Rice,Bihar,Jehanabad,Annual,2000,1.558
RICE_004128,Rice,Bihar,Katihar,Annual,2000,1.28
RICE_004129,Rice,Bihar,Khagaria,Annual,2000,0.6
RICE_004130,Rice,Bihar,Kishanganj,Annual,2000,1.159
RICE_004131,Rice,Bihar,Lakhisarai,Annual,2000,1.516
RICE_004132,Rice,Bihar,Madhepura,Annual,2000,1.306
RICE_004133,Rice,Bihar,Madhubani,Annual,2000,1.136
RICE_004134,Rice,Bihar,Mungair,Annual,2000,1.516
RICE_004135,Rice,Bihar,Muzaffarpur,Annual,2000,1.269
RICE_004136,Rice,Bihar,Nalanda,Annual,2000,0.935
RICE_004137,Rice,Bihar,Nawada,Annual,2000,1.11
RICE_004138,Rice,Bihar,Patna,Annual,2000,2.03
RICE_004139,Rice,Bihar,Purnea,Annual,2000,1.435
RICE_004140,Rice,Bihar,Rohtas,Annual,2000,2.542
RICE_004141,Rice,Bihar,Saharsa,Annual,2000,1.495
RICE_004142,Rice,Bihar,Samastipur,Annual,2000,1.068
RICE_004143,Rice,Bihar,Saran,Annual,2000,1.409
RICE_004144,Rice,Bihar,Sheikapura,Annual,2000,1.333
RICE_004145,Rice,Bihar,Sheohar,Annual,2000,1.375
RICE_004146,Rice,Bihar,Sitamarhi,Annual,2000,1.109
RICE_004147,Rice,Bihar,Siwan,Annual,2000,1.255
RICE_004148,Rice,Bihar,Supaul,Annual,2000,1.154
RICE_004149,Rice,Bihar,Vaishali,Annual,2000,1.556
RICE_004150,Rice,Chhattisgarh,Bastar,Annual,2000,0.826
RICE_004151,Rice,Chhattisgarh,Bilaspur,Annual,2000,0.623
RICE_004152,Rice,Chhattisgarh,Dantewara,Annual,2000,0.855
RICE_004153,Rice,Chhattisgarh,Dhamtari,Annual,2000,0.97
RICE_004154,Rice,Chhattisgarh,Durg,Annual,2000,0.515
RICE_004155,Rice,Chhattisgarh,Janjgir,Annual,2000,0.659
RICE_004156,Rice,Chhattisgarh,Jashpur,Annual,2000,0.675
RICE_004157,Rice,Chhattisgarh,Kanker,Annual,2000,0.821
RICE_004158,Rice,Chhattisgarh,Kawardha,Annual,2000,0.516
RICE_004159,Rice,Chhattisgarh,Korba,Annual,2000,0.555
RICE_004160,Rice,Chhattisgarh,Koriya,Annual,2000,0.669
RICE_004161,Rice,Chhattisgarh,Mahasmund,Annual,2000,0.489
RICE_004162,Rice,Chhattisgarh,Raigarh,Annual,2000,0.483
RICE_004163,Rice,Chhattisgarh,Raipur,Annual,2000,0.406
RICE_004164,Rice,Chhattisgarh,Rajnandgaon,Annual,2000,0.845
RICE_004165,Rice,Chhattisgarh,Surguja,Annual,2000,0.629
RICE_004166,Rice,Gujarat,Ahmedabad,Annual,2000,0.441
RICE_004167,Rice,Gujarat,Anand,Annual,2000,0.665
RICE_004168,Rice,Gujarat,Bharuch,Annual,2000,1.225
RICE_004169,Rice,Gujarat,Bhavnagar,Annual,2000,1.0
RICE_004170,Rice,Gujarat,Dahod,Annual,2000,0.039
RICE_004171,Rice,Gujarat,Dangs,Annual,2000,1.008
RICE_004172,Rice,Gujarat,Gandhinagar,Annual,2000,2.209
RICE_004173,Rice,Gujarat,Junagadh,Annual,2000,1.0
RICE_004174,Rice,Gujarat,Kheda,Annual,2000,0.543
RICE_004175,Rice,Gujarat,Mehsana,Annual,2000,0.663
RICE_004176,Rice,Gujarat,Narmada,Annual,2000,0.212
RICE_004177,Rice,Gujarat,Navsari,Annual,2000,2.133
RICE_004178,Rice,Gujarat,Panchmahal,Annual,2000,0.082
RICE_004179,Rice,Gujarat,Sabarkantha,Annual,2000,0.905
RICE_004180,Rice,Gujarat,Surat,Annual,2000,1.711
RICE_004181,Rice,Gujarat,Surendranagar,Annual,2000,1.0
RICE_004182,Rice,Gujarat,Vadodara,Annual,2000,0.199
RICE_004183,Rice,Gujarat,Valsad,Annual,2000,1.479
RICE_004184,Rice,Haryana,Ambala,Annual,2000,3.018
RICE_004185,Rice,Haryana,Bhiwani,Annual,2000,2.469
RICE_004186,Rice,Haryana,Faridabad,Annual,2000,2.768
RICE_004187,Rice,Haryana,Fatehabad,Annual,2000,3.246
RICE_004188,Rice,Haryana,Gurgaon,Annual,2000,2.532
RICE_004189,Rice,Haryana,Hissar,Annual,2000,1.892
RICE_004190,Rice,Haryana,Jhajjar,Annual,2000,1.515
RICE_004191,Rice,Haryana,Jind,Annual,2000,1.989
RICE_004192,Rice,Haryana,Kaithal,Annual,2000,2.381
RICE_004193,Rice,Haryana,Karnal,Annual,2000,2.81
RICE_004194,Rice,Haryana,Kurukshetra,Annual,2000,3.193
RICE_004195,Rice,Haryana,Panchkula,Annual,2000,2.903
RICE_004196,Rice,Haryana,Panipat,Annual,2000,2.416
RICE_004197,Rice,Haryana,Rewari,Annual,2000,4.286
RICE_004198,Rice,Haryana,Rohtak,Annual,2000,1.506
RICE_004199,Rice,Haryana,Sirsa,Annual,2000,2.789
RICE_004200,Rice,Haryana,Sonepat,Annual,2000,1.785
RICE_004201,Rice,Haryana,Yamunanagar,Annual,2000,2.955
RICE_004202,Rice,Himachal Pradesh,Bilashpur,Annual,2000,1.501
RICE_004203,Rice,Himachal Pradesh,Chamba,Annual,2000,1.466
RICE_004204,Rice,Himachal Pradesh,Hamirpur,Annual,2000,1.247
RICE_004205,Rice,Himachal Pradesh,Kangra,Annual,2000,1.471
RICE_004206,Rice,Himachal Pradesh,Kinnaur,Annual,2000,1.522
RICE_004207,Rice,Himachal Pradesh,Kullu,Annual,2000,1.518
RICE_004208,Rice,Himachal Pradesh,Mandi,Annual,2000,1.567
RICE_004209,Rice,Himachal Pradesh,Shimla,Annual,2000,0.919
RICE_004210,Rice,Himachal Pradesh,Sirmaur,Annual,2000,1.645
RICE_004211,Rice,Himachal Pradesh,Solan,Annual,2000,2.114
RICE_004212,Rice,Himachal Pradesh,Una,Annual,2000,2.07
RICE_004213,Rice,Jharkhand,Bokaro,Annual,2000,1.306
RICE_004214,Rice,Jharkhand,Chatra,Annual,2000,1.7
RICE_004215,Rice,Jharkhand,Devghar / Deogarh,Annual,2000,1.996
RICE_004216,Rice,Jharkhand,Dhanbad,Annual,2000,1.42
RICE_004217,Rice,Jharkhand,Gadva / Garhwa,Annual,2000,2.318
RICE_004218,Rice,Jharkhand,Giridih,Annual,2000,1.585
RICE_004219,Rice,Jharkhand,Godda,Annual,2000,1.491
RICE_004220,Rice,Jharkhand,Gumla,Annual,2000,1.146
RICE_004221,Rice,Jharkhand,Hazaribagh,Annual,2000,1.607
RICE_004222,Rice,Jharkhand,Khodrama / Koderma,Annual,2000,1.108
RICE_004223,Rice,Jharkhand,Latehar,Annual,2000,1.3
RICE_004224,Rice,Jharkhand,Lohardagga,Annual,2000,1.27
RICE_004225,Rice,Jharkhand,Pakund / Pakur,Annual,2000,1.21
RICE_004226,Rice,Jharkhand,Ranchi,Annual,2000,1.5
RICE_004227,Rice,Jharkhand,Sahebganj,Annual,2000,1.489
RICE_004228,Rice,Jharkhand,Santhal Paragana / Dumka,Annual,2000,1.848
RICE_004229,Rice,Jharkhand,Singhbhum East,Annual,2000,1.77
RICE_004230,Rice,Jharkhand,Singhbhum West,Annual,2000,1.725
RICE_004231,Rice,Karnataka,Bangalore (Rural),Annual,2000,2.545
RICE_004232,Rice,Karnataka,Bangalore (Urban),Annual,2000,2.714
RICE_004233,Rice,Karnataka,Belgaum,Annual,2000,1.646
RICE_004234,Rice,Karnataka,Bellary,Annual,2000,3.258
RICE_004235,Rice,Karnataka,Bidar,Annual,2000,0.87
RICE_004236,Rice,Karnataka,Bijapur,Annual,2000,3.333
RICE_004237,Rice,Karnataka,Chamaraja Nagar,Annual,2000,2.606
RICE_004238,Rice,Karnataka,Chickmagalur,Annual,2000,2.459
RICE_004239,Rice,Karnataka,Chitradurga,Annual,2000,2.566
RICE_004240,Rice,Karnataka,Dakshina Kannada,Annual,2000,2.032
RICE_004241,Rice,Karnataka,Davanagere,Annual,2000,3.573
RICE_004242,Rice,Karnataka,Dharwad,Annual,2000,1.418
RICE_004243,Rice,Karnataka,Gadag,Annual,2000,2.727
RICE_004244,Rice,Karnataka,Gulbarga,Annual,2000,1.894
RICE_004245,Rice,Karnataka,Hassan,Annual,2000,2.493
RICE_004246,Rice,Karnataka,Haveri,Annual,2000,2.063
RICE_004247,Rice,Karnataka,Kodagu,Annual,2000,2.297
RICE_004248,Rice,Karnataka,Kolar,Annual,2000,2.632
RICE_004249,Rice,Karnataka,Koppal,Annual,2000,3.46
RICE_004250,Rice,Karnataka,Mandya,Annual,2000,2.966
RICE_004251,Rice,Karnataka,Mysore,Annual,2000,2.972
RICE_004252,Rice,Karnataka,Raichur,Annual,2000,3.143
RICE_004253,Rice,Karnataka,Shimoge,Annual,2000,2.372
RICE_004254,Rice,Karnataka,Tumkur,Annual,2000,2.671
RICE_004255,Rice,Karnataka,Udupi,Annual,2000,2.027
RICE_004256,Rice,Karnataka,Uttara Kannada,Annual,2000,1.746
RICE_004257,Rice,Kerala,Alappuzha,Annual,2000,2.744
RICE_004258,Rice,Kerala,Eranakulam,Annual,2000,1.745
RICE_004259,Rice,Kerala,Idukki,Annual,2000,2.272
RICE_004260,Rice,Kerala,Kannur,Annual,2000,1.754
RICE_004261,Rice,Kerala,Kasaragod,Annual,2000,1.909
RICE_004262,Rice,Kerala,Kollam,Annual,2000,2.063
RICE_004263,Rice,Kerala,Kottayam,Annual,2000,2.582
RICE_004264,Rice,Kerala,Kozhikode,Annual,2000,1.343
RICE_004265,Rice,Kerala,Malappuram,Annual,2000,1.892
RICE_004266,Rice,Kerala,Palakkad,Annual,2000,2.209
RICE_004267,Rice,Kerala,Pathanamthitta,Annual,2000,2.733
RICE_004268,Rice,Kerala,Thiruvananthapuram,Annual,2000,2.068
RICE_004269,Rice,Kerala,Thrissur,Annual,2000,2.085
RICE_004270,Rice,Kerala,Wayanad,Annual,2000,2.253
RICE_004271,Rice,Madhya Pradesh,Balaghat,Annual,2000,0.849
RICE_004272,Rice,Madhya Pradesh,Barwani,Annual,2000,0.333
RICE_004273,Rice,Madhya Pradesh,Betul,Annual,2000,0.606
RICE_004274,Rice,Madhya Pradesh,Bhind,Annual,2000,0.943
RICE_004275,Rice,Madhya Pradesh,Bhopal,Annual,2000,0.571
RICE_004276,Rice,Madhya Pradesh,Chhatarpur,Annual,2000,0.449
RICE_004277,Rice,Madhya Pradesh,Chhindwara,Annual,2000,0.444
RICE_004278,Rice,Madhya Pradesh,Damoh,Annual,2000,0.426
RICE_004279,Rice,Madhya Pradesh,Datia,Annual,2000,0.95
RICE_004280,Rice,Madhya Pradesh,Dewas,Annual,2000,0.5
RICE_004281,Rice,Madhya Pradesh,Dhar,Annual,2000,0.276
RICE_004282,Rice,Madhya Pradesh,Dindori,Annual,2000,0.381
RICE_004283,Rice,Madhya Pradesh,Guna,Annual,2000,0.765
RICE_004284,Rice,Madhya Pradesh,Gwalior,Annual,2000,2.1
RICE_004285,Rice,Madhya Pradesh,Harda,Annual,2000,0.944
RICE_004286,Rice,Madhya Pradesh,Hoshangabad,Annual,2000,1.155
RICE_004287,Rice,Madhya Pradesh,Jabalpur,Annual,2000,0.552
RICE_004288,Rice,Madhya Pradesh,Jhabua,Annual,2000,0.135
RICE_004289,Rice,Madhya Pradesh,Katni,Annual,2000,0.379
RICE_004290,Rice,Madhya Pradesh,Khandwa,Annual,2000,0.591
RICE_004291,Rice,Madhya Pradesh,Khargone,Annual,2000,0.226
RICE_004292,Rice,Madhya Pradesh,Mandla,Annual,2000,0.346
RICE_004293,Rice,Madhya Pradesh,Morena,Annual,2000,2.1
RICE_004294,Rice,Madhya Pradesh,Narsinghpur,Annual,2000,0.843
RICE_004295,Rice,Madhya Pradesh,Panna,Annual,2000,0.37
RICE_004296,Rice,Madhya Pradesh,Raisen,Annual,2000,0.558
RICE_004297,Rice,Madhya Pradesh,Rajgarh,Annual,2000,0.231
RICE_004298,Rice,Madhya Pradesh,Ratlam,Annual,2000,0.393
RICE_004299,Rice,Madhya Pradesh,Rewa,Annual,2000,0.549
RICE_004300,Rice,Madhya Pradesh,Sagar,Annual,2000,0.541
RICE_004301,Rice,Madhya Pradesh,Satna,Annual,2000,0.288
RICE_004302,Rice,Madhya Pradesh,Sehore,Annual,2000,0.529
RICE_004303,Rice,Madhya Pradesh,Seoni,Annual,2000,0.395
RICE_004304,Rice,Madhya Pradesh,Shahdol,Annual,2000,0.697
RICE_004305,Rice,Madhya Pradesh,Shajapur,Annual,2000,0.5
RICE_004306,Rice,Madhya Pradesh,Sheopur Kalan,Annual,2000,1.117
RICE_004307,Rice,Madhya Pradesh,Shivpuri,Annual,2000,0.859
RICE_004308,Rice,Madhya Pradesh,Sidhi,Annual,2000,0.438
RICE_004309,Rice,Madhya Pradesh,Tikamgarh,Annual,2000,0.674
RICE_004310,Rice,Madhya Pradesh,Umaria,Annual,2000,0.348
RICE_004311,Rice,Madhya Pradesh,Vidisha,Annual,2000,0.571
RICE_004312,Rice,Maharashtra,Ahmednagar,Annual,2000,0.691
RICE_004313,Rice,Maharashtra,Amarawati,Annual,2000,0.494
RICE_004314,Rice,Maharashtra,Aurangabad,Annual,2000,0.667
RICE_004315,Rice,Maharashtra,Beed,Annual,2000,0.588
RICE_004316,Rice,Maharashtra,Bhandara,Annual,2000,1.032
RICE_004317,Rice,Maharashtra,Buldhana,Annual,2000,1.0
RICE_004318,Rice,Maharashtra,Chandrapur,Annual,2000,0.826
RICE_004319,Rice,Maharashtra,Dhule,Annual,2000,0.367
RICE_004320,Rice,Maharashtra,Gadchiroli,Annual,2000,0.782
RICE_004321,Rice,Maharashtra,Gondia,Annual,2000,0.871
RICE_004322,Rice,Maharashtra,Hingoli,Annual,2000,0.605
RICE_004323,Rice,Maharashtra,Jalgaon,Annual,2000,1.235
RICE_004324,Rice,Maharashtra,Jalna,Annual,2000,0.583
RICE_004325,Rice,Maharashtra,Kolhapur,Annual,2000,2.19
RICE_004326,Rice,Maharashtra,Latur,Annual,2000,0.625
RICE_004327,Rice,Maharashtra,Nagpur,Annual,2000,0.992
RICE_004328,Rice,Maharashtra,Nanded,Annual,2000,0.753
RICE_004329,Rice,Maharashtra,Nandurbar,Annual,2000,0.233
RICE_004330,Rice,Maharashtra,Nasik,Annual,2000,0.873
RICE_004331,Rice,Maharashtra,Osmanabad,Annual,2000,0.488
RICE_004332,Rice,Maharashtra,Parbhani,Annual,2000,0.344
RICE_004333,Rice,Maharashtra,Pune,Annual,2000,1.175
RICE_004334,Rice,Maharashtra,Raigad,Annual,2000,2.166
RICE_004335,Rice,Maharashtra,Ratnagiri,Annual,2000,2.121
RICE_004336,Rice,Maharashtra,Sangli,Annual,2000,2.172
RICE_004337,Rice,Maharashtra,Satara,Annual,2000,1.169
RICE_004338,Rice,Maharashtra,Sindhudurg,Annual,2000,2.475
RICE_004339,Rice,Maharashtra,Solapur,Annual,2000,1.133
RICE_004340,Rice,Maharashtra,Thane,Annual,2000,1.237
RICE_004341,Rice,Maharashtra,Wardha,Annual,2000,0.5
RICE_004342,Rice,Maharashtra,Washim,Annual,2000,0.4
RICE_004343,Rice,Maharashtra,Yeotmal,Annual,2000,0.827
RICE_004344,Rice,Orissa,Angul,Annual,2000,0.41
RICE_004345,Rice,Orissa,Balasore,Annual,2000,1.56
RICE_004346,Rice,Orissa,Bargarh,Annual,2000,1.211
RICE_004347,Rice,Orissa,Bhadrak,Annual,2000,1.469
RICE_004348,Rice,Orissa,Bolangir,Annual,2000,0.358
RICE_004349,Rice,Orissa,Boudh,Annual,2000,0.528
RICE_004350,Rice,Orissa,Cuttack,Annual,2000,1.212
RICE_004351,Rice,Orissa,Deogarh,Annual,2000,0.426
RICE_004352,Rice,Orissa,Dhenkanal,Annual,2000,0.588
RICE_004353,Rice,Orissa,Gajapati,Annual,2000,1.781
RICE_004354,Rice,Orissa,Ganjam,Annual,2000,1.21
RICE_004355,Rice,Orissa,Jagatsinghapur,Annual,2000,1.338
RICE_004356,Rice,Orissa,Jajapur,Annual,2000,0.797
RICE_004357,Rice,Orissa,Jharsuguda,Annual,2000,0.397
RICE_004358,Rice,Orissa,Kalahandi,Annual,2000,1.287
RICE_004359,Rice,Orissa,Kendrapara,Annual,2000,1.002
RICE_004360,Rice,Orissa,Keonjhar,Annual,2000,1.044
RICE_004361,Rice,Orissa,Khurda,Annual,2000,1.536
RICE_004362,Rice,Orissa,Koraput,Annual,2000,1.494
RICE_004363,Rice,Orissa,Malkangiri,Annual,2000,0.685
RICE_004364,Rice,Orissa,Mayurbhanja,Annual,2000,1.158
RICE_004365,Rice,Orissa,Nawarangpur,Annual,2000,1.131
RICE_004366,Rice,Orissa,Nayagarh,Annual,2000,1.152
RICE_004367,Rice,Orissa,Nuapada,Annual,2000,0.301
RICE_004368,Rice,Orissa,Phulbani ( Kandhamal ),Annual,2000,0.778
RICE_004369,Rice,Orissa,Puri,Annual,2000,1.249
RICE_004370,Rice,Orissa,Rayagada,Annual,2000,1.052
RICE_004371,Rice,Orissa,Sambalpur,Annual,2000,0.719
RICE_004372,Rice,Orissa,Sonepur,Annual,2000,1.301
RICE_004373,Rice,Orissa,Sundargarh,Annual,2000,0.545
RICE_004374,Rice,Punjab,Amritsar,Annual,2000,3.047
RICE_004375,Rice,Punjab,Bhatinda,Annual,2000,3.535
RICE_004376,Rice,Punjab,Faridkot,Annual,2000,3.444
RICE_004377,Rice,Punjab,Fatehgarh Sahib,Annual,2000,4.167
RICE_004378,Rice,Punjab,Ferozpur,Annual,2000,3.621
RICE_004379,Rice,Punjab,Gurdaspur,Annual,2000,2.979
RICE_004380,Rice,Punjab,Hoshiarpur,Annual,2000,3.048
RICE_004381,Rice,Punjab,Jalandhar,Annual,2000,3.588
RICE_004382,Rice,Punjab,Kapurthala,Annual,2000,3.476
RICE_004383,Rice,Punjab,Ludhiana,Annual,2000,3.945
RICE_004384,Rice,Punjab,Mansa,Annual,2000,3.643
RICE_004385,Rice,Punjab,Moga,Annual,2000,3.748
RICE_004386,Rice,Punjab,Patiala,Annual,2000,3.348
RICE_004387,Rice,Punjab,Roopnagar,Annual,2000,3.327
RICE_004388,Rice,Punjab,S.B.S Nagar,Annual,2000,3.362
RICE_004389,Rice,Punjab,Sangrur,Annual,2000,3.759
RICE_004390,Rice,Punjab,Shri Mukatsar Sahib,Annual,2000,3.472
RICE_004391,Rice,Rajasthan,Ajmer,Annual,2000,0.935
RICE_004392,Rice,Rajasthan,Alwar,Annual,2000,0.937
RICE_004393,Rice,Rajasthan,Banswara,Annual,2000,0.059
RICE_004394,Rice,Rajasthan,Baran,Annual,2000,0.814
RICE_004395,Rice,Rajasthan,Bharatpur,Annual,2000,1.253
RICE_004396,Rice,Rajasthan,Bhilwara,Annual,2000,0.936
RICE_004397,Rice,Rajasthan,Bikaner,Annual,2000,0.939
RICE_004398,Rice,Rajasthan,Bundi,Annual,2000,0.786
RICE_004399,Rice,Rajasthan,Chittorgarh,Annual,2000,0.937
RICE_004400,Rice,Rajasthan,Dausa,Annual,2000,1.0
RICE_004401,Rice,Rajasthan,Dholpur,Annual,2000,0.937
RICE_004402,Rice,Rajasthan,Dungarpur,Annual,2000,0.099
RICE_004403,Rice,Rajasthan,Ganganagar,Annual,2000,1.924
RICE_004404,Rice,Rajasthan,Hanumangarh,Annual,2000,2.565
RICE_004405,Rice,Rajasthan,Jaipur,Annual,2000,0.917
RICE_004406,Rice,Rajasthan,Jhalawar,Annual,2000,0.935
RICE_004407,Rice,Rajasthan,Karoli,Annual,2000,0.105
RICE_004408,Rice,Rajasthan,Kota,Annual,2000,1.112
RICE_004409,Rice,Rajasthan,Rajsamand,Annual,2000,0.939
RICE_004410,Rice,Rajasthan,Sirohi,Annual,2000,0.857
RICE_004411,Rice,Rajasthan,Swami Madhopur,Annual,2000,0.935
RICE_004412,Rice,Rajasthan,Tonk,Annual,2000,0.943
RICE_004413,Rice,Rajasthan,Udaipur,Annual,2000,0.283
RICE_004414,Rice,Tamil Nadu,Chengalpattu Mgr / Kancheepuram,Annual,2000,3.278
RICE_004415,Rice,Tamil Nadu,Chidambanar / Toothukudi,Annual,2000,4.351
RICE_004416,Rice,Tamil Nadu,Coimbatore,Annual,2000,3.546
RICE_004417,Rice,Tamil Nadu,Dharmapuri,Annual,2000,3.413
RICE_004418,Rice,Tamil Nadu,Dindigul Anna,Annual,2000,4.698
RICE_004419,Rice,Tamil Nadu,Kanyakumari,Annual,2000,4.721
RICE_004420,Rice,Tamil Nadu,Karur,Annual,2000,4.518
RICE_004421,Rice,Tamil Nadu,Madurai,Annual,2000,4.226
RICE_004422,Rice,Tamil Nadu,Nagapattinam,Annual,2000,3.273
RICE_004423,Rice,Tamil Nadu,Namakkal,Annual,2000,4.362
RICE_004424,Rice,Tamil Nadu,North Arcot / Vellore,Annual,2000,4.04
RICE_004425,Rice,Tamil Nadu,Perambular,Annual,2000,3.202
RICE_004426,Rice,Tamil Nadu,Periyar (Erode),Annual,2000,4.492
RICE_004427,Rice,Tamil Nadu,Pudukkottai,Annual,2000,3.409
RICE_004428,Rice,Tamil Nadu,Ramananthapuram,Annual,2000,1.908
RICE_004429,Rice,Tamil Nadu,Salem,Annual,2000,4.378
RICE_004430,Rice,Tamil Nadu,Sivagangai / Pasumpon,Annual,2000,2.6
RICE_004431,Rice,Tamil Nadu,South Arcot / Cuddalore,Annual,2000,3.672
RICE_004432,Rice,Tamil Nadu,Thanjavur,Annual,2000,3.749
RICE_004433,Rice,Tamil Nadu,The Nilgiris,Annual,2000,4.105
RICE_004434,Rice,Tamil Nadu,Theni,Annual,2000,4.437
RICE_004435,Rice,Tamil Nadu,Thirunelveli,Annual,2000,4.443
RICE_004436,Rice,Tamil Nadu,Thiruvallur,Annual,2000,3.539
RICE_004437,Rice,Tamil Nadu,Thiruvannamalai,Annual,2000,3.024
RICE_004438,Rice,Tamil Nadu,Tiruchirapalli / Trichy,Annual,2000,3.902
RICE_004439,Rice,Tamil Nadu,Tiruvarur,Annual,2000,3.796
RICE_004440,Rice,Tamil Nadu,Villupuram,Annual,2000,3.326
RICE_004441,Rice,Tamil Nadu,Virudhunagar / Kamarajar,Annual,2000,2.808
RICE_004442,Rice,Telangana,Adilabad,Annual,2000,2.159
RICE_004443,Rice,Telangana,Hyderabad,Annual,2000,2.875
RICE_004444,Rice,Telangana,Karimnagar,Annual,2000,3.263
RICE_004445,Rice,Telangana,Khammam,Annual,2000,2.751
RICE_004446,Rice,Telangana,Mahabubnagar,Annual,2000,2.592
RICE_004447,Rice,Telangana,Medak,Annual,2000,2.73
RICE_004448,Rice,Telangana,Nalgonda,Annual,2000,3.036
RICE_004449,Rice,Telangana,Nizamabad,Annual,2000,2.756
RICE_004450,Rice,Telangana,Rangareddy,Annual,2000,2.551
RICE_004451,Rice,Telangana,Warangal,Annual,2000,2.888
RICE_004452,Rice,Uttar Pradesh,Agra,Annual,2000,1.893
RICE_004453,Rice,Uttar Pradesh,Aligarh,Annual,2000,1.972
RICE_004454,Rice,Uttar Pradesh,Allahabad,Annual,2000,1.83
RICE_004455,Rice,Uttar Pradesh,Ambedkar Nagar,Annual,2000,2.474
RICE_004456,Rice,Uttar Pradesh,Amroha/J.B.Fulenagar,Annual,2000,2.33
RICE_004457,Rice,Uttar Pradesh,Auraiya,Annual,2000,1.835
RICE_004458,Rice,Uttar Pradesh,Azamgarh,Annual,2000,1.853
RICE_004459,Rice,Uttar Pradesh,Bagpat,Annual,2000,2.692
RICE_004460,Rice,Uttar Pradesh,Bahraich,Annual,2000,1.843
RICE_004461,Rice,Uttar Pradesh,Ballia,Annual,2000,1.732
RICE_004462,Rice,Uttar Pradesh,Balrampur,Annual,2000,1.62
RICE_004463,Rice,Uttar Pradesh,Banda,Annual,2000,1.008
RICE_004464,Rice,Uttar Pradesh,Barabanki,Annual,2000,1.778
RICE_004465,Rice,Uttar Pradesh,Bareilly,Annual,2000,1.937
RICE_004466,Rice,Uttar Pradesh,Basti,Annual,2000,2.154
RICE_004467,Rice,Uttar Pradesh,Bijnor,Annual,2000,2.785
RICE_004468,Rice,Uttar Pradesh,Budaun,Annual,2000,1.536
RICE_004469,Rice,Uttar Pradesh,Buland Shahar,Annual,2000,2.039
RICE_004470,Rice,Uttar Pradesh,Chandauli,Annual,2000,2.179
RICE_004471,Rice,Uttar Pradesh,Chitrakoot,Annual,2000,0.865
RICE_004472,Rice,Uttar Pradesh,Deoria,Annual,2000,2.441
RICE_004473,Rice,Uttar Pradesh,Etah,Annual,2000,1.806
RICE_004474,Rice,Uttar Pradesh,Etawah,Annual,2000,1.992
RICE_004475,Rice,Uttar Pradesh,Faizabad,Annual,2000,2.123
RICE_004476,Rice,Uttar Pradesh,Farrukhabad,Annual,2000,2.039
RICE_004477,Rice,Uttar Pradesh,Fatehpur,Annual,2000,1.773
RICE_004478,Rice,Uttar Pradesh,Firozabad,Annual,2000,1.596
RICE_004479,Rice,Uttar Pradesh,G.B.Nagar,Annual,2000,1.952
RICE_004480,Rice,Uttar Pradesh,Ghaziabad,Annual,2000,1.982
RICE_004481,Rice,Uttar Pradesh,Ghazipur,Annual,2000,1.899
RICE_004482,Rice,Uttar Pradesh,Gonda,Annual,2000,1.952
RICE_004483,Rice,Uttar Pradesh,Gorakhpur,Annual,2000,1.863
RICE_004484,Rice,Uttar Pradesh,Hamirpur,Annual,2000,0.993
RICE_004485,Rice,Uttar Pradesh,Hardoi,Annual,2000,1.697
RICE_004486,Rice,Uttar Pradesh,Hathras,Annual,2000,2.147
RICE_004487,Rice,Uttar Pradesh,Jalaun,Annual,2000,0.979
RICE_004488,Rice,Uttar Pradesh,Jaunpur,Annual,2000,2.05
RICE_004489,Rice,Uttar Pradesh,Jhansi,Annual,2000,0.979
RICE_004490,Rice,Uttar Pradesh,Kannauj,Annual,2000,1.62
RICE_004491,Rice,Uttar Pradesh,Kanpur Dehat,Annual,2000,1.962
RICE_004492,Rice,Uttar Pradesh,Kanpur Nagar,Annual,2000,1.516
RICE_004493,Rice,Uttar Pradesh,Kheri,Annual,2000,2.54
RICE_004494,Rice,Uttar Pradesh,Kushambi,Annual,2000,2.163
RICE_004495,Rice,Uttar Pradesh,Kushi Nagar / Padrauna,Annual,2000,2.885
RICE_004496,Rice,Uttar Pradesh,Lalitpur,Annual,2000,0.979
RICE_004497,Rice,Uttar Pradesh,Lucknow,Annual,2000,1.268
RICE_004498,Rice,Uttar Pradesh,Mahoba,Annual,2000,0.993
RICE_004499,Rice,Uttar Pradesh,Mahrajgani,Annual,2000,2.512
RICE_004500,Rice,Uttar Pradesh,Mainpuri,Annual,2000,2.018
RICE_004501,Rice,Uttar Pradesh,Mathura,Annual,2000,2.086
RICE_004502,Rice,Uttar Pradesh,Mau,Annual,2000,1.869
RICE_004503,Rice,Uttar Pradesh,Meerut,Annual,2000,2.262
RICE_004504,Rice,Uttar Pradesh,Mirzpur,Annual,2000,1.941
RICE_004505,Rice,Uttar Pradesh,Moradabad,Annual,2000,2.297
RICE_004506,Rice,Uttar Pradesh,Muzaffarnagar,Annual,2000,2.236
RICE_004507,Rice,Uttar Pradesh,Pilibhit,Annual,2000,2.68
RICE_004508,Rice,Uttar Pradesh,Pratapgarh,Annual,2000,1.568
RICE_004509,Rice,Uttar Pradesh,Rae-Bareily,Annual,2000,1.539
RICE_004510,Rice,Uttar Pradesh,Rampur,Annual,2000,2.254
RICE_004511,Rice,Uttar Pradesh,Saharanpur,Annual,2000,2.377
RICE_004512,Rice,Uttar Pradesh,Santh Kabir Nagar,Annual,2000,2.049
RICE_004513,Rice,Uttar Pradesh,Santh Ravi Das Nagar / Bhadoi,Annual,2000,2.046
RICE_004514,Rice,Uttar Pradesh,Shahjahanpur,Annual,2000,2.265
RICE_004515,Rice,Uttar Pradesh,Shravasti,Annual,2000,1.786
RICE_004516,Rice,Uttar Pradesh,Sidharthnagar,Annual,2000,1.66
RICE_004517,Rice,Uttar Pradesh,Sitapur,Annual,2000,1.425
RICE_004518,Rice,Uttar Pradesh,Sonbhadra,Annual,2000,1.457
RICE_004519,Rice,Uttar Pradesh,Sultanpur,Annual,2000,2.056
RICE_004520,Rice,Uttar Pradesh,Unnao,Annual,2000,1.133
RICE_004521,Rice,Uttar Pradesh,Varanasi,Annual,2000,2.405
RICE_004522,Rice,Uttarakhand,Almorah,Annual,2000,0.986
RICE_004523,Rice,Uttarakhand,Bageshwar,Annual,2000,1.965
RICE_004524,Rice,Uttarakhand,Chamoli,Annual,2000,1.068
RICE_004525,Rice,Uttarakhand,Champavat,Annual,2000,1.211
RICE_004526,Rice,Uttarakhand,Dehradun,Annual,2000,1.857
RICE_004527,Rice,Uttarakhand,Garhwal,Annual,2000,1.073
RICE_004528,Rice,Uttarakhand,Haridwar,Annual,2000,2.112
RICE_004529,Rice,Uttarakhand,Nainital,Annual,2000,2.428
RICE_004530,Rice,Uttarakhand,Pithorgarh,Annual,2000,1.156
RICE_004531,Rice,Uttarakhand,Rudraprayag,Annual,2000,1.28
RICE_004532,Rice,Uttarakhand,Tehri Garhwal,Annual,2000,1.744
RICE_004533,Rice,Uttarakhand,Udham Singh Nagar,Annual,2000,3.071
RICE_004534,Rice,Uttarakhand,Uttar Kashi,Annual,2000,1.476
RICE_004535,Rice,West Bengal,24-Paraganas North,Annual,2000,2.34
RICE_004536,Rice,West Bengal,24-Paraganas South,Annual,2000,2.036
RICE_004537,Rice,West Bengal,Bankura,Annual,2000,2.511
RICE_004538,Rice,West Bengal,Birbhum,Annual,2000,2.503
RICE_004539,Rice,West Bengal,Burdwan,Annual,2000,2.697
RICE_004540,Rice,West Bengal,Cooch Behar,Annual,2000,1.772
RICE_004541,Rice,West Bengal,Dakshin Dinajpur,Annual,2000,2.218
RICE_004542,Rice,West Bengal,Darjeeling,Annual,2000,1.549
RICE_004543,Rice,West Bengal,East Midnapore / Purba Midnapore,Annual,2000,2.348
RICE_004544,Rice,West Bengal,Hooghly,Annual,2000,2.527
RICE_004545,Rice,West Bengal,Jalpaiguri,Annual,2000,1.473
RICE_004546,Rice,West Bengal,Jhargram,Annual,2000,1.979
RICE_004547,Rice,West Bengal,Malda,Annual,2000,2.36
RICE_004548,Rice,West Bengal,Murshidabad,Annual,2000,2.446
RICE_004549,Rice,West Bengal,Nadia,Annual,2000,2.836
RICE_004550,Rice,West Bengal,Purulia,Annual,2000,1.812
RICE_004551,Rice,West Bengal,Uttar Dinajpur,Annual,2000,2.22
RICE_004552,Rice,West Bengal,West Midnapore,Annual,2000,2.317
RICE_004553,Rice,Andhra Pradesh,Anantapur,Annual,2001,2.881
RICE_004554,Rice,Andhra Pradesh,Chittoor,Annual,2001,2.614
RICE_004555,Rice,Andhra Pradesh,East Godavari,Annual,2001,3.44
RICE_004556,Rice,Andhra Pradesh,Guntur,Annual,2001,3.517
RICE_004557,Rice,Andhra Pradesh,Kadapa Ysr,Annual,2001,2.575
RICE_004558,Rice,Andhra Pradesh,Krishna,Annual,2001,3.123
RICE_004559,Rice,Andhra Pradesh,Kurnool,Annual,2001,2.694
RICE_004560,Rice,Andhra Pradesh,Prakasam,Annual,2001,3.529
RICE_004561,Rice,Andhra Pradesh,S.P.S. Nellore,Annual,2001,3.354
RICE_004562,Rice,Andhra Pradesh,Srikakulam,Annual,2001,2.203
RICE_004563,Rice,Andhra Pradesh,Visakhapatnam,Annual,2001,1.69
RICE_004564,Rice,Andhra Pradesh,Vizianagaram,Annual,2001,1.904
RICE_004565,Rice,Andhra Pradesh,West Godavari,Annual,2001,3.557
RICE_004566,Rice,Assam,Barpeta,Annual,2001,1.155
RICE_004567,Rice,Assam,Bongaigaon,Annual,2001,1.123
RICE_004568,Rice,Assam,Cachar,Annual,2001,2.201
RICE_004569,Rice,Assam,Darrang,Annual,2001,1.424
RICE_004570,Rice,Assam,Dhemaji,Annual,2001,1.257
RICE_004571,Rice,Assam,Dhubri,Annual,2001,1.497
RICE_004572,Rice,Assam,Dibrugarh,Annual,2001,1.569
RICE_004573,Rice,Assam,Goalpara,Annual,2001,1.639
RICE_004574,Rice,Assam,Golaghat,Annual,2001,2.011
RICE_004575,Rice,Assam,Hailakandi,Annual,2001,1.966
RICE_004576,Rice,Assam,Jorhat,Annual,2001,1.699
RICE_004577,Rice,Assam,Kamrup,Annual,2001,1.537
RICE_004578,Rice,Assam,Karbi Anglong,Annual,2001,1.405
RICE_004579,Rice,Assam,Karimganj,Annual,2001,2.226
RICE_004580,Rice,Assam,Kokrajhar,Annual,2001,1.085
RICE_004581,Rice,Assam,Lakhimpur,Annual,2001,1.015
RICE_004582,Rice,Assam,Marigaon,Annual,2001,1.696
RICE_004583,Rice,Assam,Nagaon,Annual,2001,1.785
RICE_004584,Rice,Assam,Nalbari,Annual,2001,1.151
RICE_004585,Rice,Assam,North Cachar Hil,Annual,2001,1.716
RICE_004586,Rice,Assam,Sibsagar,Annual,2001,2.026
RICE_004587,Rice,Assam,Sonitpur,Annual,2001,1.206
RICE_004588,Rice,Assam,Tinsukia,Annual,2001,1.696
RICE_004589,Rice,Bihar,Araria,Annual,2001,1.098
RICE_004590,Rice,Bihar,Aurangabad,Annual,2001,1.939
RICE_004591,Rice,Bihar,Banka,Annual,2001,1.398
RICE_004592,Rice,Bihar,Begusarai,Annual,2001,1.071
RICE_004593,Rice,Bihar,Bhabhua / Kaimur,Annual,2001,2.468
RICE_004594,Rice,Bihar,Bhagalpur,Annual,2001,0.978
RICE_004595,Rice,Bihar,Bhojpur,Annual,2001,2.339
RICE_004596,Rice,Bihar,Buxar,Annual,2001,2.438
RICE_004597,Rice,Bihar,Champaran (East),Annual,2001,1.328
RICE_004598,Rice,Bihar,Champaran (West),Annual,2001,1.698
RICE_004599,Rice,Bihar,Darbhanga,Annual,2001,0.822
RICE_004600,Rice,Bihar,Gaya,Annual,2001,1.686
RICE_004601,Rice,Bihar,Gopalganj,Annual,2001,1.337
RICE_004602,Rice,Bihar,Jamui,Annual,2001,0.947
RICE_004603,Rice,Bihar,Jehanabad,Annual,2001,1.774
RICE_004604,Rice,Bihar,Katihar,Annual,2001,1.387
RICE_004605,Rice,Bihar,Khagaria,Annual,2001,0.536
RICE_004606,Rice,Bihar,Kishanganj,Annual,2001,1.031
RICE_004607,Rice,Bihar,Lakhisarai,Annual,2001,1.517
RICE_004608,Rice,Bihar,Madhepura,Annual,2001,1.146
RICE_004609,Rice,Bihar,Madhubani,Annual,2001,0.893
RICE_004610,Rice,Bihar,Mungair,Annual,2001,1.407
RICE_004611,Rice,Bihar,Muzaffarpur,Annual,2001,1.276
RICE_004612,Rice,Bihar,Nalanda,Annual,2001,1.568
RICE_004613,Rice,Bihar,Nawada,Annual,2001,1.346
RICE_004614,Rice,Bihar,Patna,Annual,2001,2.057
RICE_004615,Rice,Bihar,Purnea,Annual,2001,1.0
RICE_004616,Rice,Bihar,Rohtas,Annual,2001,2.354
RICE_004617,Rice,Bihar,Saharsa,Annual,2001,1.152
RICE_004618,Rice,Bihar,Samastipur,Annual,2001,1.047
RICE_004619,Rice,Bihar,Saran,Annual,2001,1.213
RICE_004620,Rice,Bihar,Sheikapura,Annual,2001,1.462
RICE_004621,Rice,Bihar,Sheohar,Annual,2001,1.259
RICE_004622,Rice,Bihar,Sitamarhi,Annual,2001,1.163
RICE_004623,Rice,Bihar,Siwan,Annual,2001,1.245
RICE_004624,Rice,Bihar,Supaul,Annual,2001,0.963
RICE_004625,Rice,Bihar,Vaishali,Annual,2001,1.356
RICE_004626,Rice,Chhattisgarh,Bastar,Annual,2001,1.483
RICE_004627,Rice,Chhattisgarh,Bilaspur,Annual,2001,1.404
RICE_004628,Rice,Chhattisgarh,Dantewara,Annual,2001,1.31
RICE_004629,Rice,Chhattisgarh,Dhamtari,Annual,2001,1.5
RICE_004630,Rice,Chhattisgarh,Durg,Annual,2001,1.385
RICE_004631,Rice,Chhattisgarh,Janjgir,Annual,2001,1.517
RICE_004632,Rice,Chhattisgarh,Jashpur,Annual,2001,1.235
RICE_004633,Rice,Chhattisgarh,Kanker,Annual,2001,1.593
RICE_004634,Rice,Chhattisgarh,Kawardha,Annual,2001,1.177
RICE_004635,Rice,Chhattisgarh,Korba,Annual,2001,1.317
RICE_004636,Rice,Chhattisgarh,Koriya,Annual,2001,1.451
RICE_004637,Rice,Chhattisgarh,Mahasmund,Annual,2001,1.197
RICE_004638,Rice,Chhattisgarh,Raigarh,Annual,2001,1.265
RICE_004639,Rice,Chhattisgarh,Raipur,Annual,2001,1.192
RICE_004640,Rice,Chhattisgarh,Rajnandgaon,Annual,2001,1.167
RICE_004641,Rice,Chhattisgarh,Surguja,Annual,2001,1.307
RICE_004642,Rice,Gujarat,Ahmedabad,Annual,2001,1.721
RICE_004643,Rice,Gujarat,Anand,Annual,2001,1.751
RICE_004644,Rice,Gujarat,Bharuch,Annual,2001,1.469
RICE_004645,Rice,Gujarat,Bhavnagar,Annual,2001,2.0
RICE_004646,Rice,Gujarat,Dahod,Annual,2001,0.169
RICE_004647,Rice,Gujarat,Dangs,Annual,2001,1.258
RICE_004648,Rice,Gujarat,Gandhinagar,Annual,2001,2.489
RICE_004649,Rice,Gujarat,Kheda,Annual,2001,1.557
RICE_004650,Rice,Gujarat,Mehsana,Annual,2001,1.795
RICE_004651,Rice,Gujarat,Narmada,Annual,2001,0.616
RICE_004652,Rice,Gujarat,Navsari,Annual,2001,2.471
RICE_004653,Rice,Gujarat,Panchmahal,Annual,2001,0.238
RICE_004654,Rice,Gujarat,Sabarkantha,Annual,2001,1.498
RICE_004655,Rice,Gujarat,Surat,Annual,2001,2.014
RICE_004656,Rice,Gujarat,Surendranagar,Annual,2001,1.286
RICE_004657,Rice,Gujarat,Vadodara,Annual,2001,0.938
RICE_004658,Rice,Gujarat,Valsad,Annual,2001,2.0
RICE_004659,Rice,Haryana,Ambala,Annual,2001,3.111
RICE_004660,Rice,Haryana,Bhiwani,Annual,2001,2.838
RICE_004661,Rice,Haryana,Faridabad,Annual,2001,2.821
RICE_004662,Rice,Haryana,Fatehabad,Annual,2001,3.002
RICE_004663,Rice,Haryana,Gurgaon,Annual,2001,2.8
RICE_004664,Rice,Haryana,Hissar,Annual,2001,1.814
RICE_004665,Rice,Haryana,Jhajjar,Annual,2001,1.384
RICE_004666,Rice,Haryana,Jind,Annual,2001,2.128
RICE_004667,Rice,Haryana,Kaithal,Annual,2001,2.498
RICE_004668,Rice,Haryana,Karnal,Annual,2001,2.976
RICE_004669,Rice,Haryana,Kurukshetra,Annual,2001,3.294
RICE_004670,Rice,Haryana,Panchkula,Annual,2001,2.899
RICE_004671,Rice,Haryana,Panipat,Annual,2001,2.323
RICE_004672,Rice,Haryana,Rewari,Annual,2001,4.286
RICE_004673,Rice,Haryana,Rohtak,Annual,2001,1.343
RICE_004674,Rice,Haryana,Sirsa,Annual,2001,3.172
RICE_004675,Rice,Haryana,Sonepat,Annual,2001,1.881
RICE_004676,Rice,Haryana,Yamunanagar,Annual,2001,2.993
RICE_004677,Rice,Himachal Pradesh,Bilashpur,Annual,2001,1.347
RICE_004678,Rice,Himachal Pradesh,Chamba,Annual,2001,1.416
RICE_004679,Rice,Himachal Pradesh,Hamirpur,Annual,2001,1.422
RICE_004680,Rice,Himachal Pradesh,Kangra,Annual,2001,1.666
RICE_004681,Rice,Himachal Pradesh,Kinnaur,Annual,2001,1.69
RICE_004682,Rice,Himachal Pradesh,Kullu,Annual,2001,1.494
RICE_004683,Rice,Himachal Pradesh,Mandi,Annual,2001,1.709
RICE_004684,Rice,Himachal Pradesh,Shimla,Annual,2001,1.258
RICE_004685,Rice,Himachal Pradesh,Sirmaur,Annual,2001,1.909
RICE_004686,Rice,Himachal Pradesh,Solan,Annual,2001,1.863
RICE_004687,Rice,Himachal Pradesh,Una,Annual,2001,2.4
RICE_004688,Rice,Jharkhand,Bokaro,Annual,2001,1.526
RICE_004689,Rice,Jharkhand,Chatra,Annual,2001,2.88
RICE_004690,Rice,Jharkhand,Devghar / Deogarh,Annual,2001,2.254
RICE_004691,Rice,Jharkhand,Dhanbad,Annual,2001,1.215
RICE_004692,Rice,Jharkhand,Gadva / Garhwa,Annual,2001,1.687
RICE_004693,Rice,Jharkhand,Giridih,Annual,2001,1.736
RICE_004694,Rice,Jharkhand,Godda,Annual,2001,2.389
RICE_004695,Rice,Jharkhand,Gumla,Annual,2001,2.2
RICE_004696,Rice,Jharkhand,Hazaribagh,Annual,2001,1.527
RICE_004697,Rice,Jharkhand,Jamtara,Annual,2001,1.914
RICE_004698,Rice,Jharkhand,Khodrama / Koderma,Annual,2001,2.322
RICE_004699,Rice,Jharkhand,Latehar,Annual,2001,1.8
RICE_004700,Rice,Jharkhand,Lohardagga,Annual,2001,1.225
RICE_004701,Rice,Jharkhand,Pakund / Pakur,Annual,2001,2.2
RICE_004702,Rice,Jharkhand,Palamau,Annual,2001,2.0
RICE_004703,Rice,Jharkhand,Ranchi,Annual,2001,1.5
RICE_004704,Rice,Jharkhand,Sahebganj,Annual,2001,2.011
RICE_004705,Rice,Jharkhand,Santhal Paragana / Dumka,Annual,2001,2.073
RICE_004706,Rice,Jharkhand,Sariakela / Kharsawan,Annual,2001,1.523
RICE_004707,Rice,Jharkhand,Simdega,Annual,2001,1.919
RICE_004708,Rice,Jharkhand,Singhbhum East,Annual,2001,1.713
RICE_004709,Rice,Jharkhand,Singhbhum West,Annual,2001,1.809
RICE_004710,Rice,Karnataka,Bagalkote,Annual,2001,2.337
RICE_004711,Rice,Karnataka,Bangalore (Rural),Annual,2001,2.553
RICE_004712,Rice,Karnataka,Bangalore (Urban),Annual,2001,1.98
RICE_004713,Rice,Karnataka,Belgaum,Annual,2001,0.887
RICE_004714,Rice,Karnataka,Bellary,Annual,2001,3.032
RICE_004715,Rice,Karnataka,Bidar,Annual,2001,0.808
RICE_004716,Rice,Karnataka,Bijapur,Annual,2001,1.5
RICE_004717,Rice,Karnataka,Chamaraja Nagar,Annual,2001,2.928
RICE_004718,Rice,Karnataka,Chickmagalur,Annual,2001,2.353
RICE_004719,Rice,Karnataka,Chitradurga,Annual,2001,2.124
RICE_004720,Rice,Karnataka,Dakshina Kannada,Annual,2001,2.176
RICE_004721,Rice,Karnataka,Davanagere,Annual,2001,3.287
RICE_004722,Rice,Karnataka,Dharwad,Annual,2001,0.237
RICE_004723,Rice,Karnataka,Gadag,Annual,2001,2.126
RICE_004724,Rice,Karnataka,Gulbarga,Annual,2001,1.575
RICE_004725,Rice,Karnataka,Hassan,Annual,2001,2.521
RICE_004726,Rice,Karnataka,Haveri,Annual,2001,0.533
RICE_004727,Rice,Karnataka,Kodagu,Annual,2001,2.496
RICE_004728,Rice,Karnataka,Kolar,Annual,2001,2.112
RICE_004729,Rice,Karnataka,Koppal,Annual,2001,3.378
RICE_004730,Rice,Karnataka,Mandya,Annual,2001,2.965
RICE_004731,Rice,Karnataka,Mysore,Annual,2001,3.153
RICE_004732,Rice,Karnataka,Raichur,Annual,2001,2.901
RICE_004733,Rice,Karnataka,Shimoge,Annual,2001,1.644
RICE_004734,Rice,Karnataka,Tumkur,Annual,2001,2.63
RICE_004735,Rice,Karnataka,Udupi,Annual,2001,2.124
RICE_004736,Rice,Karnataka,Uttara Kannada,Annual,2001,1.112
RICE_004737,Rice,Kerala,Alappuzha,Annual,2001,2.199
RICE_004738,Rice,Kerala,Eranakulam,Annual,2001,1.815
RICE_004739,Rice,Kerala,Idukki,Annual,2001,2.444
RICE_004740,Rice,Kerala,Kannur,Annual,2001,1.771
RICE_004741,Rice,Kerala,Kasaragod,Annual,2001,2.109
RICE_004742,Rice,Kerala,Kollam,Annual,2001,2.176
RICE_004743,Rice,Kerala,Kottayam,Annual,2001,2.272
RICE_004744,Rice,Kerala,Kozhikode,Annual,2001,1.299
RICE_004745,Rice,Kerala,Malappuram,Annual,2001,1.945
RICE_004746,Rice,Kerala,Palakkad,Annual,2001,2.323
RICE_004747,Rice,Kerala,Pathanamthitta,Annual,2001,2.464
RICE_004748,Rice,Kerala,Thiruvananthapuram,Annual,2001,2.157
RICE_004749,Rice,Kerala,Thrissur,Annual,2001,2.277
RICE_004750,Rice,Kerala,Wayanad,Annual,2001,2.495
RICE_004751,Rice,Madhya Pradesh,Balaghat,Annual,2001,1.436
RICE_004752,Rice,Madhya Pradesh,Barwani,Annual,2001,0.423
RICE_004753,Rice,Madhya Pradesh,Betul,Annual,2001,0.88
RICE_004754,Rice,Madhya Pradesh,Bhind,Annual,2001,2.134
RICE_004755,Rice,Madhya Pradesh,Bhopal,Annual,2001,0.667
RICE_004756,Rice,Madhya Pradesh,Chhatarpur,Annual,2001,0.684
RICE_004757,Rice,Madhya Pradesh,Chhindwara,Annual,2001,0.445
RICE_004758,Rice,Madhya Pradesh,Damoh,Annual,2001,0.624
RICE_004759,Rice,Madhya Pradesh,Datia,Annual,2001,1.15
RICE_004760,Rice,Madhya Pradesh,Dewas,Annual,2001,0.625
RICE_004761,Rice,Madhya Pradesh,Dhar,Annual,2001,0.393
RICE_004762,Rice,Madhya Pradesh,Dindori,Annual,2001,0.783
RICE_004763,Rice,Madhya Pradesh,Guna,Annual,2001,0.824
RICE_004764,Rice,Madhya Pradesh,Gwalior,Annual,2001,2.274
RICE_004765,Rice,Madhya Pradesh,Harda,Annual,2001,1.353
RICE_004766,Rice,Madhya Pradesh,Hoshangabad,Annual,2001,1.186
RICE_004767,Rice,Madhya Pradesh,Jabalpur,Annual,2001,0.894
RICE_004768,Rice,Madhya Pradesh,Jhabua,Annual,2001,0.204
RICE_004769,Rice,Madhya Pradesh,Katni,Annual,2001,0.809
RICE_004770,Rice,Madhya Pradesh,Khandwa,Annual,2001,0.768
RICE_004771,Rice,Madhya Pradesh,Khargone,Annual,2001,0.39
RICE_004772,Rice,Madhya Pradesh,Mandla,Annual,2001,0.753
RICE_004773,Rice,Madhya Pradesh,Morena,Annual,2001,1.895
RICE_004774,Rice,Madhya Pradesh,Narsinghpur,Annual,2001,1.167
RICE_004775,Rice,Madhya Pradesh,Panna,Annual,2001,0.547
RICE_004776,Rice,Madhya Pradesh,Raisen,Annual,2001,0.574
RICE_004777,Rice,Madhya Pradesh,Rajgarh,Annual,2001,0.417
RICE_004778,Rice,Madhya Pradesh,Ratlam,Annual,2001,0.5
RICE_004779,Rice,Madhya Pradesh,Rewa,Annual,2001,0.939
RICE_004780,Rice,Madhya Pradesh,Sagar,Annual,2001,0.521
RICE_004781,Rice,Madhya Pradesh,Satna,Annual,2001,1.032
RICE_004782,Rice,Madhya Pradesh,Sehore,Annual,2001,0.647
RICE_004783,Rice,Madhya Pradesh,Seoni,Annual,2001,0.969
RICE_004784,Rice,Madhya Pradesh,Shahdol,Annual,2001,0.92
RICE_004785,Rice,Madhya Pradesh,Shajapur,Annual,2001,0.4
RICE_004786,Rice,Madhya Pradesh,Sheopur Kalan,Annual,2001,2.364
RICE_004787,Rice,Madhya Pradesh,Shivpuri,Annual,2001,1.094
RICE_004788,Rice,Madhya Pradesh,Sidhi,Annual,2001,0.713
RICE_004789,Rice,Madhya Pradesh,Tikamgarh,Annual,2001,0.69
RICE_004790,Rice,Madhya Pradesh,Umaria,Annual,2001,0.484
RICE_004791,Rice,Madhya Pradesh,Vidisha,Annual,2001,0.5
RICE_004792,Rice,Maharashtra,Ahmednagar,Annual,2001,0.562
RICE_004793,Rice,Maharashtra,Amarawati,Annual,2001,0.942
RICE_004794,Rice,Maharashtra,Aurangabad,Annual,2001,0.6
RICE_004795,Rice,Maharashtra,Beed,Annual,2001,0.625
RICE_004796,Rice,Maharashtra,Bhandara,Annual,2001,1.394
RICE_004797,Rice,Maharashtra,Buldhana,Annual,2001,1.0
RICE_004798,Rice,Maharashtra,Chandrapur,Annual,2001,1.443
RICE_004799,Rice,Maharashtra,Dhule,Annual,2001,1.143
RICE_004800,Rice,Maharashtra,Gadchiroli,Annual,2001,1.163
RICE_004801,Rice,Maharashtra,Gondia,Annual,2001,1.313
RICE_004802,Rice,Maharashtra,Hingoli,Annual,2001,0.669
RICE_004803,Rice,Maharashtra,Jalgaon,Annual,2001,0.583
RICE_004804,Rice,Maharashtra,Jalna,Annual,2001,0.667
RICE_004805,Rice,Maharashtra,Kolhapur,Annual,2001,2.733
RICE_004806,Rice,Maharashtra,Latur,Annual,2001,0.647
RICE_004807,Rice,Maharashtra,Nagpur,Annual,2001,1.29
RICE_004808,Rice,Maharashtra,Nanded,Annual,2001,1.021
RICE_004809,Rice,Maharashtra,Nandurbar,Annual,2001,0.615
RICE_004810,Rice,Maharashtra,Nasik,Annual,2001,1.208
RICE_004811,Rice,Maharashtra,Osmanabad,Annual,2001,0.152
RICE_004812,Rice,Maharashtra,Parbhani,Annual,2001,0.552
RICE_004813,Rice,Maharashtra,Pune,Annual,2001,1.462
RICE_004814,Rice,Maharashtra,Raigad,Annual,2001,2.669
RICE_004815,Rice,Maharashtra,Ratnagiri,Annual,2001,2.671
RICE_004816,Rice,Maharashtra,Sangli,Annual,2001,2.667
RICE_004817,Rice,Maharashtra,Satara,Annual,2001,1.731
RICE_004818,Rice,Maharashtra,Sindhudurg,Annual,2001,2.511
RICE_004819,Rice,Maharashtra,Solapur,Annual,2001,1.333
RICE_004820,Rice,Maharashtra,Thane,Annual,2001,2.448
RICE_004821,Rice,Maharashtra,Wardha,Annual,2001,0.6
RICE_004822,Rice,Maharashtra,Washim,Annual,2001,1.0
RICE_004823,Rice,Maharashtra,Yeotmal,Annual,2001,1.0
RICE_004824,Rice,Orissa,Angul,Annual,2001,1.639
RICE_004825,Rice,Orissa,Balasore,Annual,2001,1.756
RICE_004826,Rice,Orissa,Bargarh,Annual,2001,1.961
RICE_004827,Rice,Orissa,Bhadrak,Annual,2001,1.927
RICE_004828,Rice,Orissa,Bolangir,Annual,2001,1.527
RICE_004829,Rice,Orissa,Boudh,Annual,2001,1.238
RICE_004830,Rice,Orissa,Cuttack,Annual,2001,1.669
RICE_004831,Rice,Orissa,Deogarh,Annual,2001,1.304
RICE_004832,Rice,Orissa,Dhenkanal,Annual,2001,1.854
RICE_004833,Rice,Orissa,Gajapati,Annual,2001,1.937
RICE_004834,Rice,Orissa,Ganjam,Annual,2001,2.158
RICE_004835,Rice,Orissa,Jagatsinghapur,Annual,2001,1.704
RICE_004836,Rice,Orissa,Jajapur,Annual,2001,1.594
RICE_004837,Rice,Orissa,Jharsuguda,Annual,2001,1.503
RICE_004838,Rice,Orissa,Kalahandi,Annual,2001,1.376
RICE_004839,Rice,Orissa,Kendrapara,Annual,2001,1.432
RICE_004840,Rice,Orissa,Keonjhar,Annual,2001,1.33
RICE_004841,Rice,Orissa,Khurda,Annual,2001,1.49
RICE_004842,Rice,Orissa,Koraput,Annual,2001,1.496
RICE_004843,Rice,Orissa,Malkangiri,Annual,2001,1.084
RICE_004844,Rice,Orissa,Mayurbhanja,Annual,2001,1.535
RICE_004845,Rice,Orissa,Nawarangpur,Annual,2001,1.27
RICE_004846,Rice,Orissa,Nayagarh,Annual,2001,1.619
RICE_004847,Rice,Orissa,Nuapada,Annual,2001,1.262
RICE_004848,Rice,Orissa,Phulbani ( Kandhamal ),Annual,2001,1.51
RICE_004849,Rice,Orissa,Puri,Annual,2001,1.666
RICE_004850,Rice,Orissa,Rayagada,Annual,2001,1.514
RICE_004851,Rice,Orissa,Sambalpur,Annual,2001,1.824
RICE_004852,Rice,Orissa,Sonepur,Annual,2001,1.884
RICE_004853,Rice,Orissa,Sundargarh,Annual,2001,0.977
RICE_004854,Rice,Punjab,Amritsar,Annual,2001,3.003
RICE_004855,Rice,Punjab,Bhatinda,Annual,2001,3.744
RICE_004856,Rice,Punjab,Faridkot,Annual,2001,3.829
RICE_004857,Rice,Punjab,Fatehgarh Sahib,Annual,2001,4.0
RICE_004858,Rice,Punjab,Ferozpur,Annual,2001,3.757
RICE_004859,Rice,Punjab,Gurdaspur,Annual,2001,2.943
RICE_004860,Rice,Punjab,Hoshiarpur,Annual,2001,2.85
RICE_004861,Rice,Punjab,Jalandhar,Annual,2001,3.371
RICE_004862,Rice,Punjab,Kapurthala,Annual,2001,3.467
RICE_004863,Rice,Punjab,Ludhiana,Annual,2001,3.898
RICE_004864,Rice,Punjab,Mansa,Annual,2001,3.559
RICE_004865,Rice,Punjab,Moga,Annual,2001,3.809
RICE_004866,Rice,Punjab,Patiala,Annual,2001,3.618
RICE_004867,Rice,Punjab,Roopnagar,Annual,2001,3.196
RICE_004868,Rice,Punjab,S.B.S Nagar,Annual,2001,3.178
RICE_004869,Rice,Punjab,Sangrur,Annual,2001,3.903
RICE_004870,Rice,Punjab,Shri Mukatsar Sahib,Annual,2001,3.677
RICE_004871,Rice,Rajasthan,Ajmer,Annual,2001,1.255
RICE_004872,Rice,Rajasthan,Alwar,Annual,2001,1.248
RICE_004873,Rice,Rajasthan,Banswara,Annual,2001,0.343
RICE_004874,Rice,Rajasthan,Baran,Annual,2001,1.549
RICE_004875,Rice,Rajasthan,Bharatpur,Annual,2001,1.332
RICE_004876,Rice,Rajasthan,Bhilwara,Annual,2001,1.246
RICE_004877,Rice,Rajasthan,Bundi,Annual,2001,1.061
RICE_004878,Rice,Rajasthan,Chittorgarh,Annual,2001,1.247
RICE_004879,Rice,Rajasthan,Dausa,Annual,2001,1.0
RICE_004880,Rice,Rajasthan,Dholpur,Annual,2001,1.247
RICE_004881,Rice,Rajasthan,Dungarpur,Annual,2001,0.414
RICE_004882,Rice,Rajasthan,Ganganagar,Annual,2001,2.246
RICE_004883,Rice,Rajasthan,Hanumangarh,Annual,2001,3.048
RICE_004884,Rice,Rajasthan,Jaipur,Annual,2001,1.222
RICE_004885,Rice,Rajasthan,Jhalawar,Annual,2001,1.247
RICE_004886,Rice,Rajasthan,Karoli,Annual,2001,0.232
RICE_004887,Rice,Rajasthan,Kota,Annual,2001,1.829
RICE_004888,Rice,Rajasthan,Rajsamand,Annual,2001,1.246
RICE_004889,Rice,Rajasthan,Sirohi,Annual,2001,1.286
RICE_004890,Rice,Rajasthan,Swami Madhopur,Annual,2001,1.248
RICE_004891,Rice,Rajasthan,Tonk,Annual,2001,1.25
RICE_004892,Rice,Rajasthan,Udaipur,Annual,2001,1.122
RICE_004893,Rice,Tamil Nadu,Chengalpattu Mgr / Kancheepuram,Annual,2001,3.544
RICE_004894,Rice,Tamil Nadu,Chidambanar / Toothukudi,Annual,2001,4.194
RICE_004895,Rice,Tamil Nadu,Coimbatore,Annual,2001,3.527
RICE_004896,Rice,Tamil Nadu,Dharmapuri,Annual,2001,3.488
RICE_004897,Rice,Tamil Nadu,Dindigul Anna,Annual,2001,4.739
RICE_004898,Rice,Tamil Nadu,Kanyakumari,Annual,2001,4.3
RICE_004899,Rice,Tamil Nadu,Karur,Annual,2001,3.612
RICE_004900,Rice,Tamil Nadu,Madurai,Annual,2001,3.986
RICE_004901,Rice,Tamil Nadu,Nagapattinam,Annual,2001,2.541
RICE_004902,Rice,Tamil Nadu,Namakkal,Annual,2001,4.57
RICE_004903,Rice,Tamil Nadu,North Arcot / Vellore,Annual,2001,3.895
RICE_004904,Rice,Tamil Nadu,Perambular,Annual,2001,2.436
RICE_004905,Rice,Tamil Nadu,Periyar (Erode),Annual,2001,4.634
RICE_004906,Rice,Tamil Nadu,Pudukkottai,Annual,2001,2.642
RICE_004907,Rice,Tamil Nadu,Ramananthapuram,Annual,2001,1.364
RICE_004908,Rice,Tamil Nadu,Salem,Annual,2001,4.419
RICE_004909,Rice,Tamil Nadu,Sivagangai / Pasumpon,Annual,2001,2.066
RICE_004910,Rice,Tamil Nadu,South Arcot / Cuddalore,Annual,2001,3.717
RICE_004911,Rice,Tamil Nadu,Thanjavur,Annual,2001,2.923
RICE_004912,Rice,Tamil Nadu,The Nilgiris,Annual,2001,3.918
RICE_004913,Rice,Tamil Nadu,Theni,Annual,2001,4.47
RICE_004914,Rice,Tamil Nadu,Thirunelveli,Annual,2001,4.031
RICE_004915,Rice,Tamil Nadu,Thiruvallur,Annual,2001,3.406
RICE_004916,Rice,Tamil Nadu,Thiruvannamalai,Annual,2001,3.024
RICE_004917,Rice,Tamil Nadu,Tiruchirapalli / Trichy,Annual,2001,4.1
RICE_004918,Rice,Tamil Nadu,Tiruvarur,Annual,2001,2.633
RICE_004919,Rice,Tamil Nadu,Villupuram,Annual,2001,3.607
RICE_004920,Rice,Tamil Nadu,Virudhunagar / Kamarajar,Annual,2001,3.14
RICE_004921,Rice,Telangana,Adilabad,Annual,2001,2.252
RICE_004922,Rice,Telangana,Karimnagar,Annual,2001,3.116
RICE_004923,Rice,Telangana,Khammam,Annual,2001,2.84
RICE_004924,Rice,Telangana,Mahabubnagar,Annual,2001,2.389
RICE_004925,Rice,Telangana,Medak,Annual,2001,2.548
RICE_004926,Rice,Telangana,Nalgonda,Annual,2001,2.708
RICE_004927,Rice,Telangana,Nizamabad,Annual,2001,2.531
RICE_004928,Rice,Telangana,Rangareddy,Annual,2001,2.656
RICE_004929,Rice,Telangana,Warangal,Annual,2001,2.869
RICE_004930,Rice,Uttar Pradesh,Agra,Annual,2001,1.879
RICE_004931,Rice,Uttar Pradesh,Aligarh,Annual,2001,1.935
RICE_004932,Rice,Uttar Pradesh,Allahabad,Annual,2001,2.0
RICE_004933,Rice,Uttar Pradesh,Ambedkar Nagar,Annual,2001,2.419
RICE_004934,Rice,Uttar Pradesh,Amroha/J.B.Fulenagar,Annual,2001,2.226
RICE_004935,Rice,Uttar Pradesh,Auraiya,Annual,2001,2.434
RICE_004936,Rice,Uttar Pradesh,Azamgarh,Annual,2001,2.068
RICE_004937,Rice,Uttar Pradesh,Bagpat,Annual,2001,2.282
RICE_004938,Rice,Uttar Pradesh,Bahraich,Annual,2001,1.97
RICE_004939,Rice,Uttar Pradesh,Ballia,Annual,2001,1.936
RICE_004940,Rice,Uttar Pradesh,Balrampur,Annual,2001,1.896
RICE_004941,Rice,Uttar Pradesh,Banda,Annual,2001,1.399
RICE_004942,Rice,Uttar Pradesh,Barabanki,Annual,2001,2.121
RICE_004943,Rice,Uttar Pradesh,Bareilly,Annual,2001,2.069
RICE_004944,Rice,Uttar Pradesh,Basti,Annual,2001,2.129
RICE_004945,Rice,Uttar Pradesh,Bijnor,Annual,2001,3.013
RICE_004946,Rice,Uttar Pradesh,Budaun,Annual,2001,1.563
RICE_004947,Rice,Uttar Pradesh,Buland Shahar,Annual,2001,2.25
RICE_004948,Rice,Uttar Pradesh,Chandauli,Annual,2001,2.853
RICE_004949,Rice,Uttar Pradesh,Chitrakoot,Annual,2001,1.135
RICE_004950,Rice,Uttar Pradesh,Deoria,Annual,2001,1.948
RICE_004951,Rice,Uttar Pradesh,Etah,Annual,2001,1.498
RICE_004952,Rice,Uttar Pradesh,Etawah,Annual,2001,2.211
RICE_004953,Rice,Uttar Pradesh,Faizabad,Annual,2001,2.399
RICE_004954,Rice,Uttar Pradesh,Farrukhabad,Annual,2001,2.103
RICE_004955,Rice,Uttar Pradesh,Fatehpur,Annual,2001,2.038
RICE_004956,Rice,Uttar Pradesh,Firozabad,Annual,2001,1.759
RICE_004957,Rice,Uttar Pradesh,G.B.Nagar,Annual,2001,2.685
RICE_004958,Rice,Uttar Pradesh,Ghaziabad,Annual,2001,2.357
RICE_004959,Rice,Uttar Pradesh,Ghazipur,Annual,2001,2.198
RICE_004960,Rice,Uttar Pradesh,Gonda,Annual,2001,2.008
RICE_004961,Rice,Uttar Pradesh,Gorakhpur,Annual,2001,1.687
RICE_004962,Rice,Uttar Pradesh,Hamirpur,Annual,2001,1.333
RICE_004963,Rice,Uttar Pradesh,Hardoi,Annual,2001,1.714
RICE_004964,Rice,Uttar Pradesh,Hathras,Annual,2001,1.378
RICE_004965,Rice,Uttar Pradesh,Jalaun,Annual,2001,0.706
RICE_004966,Rice,Uttar Pradesh,Jaunpur,Annual,2001,2.069
RICE_004967,Rice,Uttar Pradesh,Jhansi,Annual,2001,0.706
RICE_004968,Rice,Uttar Pradesh,Kannauj,Annual,2001,1.965
RICE_004969,Rice,Uttar Pradesh,Kanpur Dehat,Annual,2001,2.037
RICE_004970,Rice,Uttar Pradesh,Kanpur Nagar,Annual,2001,1.814
RICE_004971,Rice,Uttar Pradesh,Kheri,Annual,2001,2.583
RICE_004972,Rice,Uttar Pradesh,Kushambi,Annual,2001,2.184
RICE_004973,Rice,Uttar Pradesh,Kushi Nagar / Padrauna,Annual,2001,2.423
RICE_004974,Rice,Uttar Pradesh,Lalitpur,Annual,2001,0.705
RICE_004975,Rice,Uttar Pradesh,Lucknow,Annual,2001,1.721
RICE_004976,Rice,Uttar Pradesh,Mahoba,Annual,2001,1.332
RICE_004977,Rice,Uttar Pradesh,Mahrajgani,Annual,2001,2.242
RICE_004978,Rice,Uttar Pradesh,Mainpuri,Annual,2001,2.093
RICE_004979,Rice,Uttar Pradesh,Mathura,Annual,2001,2.054
RICE_004980,Rice,Uttar Pradesh,Mau,Annual,2001,1.911
RICE_004981,Rice,Uttar Pradesh,Meerut,Annual,2001,2.147
RICE_004982,Rice,Uttar Pradesh,Mirzpur,Annual,2001,2.227
RICE_004983,Rice,Uttar Pradesh,Moradabad,Annual,2001,2.302
RICE_004984,Rice,Uttar Pradesh,Muzaffarnagar,Annual,2001,2.663
RICE_004985,Rice,Uttar Pradesh,Pilibhit,Annual,2001,3.035
RICE_004986,Rice,Uttar Pradesh,Pratapgarh,Annual,2001,1.993
RICE_004987,Rice,Uttar Pradesh,Rae-Bareily,Annual,2001,2.096
RICE_004988,Rice,Uttar Pradesh,Rampur,Annual,2001,2.4
RICE_004989,Rice,Uttar Pradesh,Saharanpur,Annual,2001,2.255
RICE_004990,Rice,Uttar Pradesh,Santh Kabir Nagar,Annual,2001,2.202
RICE_004991,Rice,Uttar Pradesh,Santh Ravi Das Nagar / Bhadoi,Annual,2001,2.083
RICE_004992,Rice,Uttar Pradesh,Shahjahanpur,Annual,2001,2.38
RICE_004993,Rice,Uttar Pradesh,Shravasti,Annual,2001,1.927
RICE_004994,Rice,Uttar Pradesh,Sidharthnagar,Annual,2001,1.845
RICE_004995,Rice,Uttar Pradesh,Sitapur,Annual,2001,1.717
RICE_004996,Rice,Uttar Pradesh,Sonbhadra,Annual,2001,2.03
RICE_004997,Rice,Uttar Pradesh,Sultanpur,Annual,2001,2.233
RICE_004998,Rice,Uttar Pradesh,Unnao,Annual,2001,1.569
RICE_004999,Rice,Uttar Pradesh,Varanasi,Annual,2001,2.505
RICE_005000,Rice,Uttarakhand,Almorah,Annual,2001,1.255
RICE_005001,Rice,Uttarakhand,Bageshwar,Annual,2001,1.233
RICE_005002,Rice,Uttarakhand,Chamoli,Annual,2001,1.216
RICE_005003,Rice,Uttarakhand,Champavat,Annual,2001,1.151
RICE_005004,Rice,Uttarakhand,Dehradun,Annual,2001,1.826
RICE_005005,Rice,Uttarakhand,Garhwal,Annual,2001,1.107
RICE_005006,Rice,Uttarakhand,Haridwar,Annual,2001,2.106
RICE_005007,Rice,Uttarakhand,Nainital,Annual,2001,2.422
RICE_005008,Rice,Uttarakhand,Pithorgarh,Annual,2001,1.243
RICE_005009,Rice,Uttarakhand,Rudraprayag,Annual,2001,1.227
RICE_005010,Rice,Uttarakhand,Tehri Garhwal,Annual,2001,1.628
RICE_005011,Rice,Uttarakhand,Udham Singh Nagar,Annual,2001,3.057
RICE_005012,Rice,Uttarakhand,Uttar Kashi,Annual,2001,1.441
RICE_005013,Rice,West Bengal,24-Paraganas North,Annual,2001,2.581
RICE_005014,Rice,West Bengal,24-Paraganas South,Annual,2001,2.336
RICE_005015,Rice,West Bengal,Bankura,Annual,2001,2.801
RICE_005016,Rice,West Bengal,Birbhum,Annual,2001,2.937
RICE_005017,Rice,West Bengal,Burdwan,Annual,2001,2.925
RICE_005018,Rice,West Bengal,Cooch Behar,Annual,2001,1.672
RICE_005019,Rice,West Bengal,Dakshin Dinajpur,Annual,2001,2.013
RICE_005020,Rice,West Bengal,Darjeeling,Annual,2001,1.645
RICE_005021,Rice,West Bengal,East Midnapore / Purba Midnapore,Annual,2001,2.487
RICE_005022,Rice,West Bengal,Hooghly,Annual,2001,2.725
RICE_005023,Rice,West Bengal,Jalpaiguri,Annual,2001,1.601
RICE_005024,Rice,West Bengal,Jhargram,Annual,2001,2.344
RICE_005025,Rice,West Bengal,Malda,Annual,2001,2.513
RICE_005026,Rice,West Bengal,Murshidabad,Annual,2001,2.747
RICE_005027,Rice,West Bengal,Nadia,Annual,2001,2.806
RICE_005028,Rice,West Bengal,Purulia,Annual,2001,2.528
RICE_005029,Rice,West Bengal,Uttar Dinajpur,Annual,2001,1.983
RICE_005030,Rice,West Bengal,West Midnapore,Annual,2001,2.546
RICE_005031,Rice,Andhra Pradesh,Anantapur,Annual,2002,2.15
RICE_005032,Rice,Andhra Pradesh,Chittoor,Annual,2002,2.54
RICE_005033,Rice,Andhra Pradesh,East Godavari,Annual,2002,3.465
RICE_005034,Rice,Andhra Pradesh,Guntur,Annual,2002,3.175
RICE_005035,Rice,Andhra Pradesh,Kadapa Ysr,Annual,2002,2.0
RICE_005036,Rice,Andhra Pradesh,Krishna,Annual,2002,3.118
RICE_005037,Rice,Andhra Pradesh,Kurnool,Annual,2002,2.136
RICE_005038,Rice,Andhra Pradesh,Prakasam,Annual,2002,2.323
RICE_005039,Rice,Andhra Pradesh,S.P.S. Nellore,Annual,2002,3.068
RICE_005040,Rice,Andhra Pradesh,Srikakulam,Annual,2002,1.753
RICE_005041,Rice,Andhra Pradesh,Visakhapatnam,Annual,2002,1.0
RICE_005042,Rice,Andhra Pradesh,Vizianagaram,Annual,2002,1.232
RICE_005043,Rice,Andhra Pradesh,West Godavari,Annual,2002,3.512
RICE_005044,Rice,Assam,Barpeta,Annual,2002,1.032
RICE_005045,Rice,Assam,Bongaigaon,Annual,2002,1.2
RICE_005046,Rice,Assam,Cachar,Annual,2002,2.093
RICE_005047,Rice,Assam,Darrang,Annual,2002,1.205
RICE_005048,Rice,Assam,Dhemaji,Annual,2002,1.087
RICE_005049,Rice,Assam,Dhubri,Annual,2002,1.552
RICE_005050,Rice,Assam,Dibrugarh,Annual,2002,1.466
RICE_005051,Rice,Assam,Goalpara,Annual,2002,1.669
RICE_005052,Rice,Assam,Golaghat,Annual,2002,2.045
RICE_005053,Rice,Assam,Hailakandi,Annual,2002,2.097
RICE_005054,Rice,Assam,Jorhat,Annual,2002,1.569
RICE_005055,Rice,Assam,Kamrup,Annual,2002,1.453
RICE_005056,Rice,Assam,Karbi Anglong,Annual,2002,1.496
RICE_005057,Rice,Assam,Karimganj,Annual,2002,2.175
RICE_005058,Rice,Assam,Kokrajhar,Annual,2002,1.326
RICE_005059,Rice,Assam,Lakhimpur,Annual,2002,0.909
RICE_005060,Rice,Assam,Marigaon,Annual,2002,1.56
RICE_005061,Rice,Assam,Nagaon,Annual,2002,1.712
RICE_005062,Rice,Assam,Nalbari,Annual,2002,1.198
RICE_005063,Rice,Assam,North Cachar Hil,Annual,2002,1.695
RICE_005064,Rice,Assam,Sibsagar,Annual,2002,1.882
RICE_005065,Rice,Assam,Sonitpur,Annual,2002,1.308
RICE_005066,Rice,Assam,Tinsukia,Annual,2002,1.218
RICE_005067,Rice,Bihar,Araria,Annual,2002,1.123
RICE_005068,Rice,Bihar,Aurangabad,Annual,2002,1.898
RICE_005069,Rice,Bihar,Banka,Annual,2002,1.417
RICE_005070,Rice,Bihar,Begusarai,Annual,2002,0.966
RICE_005071,Rice,Bihar,Bhabhua / Kaimur,Annual,2002,2.628
RICE_005072,Rice,Bihar,Bhagalpur,Annual,2002,1.13
RICE_005073,Rice,Bihar,Bhojpur,Annual,2002,1.848
RICE_005074,Rice,Bihar,Buxar,Annual,2002,2.5
RICE_005075,Rice,Bihar,Champaran (East),Annual,2002,1.395
RICE_005076,Rice,Bihar,Champaran (West),Annual,2002,1.839
RICE_005077,Rice,Bihar,Darbhanga,Annual,2002,0.745
RICE_005078,Rice,Bihar,Gaya,Annual,2002,1.649
RICE_005079,Rice,Bihar,Gopalganj,Annual,2002,1.17
RICE_005080,Rice,Bihar,Jamui,Annual,2002,1.321
RICE_005081,Rice,Bihar,Jehanabad,Annual,2002,1.656
RICE_005082,Rice,Bihar,Katihar,Annual,2002,1.282
RICE_005083,Rice,Bihar,Khagaria,Annual,2002,0.231
RICE_005084,Rice,Bihar,Kishanganj,Annual,2002,1.08
RICE_005085,Rice,Bihar,Lakhisarai,Annual,2002,1.412
RICE_005086,Rice,Bihar,Madhepura,Annual,2002,1.322
RICE_005087,Rice,Bihar,Madhubani,Annual,2002,0.77
RICE_005088,Rice,Bihar,Mungair,Annual,2002,1.167
RICE_005089,Rice,Bihar,Muzaffarpur,Annual,2002,1.082
RICE_005090,Rice,Bihar,Nalanda,Annual,2002,0.892
RICE_005091,Rice,Bihar,Nawada,Annual,2002,1.531
RICE_005092,Rice,Bihar,Patna,Annual,2002,2.019
RICE_005093,Rice,Bihar,Purnea,Annual,2002,1.15
RICE_005094,Rice,Bihar,Rohtas,Annual,2002,2.415
RICE_005095,Rice,Bihar,Saharsa,Annual,2002,0.989
RICE_005096,Rice,Bihar,Samastipur,Annual,2002,0.788
RICE_005097,Rice,Bihar,Saran,Annual,2002,1.138
RICE_005098,Rice,Bihar,Sheikapura,Annual,2002,1.9
RICE_005099,Rice,Bihar,Sheohar,Annual,2002,1.25
RICE_005100,Rice,Bihar,Sitamarhi,Annual,2002,1.037
RICE_005101,Rice,Bihar,Siwan,Annual,2002,1.236
RICE_005102,Rice,Bihar,Supaul,Annual,2002,1.222
RICE_005103,Rice,Bihar,Vaishali,Annual,2002,1.29
RICE_005104,Rice,Chhattisgarh,Bastar,Annual,2002,0.497
RICE_005105,Rice,Chhattisgarh,Bilaspur,Annual,2002,0.67
RICE_005106,Rice,Chhattisgarh,Dantewara,Annual,2002,0.557
RICE_005107,Rice,Chhattisgarh,Dhamtari,Annual,2002,1.184
RICE_005108,Rice,Chhattisgarh,Durg,Annual,2002,0.539
RICE_005109,Rice,Chhattisgarh,Janjgir,Annual,2002,1.183
RICE_005110,Rice,Chhattisgarh,Jashpur,Annual,2002,0.644
RICE_005111,Rice,Chhattisgarh,Kanker,Annual,2002,0.554
RICE_005112,Rice,Chhattisgarh,Kawardha,Annual,2002,0.881
RICE_005113,Rice,Chhattisgarh,Korba,Annual,2002,0.756
RICE_005114,Rice,Chhattisgarh,Koriya,Annual,2002,0.541
RICE_005115,Rice,Chhattisgarh,Mahasmund,Annual,2002,0.447
RICE_005116,Rice,Chhattisgarh,Raigarh,Annual,2002,0.704
RICE_005117,Rice,Chhattisgarh,Raipur,Annual,2002,0.748
RICE_005118,Rice,Chhattisgarh,Rajnandgaon,Annual,2002,0.76
RICE_005119,Rice,Chhattisgarh,Surguja,Annual,2002,0.71
RICE_005120,Rice,Gujarat,Ahmedabad,Annual,2002,0.828
RICE_005121,Rice,Gujarat,Anand,Annual,2002,1.377
RICE_005122,Rice,Gujarat,Bharuch,Annual,2002,1.716
RICE_005123,Rice,Gujarat,Bhavnagar,Annual,2002,1.667
RICE_005124,Rice,Gujarat,Dahod,Annual,2002,0.263
RICE_005125,Rice,Gujarat,Dangs,Annual,2002,0.754
RICE_005126,Rice,Gujarat,Gandhinagar,Annual,2002,2.13
RICE_005127,Rice,Gujarat,Kheda,Annual,2002,1.295
RICE_005128,Rice,Gujarat,Mehsana,Annual,2002,1.322
RICE_005129,Rice,Gujarat,Narmada,Annual,2002,0.648
RICE_005130,Rice,Gujarat,Navsari,Annual,2002,2.325
RICE_005131,Rice,Gujarat,Panchmahal,Annual,2002,0.339
RICE_005132,Rice,Gujarat,Sabarkantha,Annual,2002,1.289
RICE_005133,Rice,Gujarat,Surat,Annual,2002,2.326
RICE_005134,Rice,Gujarat,Surendranagar,Annual,2002,1.4
RICE_005135,Rice,Gujarat,Vadodara,Annual,2002,1.032
RICE_005136,Rice,Gujarat,Valsad,Annual,2002,1.487
RICE_005137,Rice,Haryana,Ambala,Annual,2002,2.976
RICE_005138,Rice,Haryana,Bhiwani,Annual,2002,2.923
RICE_005139,Rice,Haryana,Faridabad,Annual,2002,2.652
RICE_005140,Rice,Haryana,Fatehabad,Annual,2002,3.019
RICE_005141,Rice,Haryana,Gurgaon,Annual,2002,3.077
RICE_005142,Rice,Haryana,Hissar,Annual,2002,1.925
RICE_005143,Rice,Haryana,Jhajjar,Annual,2002,2.923
RICE_005144,Rice,Haryana,Jind,Annual,2002,1.876
RICE_005145,Rice,Haryana,Kaithal,Annual,2002,2.609
RICE_005146,Rice,Haryana,Karnal,Annual,2002,2.678
RICE_005147,Rice,Haryana,Kurukshetra,Annual,2002,3.471
RICE_005148,Rice,Haryana,Panchkula,Annual,2002,2.807
RICE_005149,Rice,Haryana,Panipat,Annual,2002,2.516
RICE_005150,Rice,Haryana,Rohtak,Annual,2002,1.081
RICE_005151,Rice,Haryana,Sirsa,Annual,2002,3.208
RICE_005152,Rice,Haryana,Sonepat,Annual,2002,2.182
RICE_005153,Rice,Haryana,Yamunanagar,Annual,2002,3.008
RICE_005154,Rice,Himachal Pradesh,Bilashpur,Annual,2002,0.442
RICE_005155,Rice,Himachal Pradesh,Chamba,Annual,2002,1.78
RICE_005156,Rice,Himachal Pradesh,Hamirpur,Annual,2002,0.648
RICE_005157,Rice,Himachal Pradesh,Kangra,Annual,2002,0.921
RICE_005158,Rice,Himachal Pradesh,Kinnaur,Annual,2002,1.032
RICE_005159,Rice,Himachal Pradesh,Kullu,Annual,2002,1.615
RICE_005160,Rice,Himachal Pradesh,Mandi,Annual,2002,1.073
RICE_005161,Rice,Himachal Pradesh,Shimla,Annual,2002,0.854
RICE_005162,Rice,Himachal Pradesh,Sirmaur,Annual,2002,1.099
RICE_005163,Rice,Himachal Pradesh,Solan,Annual,2002,1.592
RICE_005164,Rice,Himachal Pradesh,Una,Annual,2002,1.532
RICE_005165,Rice,Jharkhand,Bokaro,Annual,2002,1.065
RICE_005166,Rice,Jharkhand,Chatra,Annual,2002,1.848
RICE_005167,Rice,Jharkhand,Devghar / Deogarh,Annual,2002,1.817
RICE_005168,Rice,Jharkhand,Dhanbad,Annual,2002,1.555
RICE_005169,Rice,Jharkhand,Gadva / Garhwa,Annual,2002,1.441
RICE_005170,Rice,Jharkhand,Giridih,Annual,2002,1.378
RICE_005171,Rice,Jharkhand,Godda,Annual,2002,1.913
RICE_005172,Rice,Jharkhand,Gumla,Annual,2002,0.089
RICE_005173,Rice,Jharkhand,Hazaribagh,Annual,2002,1.522
RICE_005174,Rice,Jharkhand,Khodrama / Koderma,Annual,2002,1.895
RICE_005175,Rice,Jharkhand,Lohardagga,Annual,2002,1.231
RICE_005176,Rice,Jharkhand,Pakund / Pakur,Annual,2002,2.178
RICE_005177,Rice,Jharkhand,Palamau,Annual,2002,0.939
RICE_005178,Rice,Jharkhand,Ranchi,Annual,2002,1.638
RICE_005179,Rice,Jharkhand,Sahebganj,Annual,2002,1.792
RICE_005180,Rice,Jharkhand,Santhal Paragana / Dumka,Annual,2002,2.139
RICE_005181,Rice,Jharkhand,Singhbhum East,Annual,2002,1.437
RICE_005182,Rice,Jharkhand,Singhbhum West,Annual,2002,1.132
RICE_005183,Rice,Karnataka,Bagalkote,Annual,2002,1.937
RICE_005184,Rice,Karnataka,Bangalore (Rural),Annual,2002,2.298
RICE_005185,Rice,Karnataka,Bangalore (Urban),Annual,2002,2.142
RICE_005186,Rice,Karnataka,Belgaum,Annual,2002,0.58
RICE_005187,Rice,Karnataka,Bellary,Annual,2002,3.27
RICE_005188,Rice,Karnataka,Bidar,Annual,2002,0.565
RICE_005189,Rice,Karnataka,Bijapur,Annual,2002,1.067
RICE_005190,Rice,Karnataka,Chamaraja Nagar,Annual,2002,3.112
RICE_005191,Rice,Karnataka,Chickmagalur,Annual,2002,1.988
RICE_005192,Rice,Karnataka,Chitradurga,Annual,2002,2.124
RICE_005193,Rice,Karnataka,Dakshina Kannada,Annual,2002,2.131
RICE_005194,Rice,Karnataka,Davanagere,Annual,2002,2.904
RICE_005195,Rice,Karnataka,Dharwad,Annual,2002,0.213
RICE_005196,Rice,Karnataka,Gadag,Annual,2002,2.169
RICE_005197,Rice,Karnataka,Gulbarga,Annual,2002,2.132
RICE_005198,Rice,Karnataka,Hassan,Annual,2002,1.685
RICE_005199,Rice,Karnataka,Haveri,Annual,2002,0.481
RICE_005200,Rice,Karnataka,Kodagu,Annual,2002,1.98
RICE_005201,Rice,Karnataka,Kolar,Annual,2002,1.976
RICE_005202,Rice,Karnataka,Koppal,Annual,2002,3.97
RICE_005203,Rice,Karnataka,Mandya,Annual,2002,2.837
RICE_005204,Rice,Karnataka,Mysore,Annual,2002,2.704
RICE_005205,Rice,Karnataka,Raichur,Annual,2002,3.246
RICE_005206,Rice,Karnataka,Shimoge,Annual,2002,1.543
RICE_005207,Rice,Karnataka,Tumkur,Annual,2002,2.502
RICE_005208,Rice,Karnataka,Udupi,Annual,2002,2.093
RICE_005209,Rice,Karnataka,Uttara Kannada,Annual,2002,1.203
RICE_005210,Rice,Kerala,Alappuzha,Annual,2002,3.09
RICE_005211,Rice,Kerala,Eranakulam,Annual,2002,1.898
RICE_005212,Rice,Kerala,Idukki,Annual,2002,2.265
RICE_005213,Rice,Kerala,Kannur,Annual,2002,1.836
RICE_005214,Rice,Kerala,Kasaragod,Annual,2002,2.174
RICE_005215,Rice,Kerala,Kollam,Annual,2002,2.113
RICE_005216,Rice,Kerala,Kottayam,Annual,2002,2.518
RICE_005217,Rice,Kerala,Kozhikode,Annual,2002,1.409
RICE_005218,Rice,Kerala,Malappuram,Annual,2002,1.981
RICE_005219,Rice,Kerala,Palakkad,Annual,2002,2.104
RICE_005220,Rice,Kerala,Pathanamthitta,Annual,2002,2.49
RICE_005221,Rice,Kerala,Thiruvananthapuram,Annual,2002,2.198
RICE_005222,Rice,Kerala,Thrissur,Annual,2002,2.341
RICE_005223,Rice,Kerala,Wayanad,Annual,2002,2.412
RICE_005224,Rice,Madhya Pradesh,Balaghat,Annual,2002,0.84
RICE_005225,Rice,Madhya Pradesh,Barwani,Annual,2002,0.48
RICE_005226,Rice,Madhya Pradesh,Betul,Annual,2002,0.683
RICE_005227,Rice,Madhya Pradesh,Bhind,Annual,2002,2.328
RICE_005228,Rice,Madhya Pradesh,Bhopal,Annual,2002,0.571
RICE_005229,Rice,Madhya Pradesh,Chhatarpur,Annual,2002,0.446
RICE_005230,Rice,Madhya Pradesh,Chhindwara,Annual,2002,0.433
RICE_005231,Rice,Madhya Pradesh,Damoh,Annual,2002,0.291
RICE_005232,Rice,Madhya Pradesh,Datia,Annual,2002,0.667
RICE_005233,Rice,Madhya Pradesh,Dewas,Annual,2002,0.5
RICE_005234,Rice,Madhya Pradesh,Dhar,Annual,2002,0.519
RICE_005235,Rice,Madhya Pradesh,Dindori,Annual,2002,0.487
RICE_005236,Rice,Madhya Pradesh,Guna,Annual,2002,0.313
RICE_005237,Rice,Madhya Pradesh,Gwalior,Annual,2002,0.899
RICE_005238,Rice,Madhya Pradesh,Harda,Annual,2002,1.0
RICE_005239,Rice,Madhya Pradesh,Hoshangabad,Annual,2002,1.29
RICE_005240,Rice,Madhya Pradesh,Jabalpur,Annual,2002,0.792
RICE_005241,Rice,Madhya Pradesh,Jhabua,Annual,2002,0.436
RICE_005242,Rice,Madhya Pradesh,Katni,Annual,2002,0.44
RICE_005243,Rice,Madhya Pradesh,Khandwa,Annual,2002,0.758
RICE_005244,Rice,Madhya Pradesh,Khargone,Annual,2002,0.518
RICE_005245,Rice,Madhya Pradesh,Mandla,Annual,2002,0.559
RICE_005246,Rice,Madhya Pradesh,Morena,Annual,2002,2.0
RICE_005247,Rice,Madhya Pradesh,Narsinghpur,Annual,2002,0.7
RICE_005248,Rice,Madhya Pradesh,Panna,Annual,2002,0.323
RICE_005249,Rice,Madhya Pradesh,Raisen,Annual,2002,0.547
RICE_005250,Rice,Madhya Pradesh,Rajgarh,Annual,2002,0.273
RICE_005251,Rice,Madhya Pradesh,Ratlam,Annual,2002,0.536
RICE_005252,Rice,Madhya Pradesh,Rewa,Annual,2002,0.684
RICE_005253,Rice,Madhya Pradesh,Sagar,Annual,2002,0.362
RICE_005254,Rice,Madhya Pradesh,Satna,Annual,2002,0.66
RICE_005255,Rice,Madhya Pradesh,Sehore,Annual,2002,0.75
RICE_005256,Rice,Madhya Pradesh,Seoni,Annual,2002,0.686
RICE_005257,Rice,Madhya Pradesh,Shahdol,Annual,2002,0.52
RICE_005258,Rice,Madhya Pradesh,Shajapur,Annual,2002,0.5
RICE_005259,Rice,Madhya Pradesh,Sheopur Kalan,Annual,2002,0.84
RICE_005260,Rice,Madhya Pradesh,Shivpuri,Annual,2002,0.404
RICE_005261,Rice,Madhya Pradesh,Sidhi,Annual,2002,0.622
RICE_005262,Rice,Madhya Pradesh,Tikamgarh,Annual,2002,0.34
RICE_005263,Rice,Madhya Pradesh,Umaria,Annual,2002,0.361
RICE_005264,Rice,Madhya Pradesh,Vidisha,Annual,2002,0.286
RICE_005265,Rice,Maharashtra,Ahmednagar,Annual,2002,0.23
RICE_005266,Rice,Maharashtra,Amarawati,Annual,2002,0.655
RICE_005267,Rice,Maharashtra,Aurangabad,Annual,2002,0.333
RICE_005268,Rice,Maharashtra,Beed,Annual,2002,0.25
RICE_005269,Rice,Maharashtra,Bhandara,Annual,2002,1.148
RICE_005270,Rice,Maharashtra,Buldhana,Annual,2002,1.0
RICE_005271,Rice,Maharashtra,Chandrapur,Annual,2002,0.765
RICE_005272,Rice,Maharashtra,Dhule,Annual,2002,0.808
RICE_005273,Rice,Maharashtra,Gadchiroli,Annual,2002,0.539
RICE_005274,Rice,Maharashtra,Gondia,Annual,2002,1.008
RICE_005275,Rice,Maharashtra,Hingoli,Annual,2002,0.585
RICE_005276,Rice,Maharashtra,Jalgaon,Annual,2002,0.889
RICE_005277,Rice,Maharashtra,Jalna,Annual,2002,0.167
RICE_005278,Rice,Maharashtra,Kolhapur,Annual,2002,2.212
RICE_005279,Rice,Maharashtra,Latur,Annual,2002,0.444
RICE_005280,Rice,Maharashtra,Nagpur,Annual,2002,0.968
RICE_005281,Rice,Maharashtra,Nanded,Annual,2002,0.635
RICE_005282,Rice,Maharashtra,Nandurbar,Annual,2002,0.732
RICE_005283,Rice,Maharashtra,Nasik,Annual,2002,0.894
RICE_005284,Rice,Maharashtra,Osmanabad,Annual,2002,0.311
RICE_005285,Rice,Maharashtra,Parbhani,Annual,2002,0.5
RICE_005286,Rice,Maharashtra,Pune,Annual,2002,0.693
RICE_005287,Rice,Maharashtra,Raigad,Annual,2002,2.086
RICE_005288,Rice,Maharashtra,Ratnagiri,Annual,2002,1.892
RICE_005289,Rice,Maharashtra,Sangli,Annual,2002,1.535
RICE_005290,Rice,Maharashtra,Satara,Annual,2002,1.568
RICE_005291,Rice,Maharashtra,Sindhudurg,Annual,2002,2.184
RICE_005292,Rice,Maharashtra,Solapur,Annual,2002,0.6
RICE_005293,Rice,Maharashtra,Thane,Annual,2002,1.138
RICE_005294,Rice,Maharashtra,Wardha,Annual,2002,0.6
RICE_005295,Rice,Maharashtra,Washim,Annual,2002,0.636
RICE_005296,Rice,Maharashtra,Yeotmal,Annual,2002,0.649
RICE_005297,Rice,Orissa,Angul,Annual,2002,0.388
RICE_005298,Rice,Orissa,Balasore,Annual,2002,0.948
RICE_005299,Rice,Orissa,Bargarh,Annual,2002,1.272
RICE_005300,Rice,Orissa,Bhadrak,Annual,2002,1.253
RICE_005301,Rice,Orissa,Bolangir,Annual,2002,0.292
RICE_005302,Rice,Orissa,Boudh,Annual,2002,0.449
RICE_005303,Rice,Orissa,Cuttack,Annual,2002,1.155
RICE_005304,Rice,Orissa,Deogarh,Annual,2002,0.439
RICE_005305,Rice,Orissa,Dhenkanal,Annual,2002,0.488
RICE_005306,Rice,Orissa,Gajapati,Annual,2002,1.029
RICE_005307,Rice,Orissa,Ganjam,Annual,2002,0.866
RICE_005308,Rice,Orissa,Jagatsinghapur,Annual,2002,1.168
RICE_005309,Rice,Orissa,Jajapur,Annual,2002,0.734
RICE_005310,Rice,Orissa,Jharsuguda,Annual,2002,0.694
RICE_005311,Rice,Orissa,Kalahandi,Annual,2002,0.435
RICE_005312,Rice,Orissa,Kendrapara,Annual,2002,0.92
RICE_005313,Rice,Orissa,Keonjhar,Annual,2002,0.51
RICE_005314,Rice,Orissa,Khurda,Annual,2002,0.46
RICE_005315,Rice,Orissa,Koraput,Annual,2002,1.038
RICE_005316,Rice,Orissa,Malkangiri,Annual,2002,0.603
RICE_005317,Rice,Orissa,Mayurbhanja,Annual,2002,0.815
RICE_005318,Rice,Orissa,Nawarangpur,Annual,2002,0.545
RICE_005319,Rice,Orissa,Nayagarh,Annual,2002,0.62
RICE_005320,Rice,Orissa,Nuapada,Annual,2002,0.253
RICE_005321,Rice,Orissa,Phulbani ( Kandhamal ),Annual,2002,0.777
RICE_005322,Rice,Orissa,Puri,Annual,2002,0.873
RICE_005323,Rice,Orissa,Rayagada,Annual,2002,0.846
RICE_005324,Rice,Orissa,Sambalpur,Annual,2002,1.124
RICE_005325,Rice,Orissa,Sonepur,Annual,2002,1.037
RICE_005326,Rice,Orissa,Sundargarh,Annual,2002,0.325
RICE_005327,Rice,Punjab,Amritsar,Annual,2002,2.826
RICE_005328,Rice,Punjab,Bhatinda,Annual,2002,3.43
RICE_005329,Rice,Punjab,Faridkot,Annual,2002,3.256
RICE_005330,Rice,Punjab,Fatehgarh Sahib,Annual,2002,3.9
RICE_005331,Rice,Punjab,Ferozpur,Annual,2002,3.521
RICE_005332,Rice,Punjab,Gurdaspur,Annual,2002,2.894
RICE_005333,Rice,Punjab,Hoshiarpur,Annual,2002,2.839
RICE_005334,Rice,Punjab,Jalandhar,Annual,2002,3.722
RICE_005335,Rice,Punjab,Kapurthala,Annual,2002,3.549
RICE_005336,Rice,Punjab,Ludhiana,Annual,2002,4.322
RICE_005337,Rice,Punjab,Mansa,Annual,2002,3.034
RICE_005338,Rice,Punjab,Moga,Annual,2002,3.812
RICE_005339,Rice,Punjab,Patiala,Annual,2002,3.451
RICE_005340,Rice,Punjab,Roopnagar,Annual,2002,3.205
RICE_005341,Rice,Punjab,S.B.S Nagar,Annual,2002,3.512
RICE_005342,Rice,Punjab,Sangrur,Annual,2002,4.06
RICE_005343,Rice,Punjab,Shri Mukatsar Sahib,Annual,2002,3.145
RICE_005344,Rice,Rajasthan,Ajmer,Annual,2002,1.0
RICE_005345,Rice,Rajasthan,Alwar,Annual,2002,0.808
RICE_005346,Rice,Rajasthan,Banswara,Annual,2002,0.298
RICE_005347,Rice,Rajasthan,Baran,Annual,2002,1.091
RICE_005348,Rice,Rajasthan,Bharatpur,Annual,2002,0.632
RICE_005349,Rice,Rajasthan,Bhilwara,Annual,2002,0.814
RICE_005350,Rice,Rajasthan,Bikaner,Annual,2002,0.8
RICE_005351,Rice,Rajasthan,Bundi,Annual,2002,0.428
RICE_005352,Rice,Rajasthan,Chittorgarh,Annual,2002,0.812
RICE_005353,Rice,Rajasthan,Dholpur,Annual,2002,0.812
RICE_005354,Rice,Rajasthan,Dungarpur,Annual,2002,0.166
RICE_005355,Rice,Rajasthan,Ganganagar,Annual,2002,2.097
RICE_005356,Rice,Rajasthan,Hanumangarh,Annual,2002,1.739
RICE_005357,Rice,Rajasthan,Jhalawar,Annual,2002,0.812
RICE_005358,Rice,Rajasthan,Karoli,Annual,2002,0.174
RICE_005359,Rice,Rajasthan,Kota,Annual,2002,1.091
RICE_005360,Rice,Rajasthan,Rajsamand,Annual,2002,0.817
RICE_005361,Rice,Rajasthan,Sirohi,Annual,2002,0.667
RICE_005362,Rice,Rajasthan,Swami Madhopur,Annual,2002,0.824
RICE_005363,Rice,Rajasthan,Tonk,Annual,2002,0.8
RICE_005364,Rice,Rajasthan,Udaipur,Annual,2002,0.239
RICE_005365,Rice,Tamil Nadu,Chengalpattu Mgr / Kancheepuram,Annual,2002,2.855
RICE_005366,Rice,Tamil Nadu,Chidambanar / Toothukudi,Annual,2002,4.381
RICE_005367,Rice,Tamil Nadu,Coimbatore,Annual,2002,3.368
RICE_005368,Rice,Tamil Nadu,Dharmapuri,Annual,2002,2.573
RICE_005369,Rice,Tamil Nadu,Dindigul Anna,Annual,2002,3.429
RICE_005370,Rice,Tamil Nadu,Kanyakumari,Annual,2002,3.78
RICE_005371,Rice,Tamil Nadu,Karur,Annual,2002,2.922
RICE_005372,Rice,Tamil Nadu,Madurai,Annual,2002,2.552
RICE_005373,Rice,Tamil Nadu,Nagapattinam,Annual,2002,1.158
RICE_005374,Rice,Tamil Nadu,Namakkal,Annual,2002,3.703
RICE_005375,Rice,Tamil Nadu,North Arcot / Vellore,Annual,2002,3.419
RICE_005376,Rice,Tamil Nadu,Perambular,Annual,2002,1.687
RICE_005377,Rice,Tamil Nadu,Periyar (Erode),Annual,2002,4.462
RICE_005378,Rice,Tamil Nadu,Pudukkottai,Annual,2002,2.072
RICE_005379,Rice,Tamil Nadu,Ramananthapuram,Annual,2002,1.267
RICE_005380,Rice,Tamil Nadu,Salem,Annual,2002,3.58
RICE_005381,Rice,Tamil Nadu,Sivagangai / Pasumpon,Annual,2002,1.747
RICE_005382,Rice,Tamil Nadu,South Arcot / Cuddalore,Annual,2002,2.753
RICE_005383,Rice,Tamil Nadu,Thanjavur,Annual,2002,2.287
RICE_005384,Rice,Tamil Nadu,The Nilgiris,Annual,2002,3.371
RICE_005385,Rice,Tamil Nadu,Theni,Annual,2002,3.987
RICE_005386,Rice,Tamil Nadu,Thirunelveli,Annual,2002,4.022
RICE_005387,Rice,Tamil Nadu,Thiruvallur,Annual,2002,3.185
RICE_005388,Rice,Tamil Nadu,Thiruvannamalai,Annual,2002,2.632
RICE_005389,Rice,Tamil Nadu,Tiruchirapalli / Trichy,Annual,2002,2.994
RICE_005390,Rice,Tamil Nadu,Tiruvarur,Annual,2002,0.856
RICE_005391,Rice,Tamil Nadu,Villupuram,Annual,2002,2.993
RICE_005392,Rice,Tamil Nadu,Virudhunagar / Kamarajar,Annual,2002,2.742
RICE_005393,Rice,Telangana,Adilabad,Annual,2002,1.584
RICE_005394,Rice,Telangana,Karimnagar,Annual,2002,2.736
RICE_005395,Rice,Telangana,Khammam,Annual,2002,1.74
RICE_005396,Rice,Telangana,Mahabubnagar,Annual,2002,2.018
RICE_005397,Rice,Telangana,Medak,Annual,2002,2.052
RICE_005398,Rice,Telangana,Nalgonda,Annual,2002,2.258
RICE_005399,Rice,Telangana,Nizamabad,Annual,2002,1.667
RICE_005400,Rice,Telangana,Rangareddy,Annual,2002,2.0
RICE_005401,Rice,Telangana,Warangal,Annual,2002,2.17
RICE_005402,Rice,Uttar Pradesh,Agra,Annual,2002,1.675
RICE_005403,Rice,Uttar Pradesh,Aligarh,Annual,2002,1.761
RICE_005404,Rice,Uttar Pradesh,Allahabad,Annual,2002,1.902
RICE_005405,Rice,Uttar Pradesh,Ambedkar Nagar,Annual,2002,2.138
RICE_005406,Rice,Uttar Pradesh,Amroha/J.B.Fulenagar,Annual,2002,2.254
RICE_005407,Rice,Uttar Pradesh,Auraiya,Annual,2002,2.208
RICE_005408,Rice,Uttar Pradesh,Azamgarh,Annual,2002,1.685
RICE_005409,Rice,Uttar Pradesh,Bagpat,Annual,2002,2.228
RICE_005410,Rice,Uttar Pradesh,Bahraich,Annual,2002,1.426
RICE_005411,Rice,Uttar Pradesh,Ballia,Annual,2002,1.442
RICE_005412,Rice,Uttar Pradesh,Balrampur,Annual,2002,0.786
RICE_005413,Rice,Uttar Pradesh,Banda,Annual,2002,0.81
RICE_005414,Rice,Uttar Pradesh,Barabanki,Annual,2002,2.123
RICE_005415,Rice,Uttar Pradesh,Bareilly,Annual,2002,1.869
RICE_005416,Rice,Uttar Pradesh,Basti,Annual,2002,1.134
RICE_005417,Rice,Uttar Pradesh,Bijnor,Annual,2002,2.682
RICE_005418,Rice,Uttar Pradesh,Budaun,Annual,2002,1.342
RICE_005419,Rice,Uttar Pradesh,Buland Shahar,Annual,2002,2.298
RICE_005420,Rice,Uttar Pradesh,Chandauli,Annual,2002,2.537
RICE_005421,Rice,Uttar Pradesh,Chitrakoot,Annual,2002,0.725
RICE_005422,Rice,Uttar Pradesh,Deoria,Annual,2002,1.739
RICE_005423,Rice,Uttar Pradesh,Etah,Annual,2002,1.536
RICE_005424,Rice,Uttar Pradesh,Etawah,Annual,2002,2.317
RICE_005425,Rice,Uttar Pradesh,Faizabad,Annual,2002,2.278
RICE_005426,Rice,Uttar Pradesh,Farrukhabad,Annual,2002,2.049
RICE_005427,Rice,Uttar Pradesh,Fatehpur,Annual,2002,1.663
RICE_005428,Rice,Uttar Pradesh,Firozabad,Annual,2002,1.91
RICE_005429,Rice,Uttar Pradesh,G.B.Nagar,Annual,2002,2.167
RICE_005430,Rice,Uttar Pradesh,Ghaziabad,Annual,2002,2.393
RICE_005431,Rice,Uttar Pradesh,Ghazipur,Annual,2002,1.979
RICE_005432,Rice,Uttar Pradesh,Gonda,Annual,2002,1.28
RICE_005433,Rice,Uttar Pradesh,Gorakhpur,Annual,2002,1.499
RICE_005434,Rice,Uttar Pradesh,Hamirpur,Annual,2002,0.819
RICE_005435,Rice,Uttar Pradesh,Hardoi,Annual,2002,1.676
RICE_005436,Rice,Uttar Pradesh,Hathras,Annual,2002,1.572
RICE_005437,Rice,Uttar Pradesh,Jalaun,Annual,2002,0.559
RICE_005438,Rice,Uttar Pradesh,Jaunpur,Annual,2002,1.971
RICE_005439,Rice,Uttar Pradesh,Jhansi,Annual,2002,0.559
RICE_005440,Rice,Uttar Pradesh,Kannauj,Annual,2002,2.147
RICE_005441,Rice,Uttar Pradesh,Kanpur Dehat,Annual,2002,1.898
RICE_005442,Rice,Uttar Pradesh,Kanpur Nagar,Annual,2002,1.751
RICE_005443,Rice,Uttar Pradesh,Kheri,Annual,2002,2.105
RICE_005444,Rice,Uttar Pradesh,Kushambi,Annual,2002,1.569
RICE_005445,Rice,Uttar Pradesh,Kushi Nagar / Padrauna,Annual,2002,2.665
RICE_005446,Rice,Uttar Pradesh,Lalitpur,Annual,2002,0.111
RICE_005447,Rice,Uttar Pradesh,Lucknow,Annual,2002,1.823
RICE_005448,Rice,Uttar Pradesh,Mahoba,Annual,2002,0.819
RICE_005449,Rice,Uttar Pradesh,Mahrajgani,Annual,2002,2.687
RICE_005450,Rice,Uttar Pradesh,Mainpuri,Annual,2002,1.92
RICE_005451,Rice,Uttar Pradesh,Mathura,Annual,2002,1.733
RICE_005452,Rice,Uttar Pradesh,Mau,Annual,2002,2.168
RICE_005453,Rice,Uttar Pradesh,Meerut,Annual,2002,2.271
RICE_005454,Rice,Uttar Pradesh,Mirzpur,Annual,2002,1.878
RICE_005455,Rice,Uttar Pradesh,Moradabad,Annual,2002,2.225
RICE_005456,Rice,Uttar Pradesh,Muzaffarnagar,Annual,2002,2.342
RICE_005457,Rice,Uttar Pradesh,Pilibhit,Annual,2002,2.81
RICE_005458,Rice,Uttar Pradesh,Pratapgarh,Annual,2002,1.803
RICE_005459,Rice,Uttar Pradesh,Rae-Bareily,Annual,2002,1.948
RICE_005460,Rice,Uttar Pradesh,Rampur,Annual,2002,2.253
RICE_005461,Rice,Uttar Pradesh,Saharanpur,Annual,2002,2.328
RICE_005462,Rice,Uttar Pradesh,Santh Kabir Nagar,Annual,2002,1.0
RICE_005463,Rice,Uttar Pradesh,Santh Ravi Das Nagar / Bhadoi,Annual,2002,2.298
RICE_005464,Rice,Uttar Pradesh,Shahjahanpur,Annual,2002,2.074
RICE_005465,Rice,Uttar Pradesh,Shravasti,Annual,2002,0.913
RICE_005466,Rice,Uttar Pradesh,Sidharthnagar,Annual,2002,0.813
RICE_005467,Rice,Uttar Pradesh,Sitapur,Annual,2002,1.576
RICE_005468,Rice,Uttar Pradesh,Sonbhadra,Annual,2002,1.428
RICE_005469,Rice,Uttar Pradesh,Sultanpur,Annual,2002,2.064
RICE_005470,Rice,Uttar Pradesh,Unnao,Annual,2002,1.434
RICE_005471,Rice,Uttar Pradesh,Varanasi,Annual,2002,1.798
RICE_005472,Rice,Uttarakhand,Almorah,Annual,2002,0.669
RICE_005473,Rice,Uttarakhand,Bageshwar,Annual,2002,0.987
RICE_005474,Rice,Uttarakhand,Chamoli,Annual,2002,1.144
RICE_005475,Rice,Uttarakhand,Champavat,Annual,2002,1.22
RICE_005476,Rice,Uttarakhand,Dehradun,Annual,2002,1.925
RICE_005477,Rice,Uttarakhand,Garhwal,Annual,2002,0.735
RICE_005478,Rice,Uttarakhand,Haridwar,Annual,2002,2.105
RICE_005479,Rice,Uttarakhand,Nainital,Annual,2002,2.391
RICE_005480,Rice,Uttarakhand,Pithorgarh,Annual,2002,1.224
RICE_005481,Rice,Uttarakhand,Rudraprayag,Annual,2002,1.268
RICE_005482,Rice,Uttarakhand,Tehri Garhwal,Annual,2002,1.205
RICE_005483,Rice,Uttarakhand,Udham Singh Nagar,Annual,2002,3.047
RICE_005484,Rice,Uttarakhand,Uttar Kashi,Annual,2002,1.062
RICE_005485,Rice,West Bengal,24-Paraganas North,Annual,2002,2.615
RICE_005486,Rice,West Bengal,24-Paraganas South,Annual,2002,2.169
RICE_005487,Rice,West Bengal,Bankura,Annual,2002,2.901
RICE_005488,Rice,West Bengal,Birbhum,Annual,2002,2.856
RICE_005489,Rice,West Bengal,Burdwan,Annual,2002,2.983
RICE_005490,Rice,West Bengal,Cooch Behar,Annual,2002,1.676
RICE_005491,Rice,West Bengal,Dakshin Dinajpur,Annual,2002,2.215
RICE_005492,Rice,West Bengal,Darjeeling,Annual,2002,1.653
RICE_005493,Rice,West Bengal,East Midnapore / Purba Midnapore,Annual,2002,2.417
RICE_005494,Rice,West Bengal,Hooghly,Annual,2002,2.556
RICE_005495,Rice,West Bengal,Jalpaiguri,Annual,2002,1.571
RICE_005496,Rice,West Bengal,Jhargram,Annual,2002,2.142
RICE_005497,Rice,West Bengal,Malda,Annual,2002,2.545
RICE_005498,Rice,West Bengal,Murshidabad,Annual,2002,2.638
RICE_005499,Rice,West Bengal,Nadia,Annual,2002,2.924
RICE_005500,Rice,West Bengal,Purulia,Annual,2002,2.114
RICE_005501,Rice,West Bengal,Uttar Dinajpur,Annual,2002,2.067
RICE_005502,Rice,West Bengal,West Midnapore,Annual,2002,2.417
RICE_005503,Rice,Andhra Pradesh,Anantapur,Annual,2003,2.482
RICE_005504,Rice,Andhra Pradesh,Chittoor,Annual,2003,1.863
RICE_005505,Rice,Andhra Pradesh,East Godavari,Annual,2003,4.079
RICE_005506,Rice,Andhra Pradesh,Guntur,Annual,2003,2.836
RICE_005507,Rice,Andhra Pradesh,Kadapa Ysr,Annual,2003,2.463
RICE_005508,Rice,Andhra Pradesh,Krishna,Annual,2003,2.375
RICE_005509,Rice,Andhra Pradesh,Kurnool,Annual,2003,2.83
RICE_005510,Rice,Andhra Pradesh,Prakasam,Annual,2003,2.63
RICE_005511,Rice,Andhra Pradesh,S.P.S. Nellore,Annual,2003,2.673
RICE_005512,Rice,Andhra Pradesh,Srikakulam,Annual,2003,2.239
RICE_005513,Rice,Andhra Pradesh,Visakhapatnam,Annual,2003,1.632
RICE_005514,Rice,Andhra Pradesh,Vizianagaram,Annual,2003,2.114
RICE_005515,Rice,Andhra Pradesh,West Godavari,Annual,2003,4.095
RICE_005516,Rice,Assam,Barpeta,Annual,2003,1.187
RICE_005517,Rice,Assam,Bongaigaon,Annual,2003,1.162
RICE_005518,Rice,Assam,Cachar,Annual,2003,2.149
RICE_005519,Rice,Assam,Darrang,Annual,2003,1.375
RICE_005520,Rice,Assam,Dhemaji,Annual,2003,1.051
RICE_005521,Rice,Assam,Dhubri,Annual,2003,1.513
RICE_005522,Rice,Assam,Dibrugarh,Annual,2003,1.793
RICE_005523,Rice,Assam,Goalpara,Annual,2003,1.424
RICE_005524,Rice,Assam,Golaghat,Annual,2003,2.138
RICE_005525,Rice,Assam,Hailakandi,Annual,2003,2.162
RICE_005526,Rice,Assam,Jorhat,Annual,2003,1.685
RICE_005527,Rice,Assam,Kamrup,Annual,2003,1.556
RICE_005528,Rice,Assam,Karbi Anglong,Annual,2003,1.378
RICE_005529,Rice,Assam,Karimganj,Annual,2003,1.899
RICE_005530,Rice,Assam,Kokrajhar,Annual,2003,1.251
RICE_005531,Rice,Assam,Lakhimpur,Annual,2003,0.963
RICE_005532,Rice,Assam,Marigaon,Annual,2003,1.484
RICE_005533,Rice,Assam,Nagaon,Annual,2003,1.793
RICE_005534,Rice,Assam,Nalbari,Annual,2003,1.256
RICE_005535,Rice,Assam,North Cachar Hil,Annual,2003,1.515
RICE_005536,Rice,Assam,Sibsagar,Annual,2003,2.233
RICE_005537,Rice,Assam,Sonitpur,Annual,2003,1.471
RICE_005538,Rice,Assam,Tinsukia,Annual,2003,1.389
RICE_005539,Rice,Bihar,Araria,Annual,2003,1.375
RICE_005540,Rice,Bihar,Arwal,Annual,2003,1.698
RICE_005541,Rice,Bihar,Aurangabad,Annual,2003,1.807
RICE_005542,Rice,Bihar,Banka,Annual,2003,1.497
RICE_005543,Rice,Bihar,Begusarai,Annual,2003,1.35
RICE_005544,Rice,Bihar,Bhabhua / Kaimur,Annual,2003,3.109
RICE_005545,Rice,Bihar,Bhagalpur,Annual,2003,1.266
RICE_005546,Rice,Bihar,Bhojpur,Annual,2003,2.112
RICE_005547,Rice,Bihar,Buxar,Annual,2003,2.275
RICE_005548,Rice,Bihar,Champaran (East),Annual,2003,1.416
RICE_005549,Rice,Bihar,Champaran (West),Annual,2003,1.438
RICE_005550,Rice,Bihar,Darbhanga,Annual,2003,1.013
RICE_005551,Rice,Bihar,Gaya,Annual,2003,1.531
RICE_005552,Rice,Bihar,Gopalganj,Annual,2003,1.475
RICE_005553,Rice,Bihar,Jamui,Annual,2003,1.138
RICE_005554,Rice,Bihar,Jehanabad,Annual,2003,1.816
RICE_005555,Rice,Bihar,Katihar,Annual,2003,1.226
RICE_005556,Rice,Bihar,Khagaria,Annual,2003,0.941
RICE_005557,Rice,Bihar,Kishanganj,Annual,2003,1.429
RICE_005558,Rice,Bihar,Lakhisarai,Annual,2003,1.395
RICE_005559,Rice,Bihar,Madhepura,Annual,2003,1.479
RICE_005560,Rice,Bihar,Madhubani,Annual,2003,0.999
RICE_005561,Rice,Bihar,Mungair,Annual,2003,1.501
RICE_005562,Rice,Bihar,Muzaffarpur,Annual,2003,1.072
RICE_005563,Rice,Bihar,Nalanda,Annual,2003,0.978
RICE_005564,Rice,Bihar,Nawada,Annual,2003,1.624
RICE_005565,Rice,Bihar,Patna,Annual,2003,2.283
RICE_005566,Rice,Bihar,Purnea,Annual,2003,1.565
RICE_005567,Rice,Bihar,Rohtas,Annual,2003,2.644
RICE_005568,Rice,Bihar,Saharsa,Annual,2003,1.22
RICE_005569,Rice,Bihar,Samastipur,Annual,2003,0.811
RICE_005570,Rice,Bihar,Saran,Annual,2003,1.793
RICE_005571,Rice,Bihar,Sheikapura,Annual,2003,1.308
RICE_005572,Rice,Bihar,Sheohar,Annual,2003,0.477
RICE_005573,Rice,Bihar,Sitamarhi,Annual,2003,1.266
RICE_005574,Rice,Bihar,Siwan,Annual,2003,1.165
RICE_005575,Rice,Bihar,Supaul,Annual,2003,1.317
RICE_005576,Rice,Bihar,Vaishali,Annual,2003,0.712
RICE_005577,Rice,Chhattisgarh,Bastar,Annual,2003,1.688
RICE_005578,Rice,Chhattisgarh,Bilaspur,Annual,2003,1.58
RICE_005579,Rice,Chhattisgarh,Dantewara,Annual,2003,1.362
RICE_005580,Rice,Chhattisgarh,Dhamtari,Annual,2003,1.536
RICE_005581,Rice,Chhattisgarh,Durg,Annual,2003,1.618
RICE_005582,Rice,Chhattisgarh,Janjgir,Annual,2003,1.351
RICE_005583,Rice,Chhattisgarh,Jashpur,Annual,2003,1.248
RICE_005584,Rice,Chhattisgarh,Kanker,Annual,2003,1.948
RICE_005585,Rice,Chhattisgarh,Kawardha,Annual,2003,1.088
RICE_005586,Rice,Chhattisgarh,Korba,Annual,2003,1.223
RICE_005587,Rice,Chhattisgarh,Koriya,Annual,2003,1.419
RICE_005588,Rice,Chhattisgarh,Mahasmund,Annual,2003,1.549
RICE_005589,Rice,Chhattisgarh,Raigarh,Annual,2003,1.329
RICE_005590,Rice,Chhattisgarh,Raipur,Annual,2003,1.366
RICE_005591,Rice,Chhattisgarh,Rajnandgaon,Annual,2003,1.387
RICE_005592,Rice,Chhattisgarh,Surguja,Annual,2003,1.287
RICE_005593,Rice,Gujarat,Ahmedabad,Annual,2003,2.375
RICE_005594,Rice,Gujarat,Anand,Annual,2003,1.985
RICE_005595,Rice,Gujarat,Bharuch,Annual,2003,1.647
RICE_005596,Rice,Gujarat,Dahod,Annual,2003,1.377
RICE_005597,Rice,Gujarat,Dangs,Annual,2003,1.221
RICE_005598,Rice,Gujarat,Gandhinagar,Annual,2003,2.687
RICE_005599,Rice,Gujarat,Kheda,Annual,2003,2.013
RICE_005600,Rice,Gujarat,Mehsana,Annual,2003,1.347
RICE_005601,Rice,Gujarat,Narmada,Annual,2003,0.777
RICE_005602,Rice,Gujarat,Navsari,Annual,2003,2.382
RICE_005603,Rice,Gujarat,Panchmahal,Annual,2003,1.015
RICE_005604,Rice,Gujarat,Sabarkantha,Annual,2003,1.677
RICE_005605,Rice,Gujarat,Surat,Annual,2003,1.935
RICE_005606,Rice,Gujarat,Surendranagar,Annual,2003,1.5
RICE_005607,Rice,Gujarat,Vadodara,Annual,2003,1.258
RICE_005608,Rice,Gujarat,Valsad,Annual,2003,2.185
RICE_005609,Rice,Haryana,Ambala,Annual,2003,3.101
RICE_005610,Rice,Haryana,Bhiwani,Annual,2003,2.323
RICE_005611,Rice,Haryana,Faridabad,Annual,2003,2.746
RICE_005612,Rice,Haryana,Fatehabad,Annual,2003,3.349
RICE_005613,Rice,Haryana,Gurgaon,Annual,2003,2.568
RICE_005614,Rice,Haryana,Hissar,Annual,2003,2.429
RICE_005615,Rice,Haryana,Jhajjar,Annual,2003,1.538
RICE_005616,Rice,Haryana,Jind,Annual,2003,2.393
RICE_005617,Rice,Haryana,Kaithal,Annual,2003,2.474
RICE_005618,Rice,Haryana,Karnal,Annual,2003,2.979
RICE_005619,Rice,Haryana,Kurukshetra,Annual,2003,3.107
RICE_005620,Rice,Haryana,Panchkula,Annual,2003,3.043
RICE_005621,Rice,Haryana,Panipat,Annual,2003,2.268
RICE_005622,Rice,Haryana,Rewari,Annual,2003,5.0
RICE_005623,Rice,Haryana,Rohtak,Annual,2003,1.511
RICE_005624,Rice,Haryana,Sirsa,Annual,2003,3.27
RICE_005625,Rice,Haryana,Sonepat,Annual,2003,2.261
RICE_005626,Rice,Haryana,Yamunanagar,Annual,2003,3.028
RICE_005627,Rice,Himachal Pradesh,Bilashpur,Annual,2003,1.62
RICE_005628,Rice,Himachal Pradesh,Chamba,Annual,2003,1.659
RICE_005629,Rice,Himachal Pradesh,Hamirpur,Annual,2003,1.239
RICE_005630,Rice,Himachal Pradesh,Kangra,Annual,2003,1.485
RICE_005631,Rice,Himachal Pradesh,Kinnaur,Annual,2003,1.481
RICE_005632,Rice,Himachal Pradesh,Kullu,Annual,2003,1.313
RICE_005633,Rice,Himachal Pradesh,Mandi,Annual,2003,1.464
RICE_005634,Rice,Himachal Pradesh,Shimla,Annual,2003,0.976
RICE_005635,Rice,Himachal Pradesh,Sirmaur,Annual,2003,1.622
RICE_005636,Rice,Himachal Pradesh,Solan,Annual,2003,1.469
RICE_005637,Rice,Himachal Pradesh,Una,Annual,2003,1.838
RICE_005638,Rice,Jharkhand,Bokaro,Annual,2003,1.41
RICE_005639,Rice,Jharkhand,Chatra,Annual,2003,1.607
RICE_005640,Rice,Jharkhand,Devghar / Deogarh,Annual,2003,1.479
RICE_005641,Rice,Jharkhand,Dhanbad,Annual,2003,2.266
RICE_005642,Rice,Jharkhand,Gadva / Garhwa,Annual,2003,1.398
RICE_005643,Rice,Jharkhand,Giridih,Annual,2003,1.706
RICE_005644,Rice,Jharkhand,Godda,Annual,2003,1.636
RICE_005645,Rice,Jharkhand,Gumla,Annual,2003,0.967
RICE_005646,Rice,Jharkhand,Hazaribagh,Annual,2003,1.525
RICE_005647,Rice,Jharkhand,Jamtara,Annual,2003,1.754
RICE_005648,Rice,Jharkhand,Khodrama / Koderma,Annual,2003,1.402
RICE_005649,Rice,Jharkhand,Latehar,Annual,2003,0.746
RICE_005650,Rice,Jharkhand,Lohardagga,Annual,2003,1.155
RICE_005651,Rice,Jharkhand,Pakund / Pakur,Annual,2003,1.749
RICE_005652,Rice,Jharkhand,Palamau,Annual,2003,1.029
RICE_005653,Rice,Jharkhand,Ranchi,Annual,2003,1.466
RICE_005654,Rice,Jharkhand,Sahebganj,Annual,2003,1.798
RICE_005655,Rice,Jharkhand,Santhal Paragana / Dumka,Annual,2003,1.735
RICE_005656,Rice,Jharkhand,Sariakela / Kharsawan,Annual,2003,1.448
RICE_005657,Rice,Jharkhand,Simdega,Annual,2003,0.846
RICE_005658,Rice,Jharkhand,Singhbhum East,Annual,2003,1.646
RICE_005659,Rice,Jharkhand,Singhbhum West,Annual,2003,0.782
RICE_005660,Rice,Karnataka,Bagalkote,Annual,2003,2.284
RICE_005661,Rice,Karnataka,Bangalore (Rural),Annual,2003,2.512
RICE_005662,Rice,Karnataka,Bangalore (Urban),Annual,2003,2.574
RICE_005663,Rice,Karnataka,Belgaum,Annual,2003,0.723
RICE_005664,Rice,Karnataka,Bellary,Annual,2003,3.893
RICE_005665,Rice,Karnataka,Bidar,Annual,2003,0.403
RICE_005666,Rice,Karnataka,Bijapur,Annual,2003,1.107
RICE_005667,Rice,Karnataka,Chamaraja Nagar,Annual,2003,2.771
RICE_005668,Rice,Karnataka,Chickmagalur,Annual,2003,1.927
RICE_005669,Rice,Karnataka,Chitradurga,Annual,2003,2.35
RICE_005670,Rice,Karnataka,Dakshina Kannada,Annual,2003,2.711
RICE_005671,Rice,Karnataka,Davanagere,Annual,2003,3.313
RICE_005672,Rice,Karnataka,Dharwad,Annual,2003,0.251
RICE_005673,Rice,Karnataka,Gadag,Annual,2003,2.557
RICE_005674,Rice,Karnataka,Gulbarga,Annual,2003,2.884
RICE_005675,Rice,Karnataka,Hassan,Annual,2003,1.712
RICE_005676,Rice,Karnataka,Haveri,Annual,2003,0.797
RICE_005677,Rice,Karnataka,Kodagu,Annual,2003,1.999
RICE_005678,Rice,Karnataka,Kolar,Annual,2003,2.297
RICE_005679,Rice,Karnataka,Koppal,Annual,2003,4.167
RICE_005680,Rice,Karnataka,Mandya,Annual,2003,3.241
RICE_005681,Rice,Karnataka,Mysore,Annual,2003,3.012
RICE_005682,Rice,Karnataka,Raichur,Annual,2003,2.69
RICE_005683,Rice,Karnataka,Shimoge,Annual,2003,2.012
RICE_005684,Rice,Karnataka,Tumkur,Annual,2003,2.598
RICE_005685,Rice,Karnataka,Udupi,Annual,2003,2.539
RICE_005686,Rice,Karnataka,Uttara Kannada,Annual,2003,1.648
RICE_005687,Rice,Kerala,Alappuzha,Annual,2003,1.964
RICE_005688,Rice,Kerala,Eranakulam,Annual,2003,1.832
RICE_005689,Rice,Kerala,Idukki,Annual,2003,2.331
RICE_005690,Rice,Kerala,Kannur,Annual,2003,1.746
RICE_005691,Rice,Kerala,Kasaragod,Annual,2003,2.297
RICE_005692,Rice,Kerala,Kollam,Annual,2003,2.201
RICE_005693,Rice,Kerala,Kottayam,Annual,2003,2.277
RICE_005694,Rice,Kerala,Kozhikode,Annual,2003,1.462
RICE_005695,Rice,Kerala,Malappuram,Annual,2003,2.079
RICE_005696,Rice,Kerala,Palakkad,Annual,2003,1.802
RICE_005697,Rice,Kerala,Pathanamthitta,Annual,2003,2.402
RICE_005698,Rice,Kerala,Thiruvananthapuram,Annual,2003,2.1
RICE_005699,Rice,Kerala,Thrissur,Annual,2003,2.337
RICE_005700,Rice,Kerala,Wayanad,Annual,2003,2.303
RICE_005701,Rice,Madhya Pradesh,Anuppur,Annual,2003,0.64
RICE_005702,Rice,Madhya Pradesh,Ashoknagar,Annual,2003,0.875
RICE_005703,Rice,Madhya Pradesh,Balaghat,Annual,2003,1.469
RICE_005704,Rice,Madhya Pradesh,Barwani,Annual,2003,0.6
RICE_005705,Rice,Madhya Pradesh,Betul,Annual,2003,1.017
RICE_005706,Rice,Madhya Pradesh,Bhind,Annual,2003,2.692
RICE_005707,Rice,Madhya Pradesh,Bhopal,Annual,2003,0.667
RICE_005708,Rice,Madhya Pradesh,Burhanpur,Annual,2003,1.071
RICE_005709,Rice,Madhya Pradesh,Chhatarpur,Annual,2003,0.858
RICE_005710,Rice,Madhya Pradesh,Chhindwara,Annual,2003,0.868
RICE_005711,Rice,Madhya Pradesh,Damoh,Annual,2003,0.779
RICE_005712,Rice,Madhya Pradesh,Datia,Annual,2003,1.429
RICE_005713,Rice,Madhya Pradesh,Dewas,Annual,2003,0.625
RICE_005714,Rice,Madhya Pradesh,Dhar,Annual,2003,0.769
RICE_005715,Rice,Madhya Pradesh,Dindori,Annual,2003,0.761
RICE_005716,Rice,Madhya Pradesh,Guna,Annual,2003,1.0
RICE_005717,Rice,Madhya Pradesh,Gwalior,Annual,2003,2.463
RICE_005718,Rice,Madhya Pradesh,Harda,Annual,2003,1.105
RICE_005719,Rice,Madhya Pradesh,Hoshangabad,Annual,2003,1.333
RICE_005720,Rice,Madhya Pradesh,Jabalpur,Annual,2003,1.165
RICE_005721,Rice,Madhya Pradesh,Jhabua,Annual,2003,0.652
RICE_005722,Rice,Madhya Pradesh,Katni,Annual,2003,0.865
RICE_005723,Rice,Madhya Pradesh,Khandwa,Annual,2003,1.053
RICE_005724,Rice,Madhya Pradesh,Khargone,Annual,2003,0.642
RICE_005725,Rice,Madhya Pradesh,Mandla,Annual,2003,0.787
RICE_005726,Rice,Madhya Pradesh,Morena,Annual,2003,2.0
RICE_005727,Rice,Madhya Pradesh,Narsinghpur,Annual,2003,1.173
RICE_005728,Rice,Madhya Pradesh,Panna,Annual,2003,0.459
RICE_005729,Rice,Madhya Pradesh,Raisen,Annual,2003,0.623
RICE_005730,Rice,Madhya Pradesh,Rajgarh,Annual,2003,0.727
RICE_005731,Rice,Madhya Pradesh,Ratlam,Annual,2003,0.704
RICE_005732,Rice,Madhya Pradesh,Rewa,Annual,2003,0.939
RICE_005733,Rice,Madhya Pradesh,Sagar,Annual,2003,0.619
RICE_005734,Rice,Madhya Pradesh,Satna,Annual,2003,0.951
RICE_005735,Rice,Madhya Pradesh,Sehore,Annual,2003,0.8
RICE_005736,Rice,Madhya Pradesh,Seoni,Annual,2003,1.457
RICE_005737,Rice,Madhya Pradesh,Shahdol,Annual,2003,0.965
RICE_005738,Rice,Madhya Pradesh,Shajapur,Annual,2003,0.5
RICE_005739,Rice,Madhya Pradesh,Sheopur Kalan,Annual,2003,2.605
RICE_005740,Rice,Madhya Pradesh,Shivpuri,Annual,2003,1.41
RICE_005741,Rice,Madhya Pradesh,Sidhi,Annual,2003,1.065
RICE_005742,Rice,Madhya Pradesh,Tikamgarh,Annual,2003,0.843
RICE_005743,Rice,Madhya Pradesh,Umaria,Annual,2003,0.633
RICE_005744,Rice,Madhya Pradesh,Vidisha,Annual,2003,0.714
RICE_005745,Rice,Maharashtra,Ahmednagar,Annual,2003,0.776
RICE_005746,Rice,Maharashtra,Amarawati,Annual,2003,0.588
RICE_005747,Rice,Maharashtra,Aurangabad,Annual,2003,0.333
RICE_005748,Rice,Maharashtra,Beed,Annual,2003,0.4
RICE_005749,Rice,Maharashtra,Bhandara,Annual,2003,1.569
RICE_005750,Rice,Maharashtra,Chandrapur,Annual,2003,1.448
RICE_005751,Rice,Maharashtra,Dhule,Annual,2003,1.38
RICE_005752,Rice,Maharashtra,Gadchiroli,Annual,2003,1.226
RICE_005753,Rice,Maharashtra,Gondia,Annual,2003,1.511
RICE_005754,Rice,Maharashtra,Hingoli,Annual,2003,0.505
RICE_005755,Rice,Maharashtra,Jalgaon,Annual,2003,1.222
RICE_005756,Rice,Maharashtra,Jalna,Annual,2003,0.429
RICE_005757,Rice,Maharashtra,Kolhapur,Annual,2003,2.323
RICE_005758,Rice,Maharashtra,Latur,Annual,2003,0.327
RICE_005759,Rice,Maharashtra,Nagpur,Annual,2003,1.454
RICE_005760,Rice,Maharashtra,Nanded,Annual,2003,0.575
RICE_005761,Rice,Maharashtra,Nandurbar,Annual,2003,0.79
RICE_005762,Rice,Maharashtra,Nasik,Annual,2003,1.31
RICE_005763,Rice,Maharashtra,Osmanabad,Annual,2003,0.144
RICE_005764,Rice,Maharashtra,Parbhani,Annual,2003,0.375
RICE_005765,Rice,Maharashtra,Pune,Annual,2003,1.402
RICE_005766,Rice,Maharashtra,Raigad,Annual,2003,2.827
RICE_005767,Rice,Maharashtra,Ratnagiri,Annual,2003,3.011
RICE_005768,Rice,Maharashtra,Sangli,Annual,2003,2.532
RICE_005769,Rice,Maharashtra,Satara,Annual,2003,1.661
RICE_005770,Rice,Maharashtra,Sindhudurg,Annual,2003,3.106
RICE_005771,Rice,Maharashtra,Solapur,Annual,2003,0.5
RICE_005772,Rice,Maharashtra,Thane,Annual,2003,2.821
RICE_005773,Rice,Maharashtra,Wardha,Annual,2003,0.667
RICE_005774,Rice,Maharashtra,Washim,Annual,2003,0.333
RICE_005775,Rice,Maharashtra,Yeotmal,Annual,2003,0.606
RICE_005776,Rice,Orissa,Angul,Annual,2003,1.505
RICE_005777,Rice,Orissa,Balasore,Annual,2003,1.561
RICE_005778,Rice,Orissa,Bargarh,Annual,2003,2.047
RICE_005779,Rice,Orissa,Bhadrak,Annual,2003,1.808
RICE_005780,Rice,Orissa,Bolangir,Annual,2003,1.428
RICE_005781,Rice,Orissa,Boudh,Annual,2003,1.805
RICE_005782,Rice,Orissa,Cuttack,Annual,2003,1.133
RICE_005783,Rice,Orissa,Deogarh,Annual,2003,1.434
RICE_005784,Rice,Orissa,Dhenkanal,Annual,2003,1.82
RICE_005785,Rice,Orissa,Gajapati,Annual,2003,1.596
RICE_005786,Rice,Orissa,Ganjam,Annual,2003,1.528
RICE_005787,Rice,Orissa,Jagatsinghapur,Annual,2003,1.344
RICE_005788,Rice,Orissa,Jajapur,Annual,2003,1.255
RICE_005789,Rice,Orissa,Jharsuguda,Annual,2003,1.795
RICE_005790,Rice,Orissa,Kalahandi,Annual,2003,1.296
RICE_005791,Rice,Orissa,Kendrapara,Annual,2003,1.247
RICE_005792,Rice,Orissa,Keonjhar,Annual,2003,1.543
RICE_005793,Rice,Orissa,Khurda,Annual,2003,1.372
RICE_005794,Rice,Orissa,Koraput,Annual,2003,1.57
RICE_005795,Rice,Orissa,Malkangiri,Annual,2003,1.328
RICE_005796,Rice,Orissa,Mayurbhanja,Annual,2003,1.457
RICE_005797,Rice,Orissa,Nawarangpur,Annual,2003,1.658
RICE_005798,Rice,Orissa,Nayagarh,Annual,2003,1.564
RICE_005799,Rice,Orissa,Nuapada,Annual,2003,1.286
RICE_005800,Rice,Orissa,Phulbani ( Kandhamal ),Annual,2003,1.45
RICE_005801,Rice,Orissa,Puri,Annual,2003,1.21
RICE_005802,Rice,Orissa,Rayagada,Annual,2003,1.748
RICE_005803,Rice,Orissa,Sambalpur,Annual,2003,1.76
RICE_005804,Rice,Orissa,Sonepur,Annual,2003,1.457
RICE_005805,Rice,Orissa,Sundargarh,Annual,2003,1.02
RICE_005806,Rice,Punjab,Amritsar,Annual,2003,2.675
RICE_005807,Rice,Punjab,Bhatinda,Annual,2003,3.99
RICE_005808,Rice,Punjab,Faridkot,Annual,2003,3.667
RICE_005809,Rice,Punjab,Fatehgarh Sahib,Annual,2003,4.386
RICE_005810,Rice,Punjab,Ferozpur,Annual,2003,3.701
RICE_005811,Rice,Punjab,Gurdaspur,Annual,2003,3.041
RICE_005812,Rice,Punjab,Hoshiarpur,Annual,2003,3.086
RICE_005813,Rice,Punjab,Jalandhar,Annual,2003,3.37
RICE_005814,Rice,Punjab,Kapurthala,Annual,2003,3.471
RICE_005815,Rice,Punjab,Ludhiana,Annual,2003,4.344
RICE_005816,Rice,Punjab,Mansa,Annual,2003,3.833
RICE_005817,Rice,Punjab,Moga,Annual,2003,4.092
RICE_005818,Rice,Punjab,Patiala,Annual,2003,3.862
RICE_005819,Rice,Punjab,Roopnagar,Annual,2003,3.333
RICE_005820,Rice,Punjab,S.B.S Nagar,Annual,2003,3.638
RICE_005821,Rice,Punjab,Sangrur,Annual,2003,4.279
RICE_005822,Rice,Punjab,Shri Mukatsar Sahib,Annual,2003,3.77
RICE_005823,Rice,Rajasthan,Ajmer,Annual,2003,1.654
RICE_005824,Rice,Rajasthan,Alwar,Annual,2003,1.65
RICE_005825,Rice,Rajasthan,Banswara,Annual,2003,0.83
RICE_005826,Rice,Rajasthan,Baran,Annual,2003,1.994
RICE_005827,Rice,Rajasthan,Bharatpur,Annual,2003,1.188
RICE_005828,Rice,Rajasthan,Bhilwara,Annual,2003,1.653
RICE_005829,Rice,Rajasthan,Bikaner,Annual,2003,1.615
RICE_005830,Rice,Rajasthan,Bundi,Annual,2003,1.984
RICE_005831,Rice,Rajasthan,Chittorgarh,Annual,2003,1.653
RICE_005832,Rice,Rajasthan,Dholpur,Annual,2003,1.653
RICE_005833,Rice,Rajasthan,Dungarpur,Annual,2003,1.049
RICE_005834,Rice,Rajasthan,Ganganagar,Annual,2003,2.583
RICE_005835,Rice,Rajasthan,Hanumangarh,Annual,2003,3.213
RICE_005836,Rice,Rajasthan,Jhunjhunu,Annual,2003,1.652
RICE_005837,Rice,Rajasthan,Karoli,Annual,2003,1.169
RICE_005838,Rice,Rajasthan,Kota,Annual,2003,1.686
RICE_005839,Rice,Rajasthan,Rajsamand,Annual,2003,1.656
RICE_005840,Rice,Rajasthan,Sirohi,Annual,2003,1.667
RICE_005841,Rice,Rajasthan,Swami Madhopur,Annual,2003,1.652
RICE_005842,Rice,Rajasthan,Tonk,Annual,2003,1.6
RICE_005843,Rice,Rajasthan,Udaipur,Annual,2003,1.181
RICE_005844,Rice,Tamil Nadu,Chengalpattu Mgr / Kancheepuram,Annual,2003,3.044
RICE_005845,Rice,Tamil Nadu,Chidambanar / Toothukudi,Annual,2003,4.201
RICE_005846,Rice,Tamil Nadu,Coimbatore,Annual,2003,2.913
RICE_005847,Rice,Tamil Nadu,Dharmapuri,Annual,2003,3.982
RICE_005848,Rice,Tamil Nadu,Dindigul Anna,Annual,2003,2.831
RICE_005849,Rice,Tamil Nadu,Kanyakumari,Annual,2003,3.054
RICE_005850,Rice,Tamil Nadu,Karur,Annual,2003,2.582
RICE_005851,Rice,Tamil Nadu,Krishnagiri,Annual,2003,1.82
RICE_005852,Rice,Tamil Nadu,Madurai,Annual,2003,2.717
RICE_005853,Rice,Tamil Nadu,Nagapattinam,Annual,2003,1.91
RICE_005854,Rice,Tamil Nadu,Namakkal,Annual,2003,3.257
RICE_005855,Rice,Tamil Nadu,North Arcot / Vellore,Annual,2003,3.5
RICE_005856,Rice,Tamil Nadu,Perambular,Annual,2003,2.361
RICE_005857,Rice,Tamil Nadu,Periyar (Erode),Annual,2003,4.096
RICE_005858,Rice,Tamil Nadu,Pudukkottai,Annual,2003,1.838
RICE_005859,Rice,Tamil Nadu,Ramananthapuram,Annual,2003,0.172
RICE_005860,Rice,Tamil Nadu,Salem,Annual,2003,3.213
RICE_005861,Rice,Tamil Nadu,Sivagangai / Pasumpon,Annual,2003,0.693
RICE_005862,Rice,Tamil Nadu,South Arcot / Cuddalore,Annual,2003,3.05
RICE_005863,Rice,Tamil Nadu,Thanjavur,Annual,2003,2.879
RICE_005864,Rice,Tamil Nadu,The Nilgiris,Annual,2003,3.311
RICE_005865,Rice,Tamil Nadu,Theni,Annual,2003,3.882
RICE_005866,Rice,Tamil Nadu,Thirunelveli,Annual,2003,3.77
RICE_005867,Rice,Tamil Nadu,Thiruvallur,Annual,2003,2.609
RICE_005868,Rice,Tamil Nadu,Thiruvannamalai,Annual,2003,2.806
RICE_005869,Rice,Tamil Nadu,Tiruchirapalli / Trichy,Annual,2003,2.937
RICE_005870,Rice,Tamil Nadu,Tiruvarur,Annual,2003,1.395
RICE_005871,Rice,Tamil Nadu,Villupuram,Annual,2003,3.118
RICE_005872,Rice,Tamil Nadu,Virudhunagar / Kamarajar,Annual,2003,1.822
RICE_005873,Rice,Telangana,Adilabad,Annual,2003,2.481
RICE_005874,Rice,Telangana,Karimnagar,Annual,2003,3.21
RICE_005875,Rice,Telangana,Khammam,Annual,2003,2.903
RICE_005876,Rice,Telangana,Mahabubnagar,Annual,2003,2.318
RICE_005877,Rice,Telangana,Medak,Annual,2003,2.503
RICE_005878,Rice,Telangana,Nalgonda,Annual,2003,2.912
RICE_005879,Rice,Telangana,Nizamabad,Annual,2003,3.09
RICE_005880,Rice,Telangana,Rangareddy,Annual,2003,2.357
RICE_005881,Rice,Telangana,Warangal,Annual,2003,3.0
RICE_005882,Rice,Uttar Pradesh,Agra,Annual,2003,1.743
RICE_005883,Rice,Uttar Pradesh,Aligarh,Annual,2003,2.058
RICE_005884,Rice,Uttar Pradesh,Allahabad,Annual,2003,2.333
RICE_005885,Rice,Uttar Pradesh,Ambedkar Nagar,Annual,2003,2.618
RICE_005886,Rice,Uttar Pradesh,Amroha/J.B.Fulenagar,Annual,2003,2.19
RICE_005887,Rice,Uttar Pradesh,Auraiya,Annual,2003,2.268
RICE_005888,Rice,Uttar Pradesh,Azamgarh,Annual,2003,2.033
RICE_005889,Rice,Uttar Pradesh,Bagpat,Annual,2003,2.705
RICE_005890,Rice,Uttar Pradesh,Bahraich,Annual,2003,1.866
RICE_005891,Rice,Uttar Pradesh,Ballia,Annual,2003,1.786
RICE_005892,Rice,Uttar Pradesh,Balrampur,Annual,2003,1.748
RICE_005893,Rice,Uttar Pradesh,Banda,Annual,2003,1.173
RICE_005894,Rice,Uttar Pradesh,Barabanki,Annual,2003,2.351
RICE_005895,Rice,Uttar Pradesh,Bareilly,Annual,2003,2.119
RICE_005896,Rice,Uttar Pradesh,Basti,Annual,2003,2.216
RICE_005897,Rice,Uttar Pradesh,Bijnor,Annual,2003,2.565
RICE_005898,Rice,Uttar Pradesh,Budaun,Annual,2003,1.994
RICE_005899,Rice,Uttar Pradesh,Buland Shahar,Annual,2003,2.283
RICE_005900,Rice,Uttar Pradesh,Chandauli,Annual,2003,2.983
RICE_005901,Rice,Uttar Pradesh,Chitrakoot,Annual,2003,1.14
RICE_005902,Rice,Uttar Pradesh,Deoria,Annual,2003,2.154
RICE_005903,Rice,Uttar Pradesh,Etah,Annual,2003,1.802
RICE_005904,Rice,Uttar Pradesh,Etawah,Annual,2003,2.346
RICE_005905,Rice,Uttar Pradesh,Faizabad,Annual,2003,2.731
RICE_005906,Rice,Uttar Pradesh,Farrukhabad,Annual,2003,1.693
RICE_005907,Rice,Uttar Pradesh,Fatehpur,Annual,2003,1.82
RICE_005908,Rice,Uttar Pradesh,Firozabad,Annual,2003,1.932
RICE_005909,Rice,Uttar Pradesh,G.B.Nagar,Annual,2003,1.974
RICE_005910,Rice,Uttar Pradesh,Ghaziabad,Annual,2003,2.348
RICE_005911,Rice,Uttar Pradesh,Ghazipur,Annual,2003,2.213
RICE_005912,Rice,Uttar Pradesh,Gonda,Annual,2003,1.886
RICE_005913,Rice,Uttar Pradesh,Gorakhpur,Annual,2003,2.023
RICE_005914,Rice,Uttar Pradesh,Hamirpur,Annual,2003,1.163
RICE_005915,Rice,Uttar Pradesh,Hardoi,Annual,2003,2.055
RICE_005916,Rice,Uttar Pradesh,Hathras,Annual,2003,1.931
RICE_005917,Rice,Uttar Pradesh,Jalaun,Annual,2003,0.894
RICE_005918,Rice,Uttar Pradesh,Jaunpur,Annual,2003,2.264
RICE_005919,Rice,Uttar Pradesh,Jhansi,Annual,2003,1.556
RICE_005920,Rice,Uttar Pradesh,Kannauj,Annual,2003,1.933
RICE_005921,Rice,Uttar Pradesh,Kanpur Dehat,Annual,2003,2.075
RICE_005922,Rice,Uttar Pradesh,Kanpur Nagar,Annual,2003,2.05
RICE_005923,Rice,Uttar Pradesh,Kheri,Annual,2003,2.383
RICE_005924,Rice,Uttar Pradesh,Kushambi,Annual,2003,1.874
RICE_005925,Rice,Uttar Pradesh,Kushi Nagar / Padrauna,Annual,2003,2.635
RICE_005926,Rice,Uttar Pradesh,Lalitpur,Annual,2003,0.645
RICE_005927,Rice,Uttar Pradesh,Lucknow,Annual,2003,2.117
RICE_005928,Rice,Uttar Pradesh,Mahoba,Annual,2003,1.165
RICE_005929,Rice,Uttar Pradesh,Mahrajgani,Annual,2003,2.747
RICE_005930,Rice,Uttar Pradesh,Mainpuri,Annual,2003,1.613
RICE_005931,Rice,Uttar Pradesh,Mathura,Annual,2003,2.053
RICE_005932,Rice,Uttar Pradesh,Mau,Annual,2003,2.11
RICE_005933,Rice,Uttar Pradesh,Meerut,Annual,2003,2.334
RICE_005934,Rice,Uttar Pradesh,Mirzpur,Annual,2003,2.076
RICE_005935,Rice,Uttar Pradesh,Moradabad,Annual,2003,2.382
RICE_005936,Rice,Uttar Pradesh,Muzaffarnagar,Annual,2003,2.522
RICE_005937,Rice,Uttar Pradesh,Pilibhit,Annual,2003,2.715
RICE_005938,Rice,Uttar Pradesh,Pratapgarh,Annual,2003,2.224
RICE_005939,Rice,Uttar Pradesh,Rae-Bareily,Annual,2003,1.993
RICE_005940,Rice,Uttar Pradesh,Rampur,Annual,2003,2.117
RICE_005941,Rice,Uttar Pradesh,Saharanpur,Annual,2003,2.055
RICE_005942,Rice,Uttar Pradesh,Santh Kabir Nagar,Annual,2003,2.292
RICE_005943,Rice,Uttar Pradesh,Santh Ravi Das Nagar / Bhadoi,Annual,2003,2.71
RICE_005944,Rice,Uttar Pradesh,Shahjahanpur,Annual,2003,2.254
RICE_005945,Rice,Uttar Pradesh,Shravasti,Annual,2003,1.896
RICE_005946,Rice,Uttar Pradesh,Sidharthnagar,Annual,2003,2.094
RICE_005947,Rice,Uttar Pradesh,Sitapur,Annual,2003,1.868
RICE_005948,Rice,Uttar Pradesh,Sonbhadra,Annual,2003,1.898
RICE_005949,Rice,Uttar Pradesh,Sultanpur,Annual,2003,2.278
RICE_005950,Rice,Uttar Pradesh,Unnao,Annual,2003,1.942
RICE_005951,Rice,Uttar Pradesh,Varanasi,Annual,2003,2.67
RICE_005952,Rice,Uttarakhand,Almorah,Annual,2003,0.751
RICE_005953,Rice,Uttarakhand,Bageshwar,Annual,2003,0.993
RICE_005954,Rice,Uttarakhand,Chamoli,Annual,2003,1.201
RICE_005955,Rice,Uttarakhand,Champavat,Annual,2003,1.169
RICE_005956,Rice,Uttarakhand,Dehradun,Annual,2003,1.985
RICE_005957,Rice,Uttarakhand,Garhwal,Annual,2003,0.645
RICE_005958,Rice,Uttarakhand,Haridwar,Annual,2003,1.931
RICE_005959,Rice,Uttarakhand,Nainital,Annual,2003,2.261
RICE_005960,Rice,Uttarakhand,Pithorgarh,Annual,2003,1.318
RICE_005961,Rice,Uttarakhand,Rudraprayag,Annual,2003,1.214
RICE_005962,Rice,Uttarakhand,Tehri Garhwal,Annual,2003,1.104
RICE_005963,Rice,Uttarakhand,Udham Singh Nagar,Annual,2003,2.777
RICE_005964,Rice,Uttarakhand,Uttar Kashi,Annual,2003,0.983
RICE_005965,Rice,West Bengal,24-Paraganas North,Annual,2003,2.623
RICE_005966,Rice,West Bengal,24-Paraganas South,Annual,2003,2.167
RICE_005967,Rice,West Bengal,Bankura,Annual,2003,2.705
RICE_005968,Rice,West Bengal,Birbhum,Annual,2003,2.951
RICE_005969,Rice,West Bengal,Burdwan,Annual,2003,3.063
RICE_005970,Rice,West Bengal,Cooch Behar,Annual,2003,1.866
RICE_005971,Rice,West Bengal,Dakshin Dinajpur,Annual,2003,2.447
RICE_005972,Rice,West Bengal,Darjeeling,Annual,2003,1.835
RICE_005973,Rice,West Bengal,East Midnapore / Purba Midnapore,Annual,2003,2.388
RICE_005974,Rice,West Bengal,Hooghly,Annual,2003,2.66
RICE_005975,Rice,West Bengal,Jalpaiguri,Annual,2003,1.655
RICE_005976,Rice,West Bengal,Jhargram,Annual,2003,2.351
RICE_005977,Rice,West Bengal,Malda,Annual,2003,2.745
RICE_005978,Rice,West Bengal,Murshidabad,Annual,2003,2.76
RICE_005979,Rice,West Bengal,Nadia,Annual,2003,2.713
RICE_005980,Rice,West Bengal,Purulia,Annual,2003,2.172
RICE_005981,Rice,West Bengal,Uttar Dinajpur,Annual,2003,2.368
RICE_005982,Rice,West Bengal,West Midnapore,Annual,2003,2.315
RICE_005983,Rice,Andhra Pradesh,Anantapur,Annual,2004,3.177
RICE_005984,Rice,Andhra Pradesh,Chittoor,Annual,2004,2.507
RICE_005985,Rice,Andhra Pradesh,East Godavari,Annual,2004,3.897
RICE_005986,Rice,Andhra Pradesh,Guntur,Annual,2004,3.458
RICE_005987,Rice,Andhra Pradesh,Kadapa Ysr,Annual,2004,3.06
RICE_005988,Rice,Andhra Pradesh,Krishna,Annual,2004,3.276
RICE_005989,Rice,Andhra Pradesh,Kurnool,Annual,2004,3.377
RICE_005990,Rice,Andhra Pradesh,Prakasam,Annual,2004,3.377
RICE_005991,Rice,Andhra Pradesh,S.P.S. Nellore,Annual,2004,3.392
RICE_005992,Rice,Andhra Pradesh,Srikakulam,Annual,2004,2.354
RICE_005993,Rice,Andhra Pradesh,Visakhapatnam,Annual,2004,1.682
RICE_005994,Rice,Andhra Pradesh,Vizianagaram,Annual,2004,2.315
RICE_005995,Rice,Andhra Pradesh,West Godavari,Annual,2004,3.928
RICE_005996,Rice,Assam,Barpeta,Annual,2004,0.811
RICE_005997,Rice,Assam,Bongaigaon,Annual,2004,1.067
RICE_005998,Rice,Assam,Cachar,Annual,2004,1.604
RICE_005999,Rice,Assam,Darrang,Annual,2004,1.078
RICE_006000,Rice,Assam,Dhemaji,Annual,2004,0.94
RICE_006001,Rice,Assam,Dhubri,Annual,2004,1.552
RICE_006002,Rice,Assam,Dibrugarh,Annual,2004,1.789
RICE_006003,Rice,Assam,Goalpara,Annual,2004,1.484
RICE_006004,Rice,Assam,Golaghat,Annual,2004,2.007
RICE_006005,Rice,Assam,Hailakandi,Annual,2004,2.091
RICE_006006,Rice,Assam,Jorhat,Annual,2004,1.652
RICE_006007,Rice,Assam,Kamrup,Annual,2004,1.514
RICE_006008,Rice,Assam,Karbi Anglong,Annual,2004,1.422
RICE_006009,Rice,Assam,Karimganj,Annual,2004,1.85
RICE_006010,Rice,Assam,Kokrajhar,Annual,2004,1.213
RICE_006011,Rice,Assam,Lakhimpur,Annual,2004,1.097
RICE_006012,Rice,Assam,Marigaon,Annual,2004,1.43
RICE_006013,Rice,Assam,Nagaon,Annual,2004,1.752
RICE_006014,Rice,Assam,Nalbari,Annual,2004,1.191
RICE_006015,Rice,Assam,North Cachar Hil,Annual,2004,1.707
RICE_006016,Rice,Assam,Sibsagar,Annual,2004,2.232
RICE_006017,Rice,Assam,Sonitpur,Annual,2004,1.398
RICE_006018,Rice,Assam,Tinsukia,Annual,2004,1.479
RICE_006019,Rice,Bihar,Araria,Annual,2004,0.637
RICE_006020,Rice,Bihar,Arwal,Annual,2004,0.785
RICE_006021,Rice,Bihar,Aurangabad,Annual,2004,1.142
RICE_006022,Rice,Bihar,Banka,Annual,2004,1.361
RICE_006023,Rice,Bihar,Begusarai,Annual,2004,0.506
RICE_006024,Rice,Bihar,Bhabhua / Kaimur,Annual,2004,1.446
RICE_006025,Rice,Bihar,Bhagalpur,Annual,2004,0.49
RICE_006026,Rice,Bihar,Bhojpur,Annual,2004,0.328
RICE_006027,Rice,Bihar,Buxar,Annual,2004,0.382
RICE_006028,Rice,Bihar,Champaran (East),Annual,2004,0.628
RICE_006029,Rice,Bihar,Champaran (West),Annual,2004,0.756
RICE_006030,Rice,Bihar,Darbhanga,Annual,2004,0.438
RICE_006031,Rice,Bihar,Gaya,Annual,2004,0.186
RICE_006032,Rice,Bihar,Gopalganj,Annual,2004,1.365
RICE_006033,Rice,Bihar,Jamui,Annual,2004,0.434
RICE_006034,Rice,Bihar,Jehanabad,Annual,2004,0.385
RICE_006035,Rice,Bihar,Katihar,Annual,2004,0.906
RICE_006036,Rice,Bihar,Khagaria,Annual,2004,0.254
RICE_006037,Rice,Bihar,Kishanganj,Annual,2004,0.694
RICE_006038,Rice,Bihar,Lakhisarai,Annual,2004,0.564
RICE_006039,Rice,Bihar,Madhepura,Annual,2004,1.12
RICE_006040,Rice,Bihar,Madhubani,Annual,2004,0.276
RICE_006041,Rice,Bihar,Mungair,Annual,2004,1.502
RICE_006042,Rice,Bihar,Muzaffarpur,Annual,2004,0.285
RICE_006043,Rice,Bihar,Nalanda,Annual,2004,0.182
RICE_006044,Rice,Bihar,Nawada,Annual,2004,0.347
RICE_006045,Rice,Bihar,Patna,Annual,2004,0.569
RICE_006046,Rice,Bihar,Purnea,Annual,2004,0.799
RICE_006047,Rice,Bihar,Rohtas,Annual,2004,2.612
RICE_006048,Rice,Bihar,Saharsa,Annual,2004,0.887
RICE_006049,Rice,Bihar,Samastipur,Annual,2004,0.19
RICE_006050,Rice,Bihar,Saran,Annual,2004,0.722
RICE_006051,Rice,Bihar,Sheikapura,Annual,2004,0.334
RICE_006052,Rice,Bihar,Sheohar,Annual,2004,0.45
RICE_006053,Rice,Bihar,Sitamarhi,Annual,2004,0.462
RICE_006054,Rice,Bihar,Siwan,Annual,2004,0.97
RICE_006055,Rice,Bihar,Supaul,Annual,2004,1.03
RICE_006056,Rice,Bihar,Vaishali,Annual,2004,0.308
RICE_006057,Rice,Chhattisgarh,Bastar,Annual,2004,1.255
RICE_006058,Rice,Chhattisgarh,Bilaspur,Annual,2004,1.349
RICE_006059,Rice,Chhattisgarh,Dantewara,Annual,2004,1.017
RICE_006060,Rice,Chhattisgarh,Dhamtari,Annual,2004,1.385
RICE_006061,Rice,Chhattisgarh,Durg,Annual,2004,1.409
RICE_006062,Rice,Chhattisgarh,Janjgir,Annual,2004,1.243
RICE_006063,Rice,Chhattisgarh,Jashpur,Annual,2004,0.93
RICE_006064,Rice,Chhattisgarh,Kanker,Annual,2004,1.503
RICE_006065,Rice,Chhattisgarh,Kawardha,Annual,2004,0.897
RICE_006066,Rice,Chhattisgarh,Korba,Annual,2004,0.924
RICE_006067,Rice,Chhattisgarh,Koriya,Annual,2004,1.073
RICE_006068,Rice,Chhattisgarh,Mahasmund,Annual,2004,1.272
RICE_006069,Rice,Chhattisgarh,Raigarh,Annual,2004,1.037
RICE_006070,Rice,Chhattisgarh,Raipur,Annual,2004,1.201
RICE_006071,Rice,Chhattisgarh,Rajnandgaon,Annual,2004,1.12
RICE_006072,Rice,Chhattisgarh,Surguja,Annual,2004,0.962
RICE_006073,Rice,Gujarat,Ahmedabad,Annual,2004,2.23
RICE_006074,Rice,Gujarat,Anand,Annual,2004,2.182
RICE_006075,Rice,Gujarat,Bharuch,Annual,2004,1.304
RICE_006076,Rice,Gujarat,Dahod,Annual,2004,0.791
RICE_006077,Rice,Gujarat,Dangs,Annual,2004,2.421
RICE_006078,Rice,Gujarat,Gandhinagar,Annual,2004,2.205
RICE_006079,Rice,Gujarat,Kheda,Annual,2004,2.27
RICE_006080,Rice,Gujarat,Mehsana,Annual,2004,2.422
RICE_006081,Rice,Gujarat,Narmada,Annual,2004,0.934
RICE_006082,Rice,Gujarat,Navsari,Annual,2004,2.247
RICE_006083,Rice,Gujarat,Panchmahal,Annual,2004,0.758
RICE_006084,Rice,Gujarat,Sabarkantha,Annual,2004,1.732
RICE_006085,Rice,Gujarat,Surat,Annual,2004,1.824
RICE_006086,Rice,Gujarat,Vadodara,Annual,2004,1.042
RICE_006087,Rice,Gujarat,Valsad,Annual,2004,1.823
RICE_006088,Rice,Haryana,Ambala,Annual,2004,3.167
RICE_006089,Rice,Haryana,Bhiwani,Annual,2004,1.227
RICE_006090,Rice,Haryana,Faridabad,Annual,2004,2.407
RICE_006091,Rice,Haryana,Fatehabad,Annual,2004,4.284
RICE_006092,Rice,Haryana,Gurgaon,Annual,2004,2.879
RICE_006093,Rice,Haryana,Hissar,Annual,2004,2.228
RICE_006094,Rice,Haryana,Jhajjar,Annual,2004,1.197
RICE_006095,Rice,Haryana,Jind,Annual,2004,2.211
RICE_006096,Rice,Haryana,Kaithal,Annual,2004,2.614
RICE_006097,Rice,Haryana,Karnal,Annual,2004,3.387
RICE_006098,Rice,Haryana,Kurukshetra,Annual,2004,3.841
RICE_006099,Rice,Haryana,Panchkula,Annual,2004,2.656
RICE_006100,Rice,Haryana,Panipat,Annual,2004,2.269
RICE_006101,Rice,Haryana,Rewari,Annual,2004,6.316
RICE_006102,Rice,Haryana,Rohtak,Annual,2004,1.732
RICE_006103,Rice,Haryana,Sirsa,Annual,2004,3.433
RICE_006104,Rice,Haryana,Sonepat,Annual,2004,1.88
RICE_006105,Rice,Haryana,Yamunanagar,Annual,2004,3.253
RICE_006106,Rice,Himachal Pradesh,Bilashpur,Annual,2004,1.354
RICE_006107,Rice,Himachal Pradesh,Chamba,Annual,2004,1.519
RICE_006108,Rice,Himachal Pradesh,Hamirpur,Annual,2004,1.046
RICE_006109,Rice,Himachal Pradesh,Kangra,Annual,2004,1.313
RICE_006110,Rice,Himachal Pradesh,Kinnaur,Annual,2004,1.387
RICE_006111,Rice,Himachal Pradesh,Kullu,Annual,2004,1.663
RICE_006112,Rice,Himachal Pradesh,Mandi,Annual,2004,1.258
RICE_006113,Rice,Himachal Pradesh,Shimla,Annual,2004,1.071
RICE_006114,Rice,Himachal Pradesh,Sirmaur,Annual,2004,1.431
RICE_006115,Rice,Himachal Pradesh,Solan,Annual,2004,2.193
RICE_006116,Rice,Himachal Pradesh,Una,Annual,2004,1.767
RICE_006117,Rice,Jharkhand,Bokaro,Annual,2004,1.015
RICE_006118,Rice,Jharkhand,Chatra,Annual,2004,0.535
RICE_006119,Rice,Jharkhand,Devghar / Deogarh,Annual,2004,1.869
RICE_006120,Rice,Jharkhand,Dhanbad,Annual,2004,1.661
RICE_006121,Rice,Jharkhand,Gadva / Garhwa,Annual,2004,0.627
RICE_006122,Rice,Jharkhand,Giridih,Annual,2004,1.361
RICE_006123,Rice,Jharkhand,Godda,Annual,2004,1.973
RICE_006124,Rice,Jharkhand,Gumla,Annual,2004,1.134
RICE_006125,Rice,Jharkhand,Hazaribagh,Annual,2004,0.962
RICE_006126,Rice,Jharkhand,Jamtara,Annual,2004,1.966
RICE_006127,Rice,Jharkhand,Khodrama / Koderma,Annual,2004,0.87
RICE_006128,Rice,Jharkhand,Latehar,Annual,2004,0.778
RICE_006129,Rice,Jharkhand,Lohardagga,Annual,2004,1.226
RICE_006130,Rice,Jharkhand,Pakund / Pakur,Annual,2004,1.534
RICE_006131,Rice,Jharkhand,Palamau,Annual,2004,0.648
RICE_006132,Rice,Jharkhand,Ranchi,Annual,2004,1.311
RICE_006133,Rice,Jharkhand,Sahebganj,Annual,2004,1.456
RICE_006134,Rice,Jharkhand,Santhal Paragana / Dumka,Annual,2004,2.251
RICE_006135,Rice,Jharkhand,Sariakela / Kharsawan,Annual,2004,1.53
RICE_006136,Rice,Jharkhand,Simdega,Annual,2004,2.623
RICE_006137,Rice,Jharkhand,Singhbhum East,Annual,2004,1.42
RICE_006138,Rice,Jharkhand,Singhbhum West,Annual,2004,1.143
RICE_006139,Rice,Karnataka,Bagalkote,Annual,2004,2.797
RICE_006140,Rice,Karnataka,Bangalore (Rural),Annual,2004,2.916
RICE_006141,Rice,Karnataka,Bangalore (Urban),Annual,2004,3.378
RICE_006142,Rice,Karnataka,Belgaum,Annual,2004,1.62
RICE_006143,Rice,Karnataka,Bellary,Annual,2004,3.705
RICE_006144,Rice,Karnataka,Bidar,Annual,2004,0.437
RICE_006145,Rice,Karnataka,Bijapur,Annual,2004,1.633
RICE_006146,Rice,Karnataka,Chamaraja Nagar,Annual,2004,3.445
RICE_006147,Rice,Karnataka,Chickmagalur,Annual,2004,2.674
RICE_006148,Rice,Karnataka,Chitradurga,Annual,2004,2.373
RICE_006149,Rice,Karnataka,Dakshina Kannada,Annual,2004,2.709
RICE_006150,Rice,Karnataka,Davanagere,Annual,2004,3.803
RICE_006151,Rice,Karnataka,Dharwad,Annual,2004,0.688
RICE_006152,Rice,Karnataka,Gadag,Annual,2004,3.039
RICE_006153,Rice,Karnataka,Gulbarga,Annual,2004,3.258
RICE_006154,Rice,Karnataka,Hassan,Annual,2004,2.548
RICE_006155,Rice,Karnataka,Haveri,Annual,2004,1.569
RICE_006156,Rice,Karnataka,Kodagu,Annual,2004,2.398
RICE_006157,Rice,Karnataka,Kolar,Annual,2004,2.479
RICE_006158,Rice,Karnataka,Koppal,Annual,2004,3.835
RICE_006159,Rice,Karnataka,Mandya,Annual,2004,3.691
RICE_006160,Rice,Karnataka,Mysore,Annual,2004,3.344
RICE_006161,Rice,Karnataka,Raichur,Annual,2004,2.736
RICE_006162,Rice,Karnataka,Shimoge,Annual,2004,2.447
RICE_006163,Rice,Karnataka,Tumkur,Annual,2004,2.997
RICE_006164,Rice,Karnataka,Udupi,Annual,2004,2.56
RICE_006165,Rice,Karnataka,Uttara Kannada,Annual,2004,1.837
RICE_006166,Rice,Kerala,Alappuzha,Annual,2004,2.441
RICE_006167,Rice,Kerala,Eranakulam,Annual,2004,1.936
RICE_006168,Rice,Kerala,Idukki,Annual,2004,2.458
RICE_006169,Rice,Kerala,Kannur,Annual,2004,1.878
RICE_006170,Rice,Kerala,Kasaragod,Annual,2004,2.221
RICE_006171,Rice,Kerala,Kollam,Annual,2004,2.307
RICE_006172,Rice,Kerala,Kottayam,Annual,2004,2.491
RICE_006173,Rice,Kerala,Kozhikode,Annual,2004,1.455
RICE_006174,Rice,Kerala,Malappuram,Annual,2004,2.182
RICE_006175,Rice,Kerala,Palakkad,Annual,2004,2.343
RICE_006176,Rice,Kerala,Pathanamthitta,Annual,2004,2.485
RICE_006177,Rice,Kerala,Thiruvananthapuram,Annual,2004,2.378
RICE_006178,Rice,Kerala,Thrissur,Annual,2004,2.406
RICE_006179,Rice,Kerala,Wayanad,Annual,2004,2.578
RICE_006180,Rice,Madhya Pradesh,Anuppur,Annual,2004,0.481
RICE_006181,Rice,Madhya Pradesh,Ashoknagar,Annual,2004,0.816
RICE_006182,Rice,Madhya Pradesh,Balaghat,Annual,2004,1.096
RICE_006183,Rice,Madhya Pradesh,Barwani,Annual,2004,0.45
RICE_006184,Rice,Madhya Pradesh,Betul,Annual,2004,0.765
RICE_006185,Rice,Madhya Pradesh,Bhind,Annual,2004,2.28
RICE_006186,Rice,Madhya Pradesh,Bhopal,Annual,2004,0.626
RICE_006187,Rice,Madhya Pradesh,Burhanpur,Annual,2004,1.082
RICE_006188,Rice,Madhya Pradesh,Chhatarpur,Annual,2004,0.665
RICE_006189,Rice,Madhya Pradesh,Chhindwara,Annual,2004,0.671
RICE_006190,Rice,Madhya Pradesh,Damoh,Annual,2004,0.687
RICE_006191,Rice,Madhya Pradesh,Datia,Annual,2004,0.654
RICE_006192,Rice,Madhya Pradesh,Dewas,Annual,2004,0.603
RICE_006193,Rice,Madhya Pradesh,Dhar,Annual,2004,0.52
RICE_006194,Rice,Madhya Pradesh,Dindori,Annual,2004,0.756
RICE_006195,Rice,Madhya Pradesh,Guna,Annual,2004,0.872
RICE_006196,Rice,Madhya Pradesh,Gwalior,Annual,2004,2.11
RICE_006197,Rice,Madhya Pradesh,Harda,Annual,2004,0.913
RICE_006198,Rice,Madhya Pradesh,Hoshangabad,Annual,2004,0.972
RICE_006199,Rice,Madhya Pradesh,Indore,Annual,2004,0.5
RICE_006200,Rice,Madhya Pradesh,Jabalpur,Annual,2004,1.119
RICE_006201,Rice,Madhya Pradesh,Jhabua,Annual,2004,0.565
RICE_006202,Rice,Madhya Pradesh,Katni,Annual,2004,0.764
RICE_006203,Rice,Madhya Pradesh,Khandwa,Annual,2004,0.812
RICE_006204,Rice,Madhya Pradesh,Khargone,Annual,2004,0.419
RICE_006205,Rice,Madhya Pradesh,Mandla,Annual,2004,0.657
RICE_006206,Rice,Madhya Pradesh,Mandsaur,Annual,2004,0.571
RICE_006207,Rice,Madhya Pradesh,Morena,Annual,2004,2.0
RICE_006208,Rice,Madhya Pradesh,Narsinghpur,Annual,2004,1.066
RICE_006209,Rice,Madhya Pradesh,Neemuch,Annual,2004,0.455
RICE_006210,Rice,Madhya Pradesh,Panna,Annual,2004,0.396
RICE_006211,Rice,Madhya Pradesh,Raisen,Annual,2004,0.613
RICE_006212,Rice,Madhya Pradesh,Rajgarh,Annual,2004,0.641
RICE_006213,Rice,Madhya Pradesh,Ratlam,Annual,2004,0.526
RICE_006214,Rice,Madhya Pradesh,Rewa,Annual,2004,0.632
RICE_006215,Rice,Madhya Pradesh,Sagar,Annual,2004,0.57
RICE_006216,Rice,Madhya Pradesh,Satna,Annual,2004,1.039
RICE_006217,Rice,Madhya Pradesh,Sehore,Annual,2004,0.725
RICE_006218,Rice,Madhya Pradesh,Seoni,Annual,2004,0.738
RICE_006219,Rice,Madhya Pradesh,Shahdol,Annual,2004,0.698
RICE_006220,Rice,Madhya Pradesh,Shajapur,Annual,2004,0.583
RICE_006221,Rice,Madhya Pradesh,Sheopur Kalan,Annual,2004,1.704
RICE_006222,Rice,Madhya Pradesh,Shivpuri,Annual,2004,1.031
RICE_006223,Rice,Madhya Pradesh,Sidhi,Annual,2004,0.693
RICE_006224,Rice,Madhya Pradesh,Tikamgarh,Annual,2004,0.472
RICE_006225,Rice,Madhya Pradesh,Ujjain,Annual,2004,0.526
RICE_006226,Rice,Madhya Pradesh,Umaria,Annual,2004,0.436
RICE_006227,Rice,Madhya Pradesh,Vidisha,Annual,2004,0.602
RICE_006228,Rice,Maharashtra,Ahmednagar,Annual,2004,0.725
RICE_006229,Rice,Maharashtra,Amarawati,Annual,2004,0.438
RICE_006230,Rice,Maharashtra,Aurangabad,Annual,2004,0.667
RICE_006231,Rice,Maharashtra,Beed,Annual,2004,0.261
RICE_006232,Rice,Maharashtra,Bhandara,Annual,2004,0.748
RICE_006233,Rice,Maharashtra,Chandrapur,Annual,2004,0.757
RICE_006234,Rice,Maharashtra,Dhule,Annual,2004,1.059
RICE_006235,Rice,Maharashtra,Gadchiroli,Annual,2004,0.865
RICE_006236,Rice,Maharashtra,Gondia,Annual,2004,0.613
RICE_006237,Rice,Maharashtra,Hingoli,Annual,2004,0.231
RICE_006238,Rice,Maharashtra,Jalgaon,Annual,2004,1.0
RICE_006239,Rice,Maharashtra,Jalna,Annual,2004,0.4
RICE_006240,Rice,Maharashtra,Kolhapur,Annual,2004,2.532
RICE_006241,Rice,Maharashtra,Latur,Annual,2004,0.312
RICE_006242,Rice,Maharashtra,Nagpur,Annual,2004,0.961
RICE_006243,Rice,Maharashtra,Nanded,Annual,2004,0.5
RICE_006244,Rice,Maharashtra,Nandurbar,Annual,2004,0.458
RICE_006245,Rice,Maharashtra,Nasik,Annual,2004,1.382
RICE_006246,Rice,Maharashtra,Osmanabad,Annual,2004,0.362
RICE_006247,Rice,Maharashtra,Parbhani,Annual,2004,0.313
RICE_006248,Rice,Maharashtra,Pune,Annual,2004,1.259
RICE_006249,Rice,Maharashtra,Raigad,Annual,2004,2.235
RICE_006250,Rice,Maharashtra,Ratnagiri,Annual,2004,2.361
RICE_006251,Rice,Maharashtra,Sangli,Annual,2004,2.497
RICE_006252,Rice,Maharashtra,Satara,Annual,2004,1.653
RICE_006253,Rice,Maharashtra,Sindhudurg,Annual,2004,2.783
RICE_006254,Rice,Maharashtra,Solapur,Annual,2004,0.25
RICE_006255,Rice,Maharashtra,Thane,Annual,2004,2.379
RICE_006256,Rice,Maharashtra,Wardha,Annual,2004,1.0
RICE_006257,Rice,Maharashtra,Washim,Annual,2004,0.4
RICE_006258,Rice,Maharashtra,Yeotmal,Annual,2004,0.333
RICE_006259,Rice,Orissa,Angul,Annual,2004,1.269
RICE_006260,Rice,Orissa,Balasore,Annual,2004,1.764
RICE_006261,Rice,Orissa,Bargarh,Annual,2004,1.775
RICE_006262,Rice,Orissa,Bhadrak,Annual,2004,2.007
RICE_006263,Rice,Orissa,Bolangir,Annual,2004,1.086
RICE_006264,Rice,Orissa,Boudh,Annual,2004,1.424
RICE_006265,Rice,Orissa,Cuttack,Annual,2004,1.886
RICE_006266,Rice,Orissa,Deogarh,Annual,2004,0.818
RICE_006267,Rice,Orissa,Dhenkanal,Annual,2004,1.368
RICE_006268,Rice,Orissa,Gajapati,Annual,2004,1.749
RICE_006269,Rice,Orissa,Ganjam,Annual,2004,1.477
RICE_006270,Rice,Orissa,Jagatsinghapur,Annual,2004,1.823
RICE_006271,Rice,Orissa,Jajapur,Annual,2004,1.298
RICE_006272,Rice,Orissa,Jharsuguda,Annual,2004,1.147
RICE_006273,Rice,Orissa,Kalahandi,Annual,2004,1.078
RICE_006274,Rice,Orissa,Kendrapara,Annual,2004,1.505
RICE_006275,Rice,Orissa,Keonjhar,Annual,2004,1.348
RICE_006276,Rice,Orissa,Khurda,Annual,2004,1.635
RICE_006277,Rice,Orissa,Koraput,Annual,2004,1.578
RICE_006278,Rice,Orissa,Malkangiri,Annual,2004,1.404
RICE_006279,Rice,Orissa,Mayurbhanja,Annual,2004,1.507
RICE_006280,Rice,Orissa,Nawarangpur,Annual,2004,1.322
RICE_006281,Rice,Orissa,Nayagarh,Annual,2004,1.261
RICE_006282,Rice,Orissa,Nuapada,Annual,2004,0.885
RICE_006283,Rice,Orissa,Phulbani ( Kandhamal ),Annual,2004,1.315
RICE_006284,Rice,Orissa,Puri,Annual,2004,1.561
RICE_006285,Rice,Orissa,Rayagada,Annual,2004,1.626
RICE_006286,Rice,Orissa,Sambalpur,Annual,2004,1.59
RICE_006287,Rice,Orissa,Sonepur,Annual,2004,1.724
RICE_006288,Rice,Orissa,Sundargarh,Annual,2004,1.047
RICE_006289,Rice,Punjab,Amritsar,Annual,2004,3.096
RICE_006290,Rice,Punjab,Bhatinda,Annual,2004,4.069
RICE_006291,Rice,Punjab,Faridkot,Annual,2004,3.83
RICE_006292,Rice,Punjab,Fatehgarh Sahib,Annual,2004,4.365
RICE_006293,Rice,Punjab,Ferozpur,Annual,2004,3.954
RICE_006294,Rice,Punjab,Gurdaspur,Annual,2004,3.173
RICE_006295,Rice,Punjab,Hoshiarpur,Annual,2004,2.948
RICE_006296,Rice,Punjab,Jalandhar,Annual,2004,3.71
RICE_006297,Rice,Punjab,Kapurthala,Annual,2004,4.029
RICE_006298,Rice,Punjab,Ludhiana,Annual,2004,4.632
RICE_006299,Rice,Punjab,Mansa,Annual,2004,4.093
RICE_006300,Rice,Punjab,Moga,Annual,2004,4.457
RICE_006301,Rice,Punjab,Patiala,Annual,2004,3.86
RICE_006302,Rice,Punjab,Roopnagar,Annual,2004,3.451
RICE_006303,Rice,Punjab,S.B.S Nagar,Annual,2004,3.98
RICE_006304,Rice,Punjab,Sangrur,Annual,2004,4.659
RICE_006305,Rice,Punjab,Shri Mukatsar Sahib,Annual,2004,3.884
RICE_006306,Rice,Rajasthan,Ajmer,Annual,2004,1.5
RICE_006307,Rice,Rajasthan,Alwar,Annual,2004,1.482
RICE_006308,Rice,Rajasthan,Banswara,Annual,2004,0.659
RICE_006309,Rice,Rajasthan,Baran,Annual,2004,2.447
RICE_006310,Rice,Rajasthan,Bharatpur,Annual,2004,0.891
RICE_006311,Rice,Rajasthan,Bhilwara,Annual,2004,1.485
RICE_006312,Rice,Rajasthan,Bikaner,Annual,2004,1.471
RICE_006313,Rice,Rajasthan,Bundi,Annual,2004,1.85
RICE_006314,Rice,Rajasthan,Chittorgarh,Annual,2004,1.484
RICE_006315,Rice,Rajasthan,Dausa,Annual,2004,1.333
RICE_006316,Rice,Rajasthan,Dholpur,Annual,2004,1.484
RICE_006317,Rice,Rajasthan,Dungarpur,Annual,2004,0.806
RICE_006318,Rice,Rajasthan,Ganganagar,Annual,2004,2.409
RICE_006319,Rice,Rajasthan,Hanumangarh,Annual,2004,3.677
RICE_006320,Rice,Rajasthan,Jhalawar,Annual,2004,1.484
RICE_006321,Rice,Rajasthan,Karoli,Annual,2004,1.58
RICE_006322,Rice,Rajasthan,Kota,Annual,2004,2.15
RICE_006323,Rice,Rajasthan,Rajsamand,Annual,2004,1.478
RICE_006324,Rice,Rajasthan,Sirohi,Annual,2004,2.0
RICE_006325,Rice,Rajasthan,Swami Madhopur,Annual,2004,1.483
RICE_006326,Rice,Rajasthan,Tonk,Annual,2004,1.6
RICE_006327,Rice,Rajasthan,Udaipur,Annual,2004,0.749
RICE_006328,Rice,Tamil Nadu,Chengalpattu Mgr / Kancheepuram,Annual,2004,3.021
RICE_006329,Rice,Tamil Nadu,Chidambanar / Toothukudi,Annual,2004,4.138
RICE_006330,Rice,Tamil Nadu,Coimbatore,Annual,2004,3.378
RICE_006331,Rice,Tamil Nadu,Dharmapuri,Annual,2004,2.772
RICE_006332,Rice,Tamil Nadu,Dindigul Anna,Annual,2004,3.53
RICE_006333,Rice,Tamil Nadu,Kanyakumari,Annual,2004,3.928
RICE_006334,Rice,Tamil Nadu,Karur,Annual,2004,2.977
RICE_006335,Rice,Tamil Nadu,Krishnagiri,Annual,2004,2.568
RICE_006336,Rice,Tamil Nadu,Madurai,Annual,2004,3.256
RICE_006337,Rice,Tamil Nadu,Nagapattinam,Annual,2004,0.919
RICE_006338,Rice,Tamil Nadu,Namakkal,Annual,2004,3.184
RICE_006339,Rice,Tamil Nadu,North Arcot / Vellore,Annual,2004,3.066
RICE_006340,Rice,Tamil Nadu,Perambular,Annual,2004,2.337
RICE_006341,Rice,Tamil Nadu,Periyar (Erode),Annual,2004,3.907
RICE_006342,Rice,Tamil Nadu,Pudukkottai,Annual,2004,2.949
RICE_006343,Rice,Tamil Nadu,Ramananthapuram,Annual,2004,2.012
RICE_006344,Rice,Tamil Nadu,Salem,Annual,2004,3.539
RICE_006345,Rice,Tamil Nadu,Sivagangai / Pasumpon,Annual,2004,2.109
RICE_006346,Rice,Tamil Nadu,South Arcot / Cuddalore,Annual,2004,2.755
RICE_006347,Rice,Tamil Nadu,Thanjavur,Annual,2004,2.735
RICE_006348,Rice,Tamil Nadu,The Nilgiris,Annual,2004,3.301
RICE_006349,Rice,Tamil Nadu,Theni,Annual,2004,4.033
RICE_006350,Rice,Tamil Nadu,Thirunelveli,Annual,2004,4.133
RICE_006351,Rice,Tamil Nadu,Thiruvallur,Annual,2004,2.995
RICE_006352,Rice,Tamil Nadu,Thiruvannamalai,Annual,2004,2.829
RICE_006353,Rice,Tamil Nadu,Tiruchirapalli / Trichy,Annual,2004,3.303
RICE_006354,Rice,Tamil Nadu,Tiruvarur,Annual,2004,1.614
RICE_006355,Rice,Tamil Nadu,Villupuram,Annual,2004,3.212
RICE_006356,Rice,Tamil Nadu,Virudhunagar / Kamarajar,Annual,2004,2.928
RICE_006357,Rice,Telangana,Adilabad,Annual,2004,1.587
RICE_006358,Rice,Telangana,Karimnagar,Annual,2004,2.372
RICE_006359,Rice,Telangana,Khammam,Annual,2004,2.916
RICE_006360,Rice,Telangana,Mahabubnagar,Annual,2004,2.265
RICE_006361,Rice,Telangana,Medak,Annual,2004,1.993
RICE_006362,Rice,Telangana,Nalgonda,Annual,2004,2.881
RICE_006363,Rice,Telangana,Nizamabad,Annual,2004,2.306
RICE_006364,Rice,Telangana,Rangareddy,Annual,2004,2.621
RICE_006365,Rice,Telangana,Warangal,Annual,2004,2.73
RICE_006366,Rice,Uttar Pradesh,Agra,Annual,2004,2.412
RICE_006367,Rice,Uttar Pradesh,Aligarh,Annual,2004,2.26
RICE_006368,Rice,Uttar Pradesh,Allahabad,Annual,2004,1.773
RICE_006369,Rice,Uttar Pradesh,Ambedkar Nagar,Annual,2004,1.996
RICE_006370,Rice,Uttar Pradesh,Amroha/J.B.Fulenagar,Annual,2004,2.322
RICE_006371,Rice,Uttar Pradesh,Auraiya,Annual,2004,2.825
RICE_006372,Rice,Uttar Pradesh,Azamgarh,Annual,2004,0.885
RICE_006373,Rice,Uttar Pradesh,Bagpat,Annual,2004,2.619
RICE_006374,Rice,Uttar Pradesh,Bahraich,Annual,2004,1.813
RICE_006375,Rice,Uttar Pradesh,Ballia,Annual,2004,0.55
RICE_006376,Rice,Uttar Pradesh,Balrampur,Annual,2004,1.55
RICE_006377,Rice,Uttar Pradesh,Banda,Annual,2004,1.178
RICE_006378,Rice,Uttar Pradesh,Barabanki,Annual,2004,2.475
RICE_006379,Rice,Uttar Pradesh,Bareilly,Annual,2004,1.919
RICE_006380,Rice,Uttar Pradesh,Basti,Annual,2004,1.496
RICE_006381,Rice,Uttar Pradesh,Bijnor,Annual,2004,2.856
RICE_006382,Rice,Uttar Pradesh,Budaun,Annual,2004,1.548
RICE_006383,Rice,Uttar Pradesh,Buland Shahar,Annual,2004,2.447
RICE_006384,Rice,Uttar Pradesh,Chandauli,Annual,2004,1.915
RICE_006385,Rice,Uttar Pradesh,Chitrakoot,Annual,2004,0.817
RICE_006386,Rice,Uttar Pradesh,Deoria,Annual,2004,1.655
RICE_006387,Rice,Uttar Pradesh,Etah,Annual,2004,2.013
RICE_006388,Rice,Uttar Pradesh,Etawah,Annual,2004,2.735
RICE_006389,Rice,Uttar Pradesh,Faizabad,Annual,2004,2.347
RICE_006390,Rice,Uttar Pradesh,Farrukhabad,Annual,2004,2.297
RICE_006391,Rice,Uttar Pradesh,Fatehpur,Annual,2004,1.855
RICE_006392,Rice,Uttar Pradesh,Firozabad,Annual,2004,2.799
RICE_006393,Rice,Uttar Pradesh,G.B.Nagar,Annual,2004,2.733
RICE_006394,Rice,Uttar Pradesh,Ghaziabad,Annual,2004,2.393
RICE_006395,Rice,Uttar Pradesh,Ghazipur,Annual,2004,0.977
RICE_006396,Rice,Uttar Pradesh,Gonda,Annual,2004,1.626
RICE_006397,Rice,Uttar Pradesh,Gorakhpur,Annual,2004,1.526
RICE_006398,Rice,Uttar Pradesh,Hamirpur,Annual,2004,1.142
RICE_006399,Rice,Uttar Pradesh,Hardoi,Annual,2004,2.324
RICE_006400,Rice,Uttar Pradesh,Hathras,Annual,2004,2.214
RICE_006401,Rice,Uttar Pradesh,Jalaun,Annual,2004,0.481
RICE_006402,Rice,Uttar Pradesh,Jaunpur,Annual,2004,1.096
RICE_006403,Rice,Uttar Pradesh,Jhansi,Annual,2004,0.841
RICE_006404,Rice,Uttar Pradesh,Kannauj,Annual,2004,2.397
RICE_006405,Rice,Uttar Pradesh,Kanpur Dehat,Annual,2004,2.387
RICE_006406,Rice,Uttar Pradesh,Kanpur Nagar,Annual,2004,1.925
RICE_006407,Rice,Uttar Pradesh,Kheri,Annual,2004,2.079
RICE_006408,Rice,Uttar Pradesh,Kushambi,Annual,2004,1.934
RICE_006409,Rice,Uttar Pradesh,Kushi Nagar / Padrauna,Annual,2004,2.362
RICE_006410,Rice,Uttar Pradesh,Lalitpur,Annual,2004,0.399
RICE_006411,Rice,Uttar Pradesh,Lucknow,Annual,2004,1.86
RICE_006412,Rice,Uttar Pradesh,Mahoba,Annual,2004,1.143
RICE_006413,Rice,Uttar Pradesh,Mahrajgani,Annual,2004,2.189
RICE_006414,Rice,Uttar Pradesh,Mainpuri,Annual,2004,2.205
RICE_006415,Rice,Uttar Pradesh,Mathura,Annual,2004,2.556
RICE_006416,Rice,Uttar Pradesh,Mau,Annual,2004,1.291
RICE_006417,Rice,Uttar Pradesh,Meerut,Annual,2004,2.503
RICE_006418,Rice,Uttar Pradesh,Mirzpur,Annual,2004,1.064
RICE_006419,Rice,Uttar Pradesh,Moradabad,Annual,2004,2.369
RICE_006420,Rice,Uttar Pradesh,Muzaffarnagar,Annual,2004,2.597
RICE_006421,Rice,Uttar Pradesh,Pilibhit,Annual,2004,2.525
RICE_006422,Rice,Uttar Pradesh,Pratapgarh,Annual,2004,1.637
RICE_006423,Rice,Uttar Pradesh,Rae-Bareily,Annual,2004,2.046
RICE_006424,Rice,Uttar Pradesh,Rampur,Annual,2004,2.226
RICE_006425,Rice,Uttar Pradesh,Saharanpur,Annual,2004,2.23
RICE_006426,Rice,Uttar Pradesh,Santh Kabir Nagar,Annual,2004,1.419
RICE_006427,Rice,Uttar Pradesh,Santh Ravi Das Nagar / Bhadoi,Annual,2004,0.634
RICE_006428,Rice,Uttar Pradesh,Shahjahanpur,Annual,2004,2.378
RICE_006429,Rice,Uttar Pradesh,Shravasti,Annual,2004,1.617
RICE_006430,Rice,Uttar Pradesh,Sidharthnagar,Annual,2004,0.883
RICE_006431,Rice,Uttar Pradesh,Sitapur,Annual,2004,1.519
RICE_006432,Rice,Uttar Pradesh,Sonbhadra,Annual,2004,0.511
RICE_006433,Rice,Uttar Pradesh,Sultanpur,Annual,2004,1.819
RICE_006434,Rice,Uttar Pradesh,Unnao,Annual,2004,1.727
RICE_006435,Rice,Uttar Pradesh,Varanasi,Annual,2004,0.582
RICE_006436,Rice,Uttarakhand,Almorah,Annual,2004,1.024
RICE_006437,Rice,Uttarakhand,Bageshwar,Annual,2004,1.506
RICE_006438,Rice,Uttarakhand,Chamoli,Annual,2004,1.241
RICE_006439,Rice,Uttarakhand,Champavat,Annual,2004,1.276
RICE_006440,Rice,Uttarakhand,Dehradun,Annual,2004,2.113
RICE_006441,Rice,Uttarakhand,Garhwal,Annual,2004,1.14
RICE_006442,Rice,Uttarakhand,Haridwar,Annual,2004,2.032
RICE_006443,Rice,Uttarakhand,Nainital,Annual,2004,2.512
RICE_006444,Rice,Uttarakhand,Pithorgarh,Annual,2004,1.317
RICE_006445,Rice,Uttarakhand,Rudraprayag,Annual,2004,1.314
RICE_006446,Rice,Uttarakhand,Tehri Garhwal,Annual,2004,1.488
RICE_006447,Rice,Uttarakhand,Udham Singh Nagar,Annual,2004,2.638
RICE_006448,Rice,Uttarakhand,Uttar Kashi,Annual,2004,1.667
RICE_006449,Rice,West Bengal,24-Paraganas North,Annual,2004,2.589
RICE_006450,Rice,West Bengal,24-Paraganas South,Annual,2004,2.296
RICE_006451,Rice,West Bengal,Bankura,Annual,2004,2.764
RICE_006452,Rice,West Bengal,Birbhum,Annual,2004,2.805
RICE_006453,Rice,West Bengal,Burdwan,Annual,2004,2.985
RICE_006454,Rice,West Bengal,Cooch Behar,Annual,2004,1.757
RICE_006455,Rice,West Bengal,Dakshin Dinajpur,Annual,2004,2.544
RICE_006456,Rice,West Bengal,Darjeeling,Annual,2004,1.371
RICE_006457,Rice,West Bengal,East Midnapore / Purba Midnapore,Annual,2004,2.56
RICE_006458,Rice,West Bengal,Hooghly,Annual,2004,2.821
RICE_006459,Rice,West Bengal,Jalpaiguri,Annual,2004,1.464
RICE_006460,Rice,West Bengal,Jhargram,Annual,2004,2.297
RICE_006461,Rice,West Bengal,Malda,Annual,2004,3.045
RICE_006462,Rice,West Bengal,Murshidabad,Annual,2004,2.908
RICE_006463,Rice,West Bengal,Nadia,Annual,2004,2.669
RICE_006464,Rice,West Bengal,Purulia,Annual,2004,2.326
RICE_006465,Rice,West Bengal,Uttar Dinajpur,Annual,2004,2.416
RICE_006466,Rice,West Bengal,West Midnapore,Annual,2004,2.651
RICE_006467,Rice,Andhra Pradesh,Anantapur,Annual,2005,2.608
RICE_006468,Rice,Andhra Pradesh,Chittoor,Annual,2005,2.794
RICE_006469,Rice,Andhra Pradesh,East Godavari,Annual,2005,2.967
RICE_006470,Rice,Andhra Pradesh,Guntur,Annual,2005,3.135
RICE_006471,Rice,Andhra Pradesh,Kadapa Ysr,Annual,2005,2.122
RICE_006472,Rice,Andhra Pradesh,Krishna,Annual,2005,3.08
RICE_006473,Rice,Andhra Pradesh,Kurnool,Annual,2005,3.301
RICE_006474,Rice,Andhra Pradesh,Prakasam,Annual,2005,3.248
RICE_006475,Rice,Andhra Pradesh,S.P.S. Nellore,Annual,2005,3.702
RICE_006476,Rice,Andhra Pradesh,Srikakulam,Annual,2005,1.785
RICE_006477,Rice,Andhra Pradesh,Visakhapatnam,Annual,2005,1.49
RICE_006478,Rice,Andhra Pradesh,Vizianagaram,Annual,2005,1.434
RICE_006479,Rice,Andhra Pradesh,West Godavari,Annual,2005,3.057
RICE_006480,Rice,Assam,Baksa,Annual,2005,1.31
RICE_006481,Rice,Assam,Barpeta,Annual,2005,1.148
RICE_006482,Rice,Assam,Bongaigaon,Annual,2005,1.145
RICE_006483,Rice,Assam,Cachar,Annual,2005,1.991
RICE_006484,Rice,Assam,Chirang,Annual,2005,1.146
RICE_006485,Rice,Assam,Darrang,Annual,2005,1.448
RICE_006486,Rice,Assam,Dhemaji,Annual,2005,1.095
RICE_006487,Rice,Assam,Dhubri,Annual,2005,1.563
RICE_006488,Rice,Assam,Dibrugarh,Annual,2005,1.594
RICE_006489,Rice,Assam,Goalpara,Annual,2005,1.527
RICE_006490,Rice,Assam,Golaghat,Annual,2005,1.943
RICE_006491,Rice,Assam,Hailakandi,Annual,2005,1.949
RICE_006492,Rice,Assam,Jorhat,Annual,2005,1.597
RICE_006493,Rice,Assam,Kamrup,Annual,2005,1.699
RICE_006494,Rice,Assam,Karbi Anglong,Annual,2005,1.456
RICE_006495,Rice,Assam,Karimganj,Annual,2005,1.599
RICE_006496,Rice,Assam,Kokrajhar,Annual,2005,1.189
RICE_006497,Rice,Assam,Lakhimpur,Annual,2005,1.04
RICE_006498,Rice,Assam,Marigaon,Annual,2005,1.525
RICE_006499,Rice,Assam,Nagaon,Annual,2005,1.585
RICE_006500,Rice,Assam,Nalbari,Annual,2005,1.292
RICE_006501,Rice,Assam,North Cachar Hil,Annual,2005,1.692
RICE_006502,Rice,Assam,Sibsagar,Annual,2005,1.832
RICE_006503,Rice,Assam,Sonitpur,Annual,2005,1.398
RICE_006504,Rice,Assam,Tinsukia,Annual,2005,1.348
RICE_006505,Rice,Assam,Udalguri,Annual,2005,1.138
RICE_006506,Rice,Bihar,Araria,Annual,2005,0.77
RICE_006507,Rice,Bihar,Aurangabad,Annual,2005,1.34
RICE_006508,Rice,Bihar,Banka,Annual,2005,1.375
RICE_006509,Rice,Bihar,Begusarai,Annual,2005,0.337
RICE_006510,Rice,Bihar,Bhabhua / Kaimur,Annual,2005,2.085
RICE_006511,Rice,Bihar,Bhagalpur,Annual,2005,1.087
RICE_006512,Rice,Bihar,Bhojpur,Annual,2005,2.361
RICE_006513,Rice,Bihar,Buxar,Annual,2005,2.337
RICE_006514,Rice,Bihar,Champaran (East),Annual,2005,0.966
RICE_006515,Rice,Bihar,Champaran (West),Annual,2005,1.234
RICE_006516,Rice,Bihar,Darbhanga,Annual,2005,1.046
RICE_006517,Rice,Bihar,Gaya,Annual,2005,0.309
RICE_006518,Rice,Bihar,Gopalganj,Annual,2005,0.576
RICE_006519,Rice,Bihar,Jamui,Annual,2005,0.437
RICE_006520,Rice,Bihar,Jehanabad,Annual,2005,1.149
RICE_006521,Rice,Bihar,Katihar,Annual,2005,1.306
RICE_006522,Rice,Bihar,Khagaria,Annual,2005,1.032
RICE_006523,Rice,Bihar,Kishanganj,Annual,2005,0.955
RICE_006524,Rice,Bihar,Lakhisarai,Annual,2005,0.833
RICE_006525,Rice,Bihar,Madhepura,Annual,2005,1.239
RICE_006526,Rice,Bihar,Madhubani,Annual,2005,0.458
RICE_006527,Rice,Bihar,Mungair,Annual,2005,1.409
RICE_006528,Rice,Bihar,Muzaffarpur,Annual,2005,0.643
RICE_006529,Rice,Bihar,Nalanda,Annual,2005,0.463
RICE_006530,Rice,Bihar,Nawada,Annual,2005,0.641
RICE_006531,Rice,Bihar,Patna,Annual,2005,1.599
RICE_006532,Rice,Bihar,Purnea,Annual,2005,1.034
RICE_006533,Rice,Bihar,Rohtas,Annual,2005,2.454
RICE_006534,Rice,Bihar,Saharsa,Annual,2005,1.087
RICE_006535,Rice,Bihar,Samastipur,Annual,2005,0.307
RICE_006536,Rice,Bihar,Saran,Annual,2005,1.349
RICE_006537,Rice,Bihar,Sheikapura,Annual,2005,0.944
RICE_006538,Rice,Bihar,Sheohar,Annual,2005,0.696
RICE_006539,Rice,Bihar,Sitamarhi,Annual,2005,0.409
RICE_006540,Rice,Bihar,Siwan,Annual,2005,0.924
RICE_006541,Rice,Bihar,Supaul,Annual,2005,1.241
RICE_006542,Rice,Bihar,Vaishali,Annual,2005,1.0
RICE_006543,Rice,Chhattisgarh,Bastar,Annual,2005,1.255
RICE_006544,Rice,Chhattisgarh,Bilaspur,Annual,2005,1.349
RICE_006545,Rice,Chhattisgarh,Dantewara,Annual,2005,1.017
RICE_006546,Rice,Chhattisgarh,Dhamtari,Annual,2005,1.385
RICE_006547,Rice,Chhattisgarh,Durg,Annual,2005,1.409
RICE_006548,Rice,Chhattisgarh,Janjgir,Annual,2005,1.243
RICE_006549,Rice,Chhattisgarh,Jashpur,Annual,2005,0.93
RICE_006550,Rice,Chhattisgarh,Kanker,Annual,2005,1.503
RICE_006551,Rice,Chhattisgarh,Kawardha,Annual,2005,0.897
RICE_006552,Rice,Chhattisgarh,Korba,Annual,2005,0.924
RICE_006553,Rice,Chhattisgarh,Koriya,Annual,2005,1.073
RICE_006554,Rice,Chhattisgarh,Mahasmund,Annual,2005,1.272
RICE_006555,Rice,Chhattisgarh,Raigarh,Annual,2005,1.037
RICE_006556,Rice,Chhattisgarh,Raipur,Annual,2005,1.201
RICE_006557,Rice,Chhattisgarh,Rajnandgaon,Annual,2005,1.12
RICE_006558,Rice,Chhattisgarh,Surguja,Annual,2005,0.962
RICE_006559,Rice,Gujarat,Ahmedabad,Annual,2005,2.489
RICE_006560,Rice,Gujarat,Anand,Annual,2005,2.249
RICE_006561,Rice,Gujarat,Bharuch,Annual,2005,1.435
RICE_006562,Rice,Gujarat,Dahod,Annual,2005,0.797
RICE_006563,Rice,Gujarat,Dangs,Annual,2005,1.348
RICE_006564,Rice,Gujarat,Gandhinagar,Annual,2005,2.728
RICE_006565,Rice,Gujarat,Kheda,Annual,2005,2.448
RICE_006566,Rice,Gujarat,Mehsana,Annual,2005,2.267
RICE_006567,Rice,Gujarat,Narmada,Annual,2005,0.796
RICE_006568,Rice,Gujarat,Navsari,Annual,2005,2.6
RICE_006569,Rice,Gujarat,Panchmahal,Annual,2005,0.917
RICE_006570,Rice,Gujarat,Sabarkantha,Annual,2005,2.414
RICE_006571,Rice,Gujarat,Surat,Annual,2005,1.971
RICE_006572,Rice,Gujarat,Surendranagar,Annual,2005,2.2
RICE_006573,Rice,Gujarat,Vadodara,Annual,2005,1.154
RICE_006574,Rice,Gujarat,Valsad,Annual,2005,2.026
RICE_006575,Rice,Haryana,Ambala,Annual,2005,3.316
RICE_006576,Rice,Haryana,Bhiwani,Annual,2005,2.0
RICE_006577,Rice,Haryana,Faridabad,Annual,2005,2.652
RICE_006578,Rice,Haryana,Fatehabad,Annual,2005,3.713
RICE_006579,Rice,Haryana,Gurgaon,Annual,2005,2.727
RICE_006580,Rice,Haryana,Hissar,Annual,2005,2.451
RICE_006581,Rice,Haryana,Jhajjar,Annual,2005,1.706
RICE_006582,Rice,Haryana,Jind,Annual,2005,2.668
RICE_006583,Rice,Haryana,Kaithal,Annual,2005,3.167
RICE_006584,Rice,Haryana,Karnal,Annual,2005,3.081
RICE_006585,Rice,Haryana,Kurukshetra,Annual,2005,3.755
RICE_006586,Rice,Haryana,Mewat,Annual,2005,3.14
RICE_006587,Rice,Haryana,Panchkula,Annual,2005,2.787
RICE_006588,Rice,Haryana,Panipat,Annual,2005,2.56
RICE_006589,Rice,Haryana,Rewari,Annual,2005,5.0
RICE_006590,Rice,Haryana,Rohtak,Annual,2005,2.0
RICE_006591,Rice,Haryana,Sirsa,Annual,2005,3.609
RICE_006592,Rice,Haryana,Sonepat,Annual,2005,2.336
RICE_006593,Rice,Haryana,Yamunanagar,Annual,2005,3.373
RICE_006594,Rice,Himachal Pradesh,Bilashpur,Annual,2005,1.368
RICE_006595,Rice,Himachal Pradesh,Chamba,Annual,2005,1.654
RICE_006596,Rice,Himachal Pradesh,Hamirpur,Annual,2005,1.344
RICE_006597,Rice,Himachal Pradesh,Kangra,Annual,2005,1.378
RICE_006598,Rice,Himachal Pradesh,Kinnaur,Annual,2005,1.409
RICE_006599,Rice,Himachal Pradesh,Kullu,Annual,2005,0.958
RICE_006600,Rice,Himachal Pradesh,Mandi,Annual,2005,1.438
RICE_006601,Rice,Himachal Pradesh,Shimla,Annual,2005,1.086
RICE_006602,Rice,Himachal Pradesh,Sirmaur,Annual,2005,1.329
RICE_006603,Rice,Himachal Pradesh,Solan,Annual,2005,1.755
RICE_006604,Rice,Himachal Pradesh,Una,Annual,2005,1.64
RICE_006605,Rice,Jharkhand,Bokaro,Annual,2005,0.641
RICE_006606,Rice,Jharkhand,Chatra,Annual,2005,0.508
RICE_006607,Rice,Jharkhand,Devghar / Deogarh,Annual,2005,0.287
RICE_006608,Rice,Jharkhand,Dhanbad,Annual,2005,1.118
RICE_006609,Rice,Jharkhand,Gadva / Garhwa,Annual,2005,0.426
RICE_006610,Rice,Jharkhand,Giridih,Annual,2005,0.511
RICE_006611,Rice,Jharkhand,Godda,Annual,2005,1.696
RICE_006612,Rice,Jharkhand,Gumla,Annual,2005,1.11
RICE_006613,Rice,Jharkhand,Hazaribagh,Annual,2005,1.012
RICE_006614,Rice,Jharkhand,Jamtara,Annual,2005,0.333
RICE_006615,Rice,Jharkhand,Khodrama / Koderma,Annual,2005,0.78
RICE_006616,Rice,Jharkhand,Latehar,Annual,2005,0.557
RICE_006617,Rice,Jharkhand,Lohardagga,Annual,2005,0.666
RICE_006618,Rice,Jharkhand,Pakund / Pakur,Annual,2005,1.343
RICE_006619,Rice,Jharkhand,Palamau,Annual,2005,0.12
RICE_006620,Rice,Jharkhand,Ranchi,Annual,2005,0.73
RICE_006621,Rice,Jharkhand,Sahebganj,Annual,2005,1.286
RICE_006622,Rice,Jharkhand,Santhal Paragana / Dumka,Annual,2005,1.501
RICE_006623,Rice,Jharkhand,Sariakela / Kharsawan,Annual,2005,0.671
RICE_006624,Rice,Jharkhand,Simdega,Annual,2005,0.812
RICE_006625,Rice,Jharkhand,Singhbhum East,Annual,2005,0.784
RICE_006626,Rice,Jharkhand,Singhbhum West,Annual,2005,0.611
RICE_006627,Rice,Karnataka,Bagalkote,Annual,2005,2.915
RICE_006628,Rice,Karnataka,Bangalore (Rural),Annual,2005,2.426
RICE_006629,Rice,Karnataka,Bangalore (Urban),Annual,2005,2.759
RICE_006630,Rice,Karnataka,Belgaum,Annual,2005,2.184
RICE_006631,Rice,Karnataka,Bellary,Annual,2005,3.204
RICE_006632,Rice,Karnataka,Bidar,Annual,2005,0.562
RICE_006633,Rice,Karnataka,Bijapur,Annual,2005,1.758
RICE_006634,Rice,Karnataka,Chamaraja Nagar,Annual,2005,2.75
RICE_006635,Rice,Karnataka,Chickmagalur,Annual,2005,2.406
RICE_006636,Rice,Karnataka,Chitradurga,Annual,2005,2.899
RICE_006637,Rice,Karnataka,Dakshina Kannada,Annual,2005,2.296
RICE_006638,Rice,Karnataka,Davanagere,Annual,2005,3.47
RICE_006639,Rice,Karnataka,Dharwad,Annual,2005,1.746
RICE_006640,Rice,Karnataka,Gadag,Annual,2005,4.299
RICE_006641,Rice,Karnataka,Gulbarga,Annual,2005,2.768
RICE_006642,Rice,Karnataka,Hassan,Annual,2005,2.274
RICE_006643,Rice,Karnataka,Haveri,Annual,2005,2.23
RICE_006644,Rice,Karnataka,Kodagu,Annual,2005,2.3
RICE_006645,Rice,Karnataka,Kolar,Annual,2005,3.568
RICE_006646,Rice,Karnataka,Koppal,Annual,2005,3.419
RICE_006647,Rice,Karnataka,Mandya,Annual,2005,3.063
RICE_006648,Rice,Karnataka,Mysore,Annual,2005,2.971
RICE_006649,Rice,Karnataka,Raichur,Annual,2005,2.409
RICE_006650,Rice,Karnataka,Shimoge,Annual,2005,2.494
RICE_006651,Rice,Karnataka,Tumkur,Annual,2005,2.708
RICE_006652,Rice,Karnataka,Udupi,Annual,2005,2.483
RICE_006653,Rice,Karnataka,Uttara Kannada,Annual,2005,2.025
RICE_006654,Rice,Kerala,Alappuzha,Annual,2005,2.494
RICE_006655,Rice,Kerala,Eranakulam,Annual,2005,1.926
RICE_006656,Rice,Kerala,Idukki,Annual,2005,2.558
RICE_006657,Rice,Kerala,Kannur,Annual,2005,1.885
RICE_006658,Rice,Kerala,Kasaragod,Annual,2005,2.286
RICE_006659,Rice,Kerala,Kollam,Annual,2005,2.225
RICE_006660,Rice,Kerala,Kottayam,Annual,2005,2.49
RICE_006661,Rice,Kerala,Kozhikode,Annual,2005,1.343
RICE_006662,Rice,Kerala,Malappuram,Annual,2005,2.108
RICE_006663,Rice,Kerala,Palakkad,Annual,2005,2.341
RICE_006664,Rice,Kerala,Pathanamthitta,Annual,2005,2.284
RICE_006665,Rice,Kerala,Thiruvananthapuram,Annual,2005,2.345
RICE_006666,Rice,Kerala,Thrissur,Annual,2005,2.348
RICE_006667,Rice,Kerala,Wayanad,Annual,2005,2.468
RICE_006668,Rice,Madhya Pradesh,Anuppur,Annual,2005,1.075
RICE_006669,Rice,Madhya Pradesh,Ashoknagar,Annual,2005,0.684
RICE_006670,Rice,Madhya Pradesh,Balaghat,Annual,2005,1.469
RICE_006671,Rice,Madhya Pradesh,Barwani,Annual,2005,0.339
RICE_006672,Rice,Madhya Pradesh,Betul,Annual,2005,0.9
RICE_006673,Rice,Madhya Pradesh,Bhind,Annual,2005,2.102
RICE_006674,Rice,Madhya Pradesh,Bhopal,Annual,2005,0.65
RICE_006675,Rice,Madhya Pradesh,Burhanpur,Annual,2005,1.031
RICE_006676,Rice,Madhya Pradesh,Chhatarpur,Annual,2005,0.643
RICE_006677,Rice,Madhya Pradesh,Chhindwara,Annual,2005,0.764
RICE_006678,Rice,Madhya Pradesh,Damoh,Annual,2005,0.645
RICE_006679,Rice,Madhya Pradesh,Datia,Annual,2005,0.947
RICE_006680,Rice,Madhya Pradesh,Dewas,Annual,2005,0.506
RICE_006681,Rice,Madhya Pradesh,Dhar,Annual,2005,0.521
RICE_006682,Rice,Madhya Pradesh,Dindori,Annual,2005,0.849
RICE_006683,Rice,Madhya Pradesh,Guna,Annual,2005,0.838
RICE_006684,Rice,Madhya Pradesh,Gwalior,Annual,2005,2.312
RICE_006685,Rice,Madhya Pradesh,Harda,Annual,2005,1.518
RICE_006686,Rice,Madhya Pradesh,Hoshangabad,Annual,2005,1.282
RICE_006687,Rice,Madhya Pradesh,Indore,Annual,2005,0.5
RICE_006688,Rice,Madhya Pradesh,Jabalpur,Annual,2005,0.894
RICE_006689,Rice,Madhya Pradesh,Jhabua,Annual,2005,0.462
RICE_006690,Rice,Madhya Pradesh,Katni,Annual,2005,0.848
RICE_006691,Rice,Madhya Pradesh,Khandwa,Annual,2005,0.884
RICE_006692,Rice,Madhya Pradesh,Khargone,Annual,2005,0.442
RICE_006693,Rice,Madhya Pradesh,Mandla,Annual,2005,0.659
RICE_006694,Rice,Madhya Pradesh,Mandsaur,Annual,2005,0.333
RICE_006695,Rice,Madhya Pradesh,Morena,Annual,2005,2.095
RICE_006696,Rice,Madhya Pradesh,Narsinghpur,Annual,2005,1.067
RICE_006697,Rice,Madhya Pradesh,Neemuch,Annual,2005,0.5
RICE_006698,Rice,Madhya Pradesh,Panna,Annual,2005,0.621
RICE_006699,Rice,Madhya Pradesh,Raisen,Annual,2005,0.615
RICE_006700,Rice,Madhya Pradesh,Rajgarh,Annual,2005,0.499
RICE_006701,Rice,Madhya Pradesh,Ratlam,Annual,2005,0.721
RICE_006702,Rice,Madhya Pradesh,Rewa,Annual,2005,0.964
RICE_006703,Rice,Madhya Pradesh,Sagar,Annual,2005,0.529
RICE_006704,Rice,Madhya Pradesh,Satna,Annual,2005,1.188
RICE_006705,Rice,Madhya Pradesh,Sehore,Annual,2005,0.671
RICE_006706,Rice,Madhya Pradesh,Seoni,Annual,2005,1.217
RICE_006707,Rice,Madhya Pradesh,Shahdol,Annual,2005,0.96
RICE_006708,Rice,Madhya Pradesh,Shajapur,Annual,2005,0.531
RICE_006709,Rice,Madhya Pradesh,Sheopur Kalan,Annual,2005,1.85
RICE_006710,Rice,Madhya Pradesh,Shivpuri,Annual,2005,0.949
RICE_006711,Rice,Madhya Pradesh,Sidhi,Annual,2005,0.737
RICE_006712,Rice,Madhya Pradesh,Tikamgarh,Annual,2005,0.491
RICE_006713,Rice,Madhya Pradesh,Ujjain,Annual,2005,0.4
RICE_006714,Rice,Madhya Pradesh,Umaria,Annual,2005,0.831
RICE_006715,Rice,Madhya Pradesh,Vidisha,Annual,2005,0.774
RICE_006716,Rice,Maharashtra,Ahmednagar,Annual,2005,0.438
RICE_006717,Rice,Maharashtra,Amarawati,Annual,2005,0.49
RICE_006718,Rice,Maharashtra,Aurangabad,Annual,2005,1.0
RICE_006719,Rice,Maharashtra,Beed,Annual,2005,0.409
RICE_006720,Rice,Maharashtra,Bhandara,Annual,2005,1.678
RICE_006721,Rice,Maharashtra,Chandrapur,Annual,2005,1.57
RICE_006722,Rice,Maharashtra,Dhule,Annual,2005,0.98
RICE_006723,Rice,Maharashtra,Gadchiroli,Annual,2005,1.512
RICE_006724,Rice,Maharashtra,Gondia,Annual,2005,1.524
RICE_006725,Rice,Maharashtra,Hingoli,Annual,2005,0.333
RICE_006726,Rice,Maharashtra,Jalgaon,Annual,2005,1.5
RICE_006727,Rice,Maharashtra,Kolhapur,Annual,2005,2.275
RICE_006728,Rice,Maharashtra,Latur,Annual,2005,0.456
RICE_006729,Rice,Maharashtra,Nagpur,Annual,2005,1.373
RICE_006730,Rice,Maharashtra,Nanded,Annual,2005,0.429
RICE_006731,Rice,Maharashtra,Nandurbar,Annual,2005,1.569
RICE_006732,Rice,Maharashtra,Nasik,Annual,2005,1.167
RICE_006733,Rice,Maharashtra,Osmanabad,Annual,2005,0.376
RICE_006734,Rice,Maharashtra,Parbhani,Annual,2005,0.386
RICE_006735,Rice,Maharashtra,Pune,Annual,2005,1.144
RICE_006736,Rice,Maharashtra,Raigad,Annual,2005,2.278
RICE_006737,Rice,Maharashtra,Ratnagiri,Annual,2005,2.528
RICE_006738,Rice,Maharashtra,Sangli,Annual,2005,2.182
RICE_006739,Rice,Maharashtra,Satara,Annual,2005,1.683
RICE_006740,Rice,Maharashtra,Sindhudurg,Annual,2005,2.849
RICE_006741,Rice,Maharashtra,Solapur,Annual,2005,0.25
RICE_006742,Rice,Maharashtra,Thane,Annual,2005,2.227
RICE_006743,Rice,Maharashtra,Wardha,Annual,2005,1.0
RICE_006744,Rice,Maharashtra,Washim,Annual,2005,0.333
RICE_006745,Rice,Maharashtra,Yeotmal,Annual,2005,0.5
RICE_006746,Rice,Orissa,Angul,Annual,2005,1.554
RICE_006747,Rice,Orissa,Balasore,Annual,2005,1.54
RICE_006748,Rice,Orissa,Bargarh,Annual,2005,1.922
RICE_006749,Rice,Orissa,Bhadrak,Annual,2005,1.924
RICE_006750,Rice,Orissa,Bolangir,Annual,2005,1.335
RICE_006751,Rice,Orissa,Boudh,Annual,2005,1.552
RICE_006752,Rice,Orissa,Cuttack,Annual,2005,2.005
RICE_006753,Rice,Orissa,Deogarh,Annual,2005,1.27
RICE_006754,Rice,Orissa,Dhenkanal,Annual,2005,1.885
RICE_006755,Rice,Orissa,Gajapati,Annual,2005,1.422
RICE_006756,Rice,Orissa,Ganjam,Annual,2005,1.391
RICE_006757,Rice,Orissa,Jagatsinghapur,Annual,2005,1.882
RICE_006758,Rice,Orissa,Jajapur,Annual,2005,1.755
RICE_006759,Rice,Orissa,Jharsuguda,Annual,2005,1.685
RICE_006760,Rice,Orissa,Kalahandi,Annual,2005,1.082
RICE_006761,Rice,Orissa,Kendrapara,Annual,2005,1.705
RICE_006762,Rice,Orissa,Keonjhar,Annual,2005,1.426
RICE_006763,Rice,Orissa,Khurda,Annual,2005,1.728
RICE_006764,Rice,Orissa,Koraput,Annual,2005,1.641
RICE_006765,Rice,Orissa,Malkangiri,Annual,2005,1.377
RICE_006766,Rice,Orissa,Mayurbhanja,Annual,2005,1.493
RICE_006767,Rice,Orissa,Nawarangpur,Annual,2005,1.227
RICE_006768,Rice,Orissa,Nayagarh,Annual,2005,1.61
RICE_006769,Rice,Orissa,Nuapada,Annual,2005,0.974
RICE_006770,Rice,Orissa,Phulbani ( Kandhamal ),Annual,2005,1.311
RICE_006771,Rice,Orissa,Puri,Annual,2005,1.524
RICE_006772,Rice,Orissa,Rayagada,Annual,2005,1.425
RICE_006773,Rice,Orissa,Sambalpur,Annual,2005,1.983
RICE_006774,Rice,Orissa,Sonepur,Annual,2005,2.144
RICE_006775,Rice,Orissa,Sundargarh,Annual,2005,1.15
RICE_006776,Rice,Punjab,Amritsar,Annual,2005,2.905
RICE_006777,Rice,Punjab,Bhatinda,Annual,2005,4.053
RICE_006778,Rice,Punjab,Faridkot,Annual,2005,3.942
RICE_006779,Rice,Punjab,Fatehgarh Sahib,Annual,2005,4.247
RICE_006780,Rice,Punjab,Ferozpur,Annual,2005,4.051
RICE_006781,Rice,Punjab,Gurdaspur,Annual,2005,3.105
RICE_006782,Rice,Punjab,Hoshiarpur,Annual,2005,2.984
RICE_006783,Rice,Punjab,Jalandhar,Annual,2005,3.483
RICE_006784,Rice,Punjab,Kapurthala,Annual,2005,3.907
RICE_006785,Rice,Punjab,Ludhiana,Annual,2005,4.52
RICE_006786,Rice,Punjab,Mansa,Annual,2005,4.157
RICE_006787,Rice,Punjab,Moga,Annual,2005,4.401
RICE_006788,Rice,Punjab,Patiala,Annual,2005,3.95
RICE_006789,Rice,Punjab,Roopnagar,Annual,2005,3.459
RICE_006790,Rice,Punjab,S.A.S Nagar,Annual,2005,3.7
RICE_006791,Rice,Punjab,S.B.S Nagar,Annual,2005,3.49
RICE_006792,Rice,Punjab,Sangrur,Annual,2005,4.428
RICE_006793,Rice,Punjab,Shri Mukatsar Sahib,Annual,2005,3.87
RICE_006794,Rice,Punjab,Taran Taran,Annual,2005,2.91
RICE_006795,Rice,Rajasthan,Ajmer,Annual,2005,1.462
RICE_006796,Rice,Rajasthan,Alwar,Annual,2005,1.462
RICE_006797,Rice,Rajasthan,Banswara,Annual,2005,0.656
RICE_006798,Rice,Rajasthan,Baran,Annual,2005,2.498
RICE_006799,Rice,Rajasthan,Bharatpur,Annual,2005,2.183
RICE_006800,Rice,Rajasthan,Bhilwara,Annual,2005,1.469
RICE_006801,Rice,Rajasthan,Bikaner,Annual,2005,1.471
RICE_006802,Rice,Rajasthan,Bundi,Annual,2005,1.421
RICE_006803,Rice,Rajasthan,Chittorgarh,Annual,2005,1.467
RICE_006804,Rice,Rajasthan,Dholpur,Annual,2005,1.467
RICE_006805,Rice,Rajasthan,Dungarpur,Annual,2005,0.331
RICE_006806,Rice,Rajasthan,Ganganagar,Annual,2005,1.616
RICE_006807,Rice,Rajasthan,Hanumangarh,Annual,2005,3.86
RICE_006808,Rice,Rajasthan,Jhalawar,Annual,2005,1.467
RICE_006809,Rice,Rajasthan,Karoli,Annual,2005,1.224
RICE_006810,Rice,Rajasthan,Kota,Annual,2005,2.35
RICE_006811,Rice,Rajasthan,Rajsamand,Annual,2005,1.47
RICE_006812,Rice,Rajasthan,Sirohi,Annual,2005,2.0
RICE_006813,Rice,Rajasthan,Swami Madhopur,Annual,2005,1.467
RICE_006814,Rice,Rajasthan,Tonk,Annual,2005,1.5
RICE_006815,Rice,Rajasthan,Udaipur,Annual,2005,0.774
RICE_006816,Rice,Tamil Nadu,Chengalpattu Mgr / Kancheepuram,Annual,2005,2.562
RICE_006817,Rice,Tamil Nadu,Chidambanar / Toothukudi,Annual,2005,4.105
RICE_006818,Rice,Tamil Nadu,Coimbatore,Annual,2005,2.79
RICE_006819,Rice,Tamil Nadu,Dharmapuri,Annual,2005,2.942
RICE_006820,Rice,Tamil Nadu,Dindigul Anna,Annual,2005,3.173
RICE_006821,Rice,Tamil Nadu,Kanyakumari,Annual,2005,3.801
RICE_006822,Rice,Tamil Nadu,Karur,Annual,2005,2.621
RICE_006823,Rice,Tamil Nadu,Krishnagiri,Annual,2005,2.63
RICE_006824,Rice,Tamil Nadu,Madurai,Annual,2005,3.303
RICE_006825,Rice,Tamil Nadu,Nagapattinam,Annual,2005,0.864
RICE_006826,Rice,Tamil Nadu,Namakkal,Annual,2005,3.656
RICE_006827,Rice,Tamil Nadu,North Arcot / Vellore,Annual,2005,2.879
RICE_006828,Rice,Tamil Nadu,Perambular,Annual,2005,2.493
RICE_006829,Rice,Tamil Nadu,Periyar (Erode),Annual,2005,4.124
RICE_006830,Rice,Tamil Nadu,Pudukkottai,Annual,2005,2.423
RICE_006831,Rice,Tamil Nadu,Ramananthapuram,Annual,2005,1.939
RICE_006832,Rice,Tamil Nadu,Salem,Annual,2005,3.678
RICE_006833,Rice,Tamil Nadu,Sivagangai / Pasumpon,Annual,2005,2.143
RICE_006834,Rice,Tamil Nadu,South Arcot / Cuddalore,Annual,2005,1.91
RICE_006835,Rice,Tamil Nadu,Thanjavur,Annual,2005,2.579
RICE_006836,Rice,Tamil Nadu,The Nilgiris,Annual,2005,3.298
RICE_006837,Rice,Tamil Nadu,Theni,Annual,2005,4.16
RICE_006838,Rice,Tamil Nadu,Thirunelveli,Annual,2005,3.577
RICE_006839,Rice,Tamil Nadu,Thiruvallur,Annual,2005,2.8
RICE_006840,Rice,Tamil Nadu,Thiruvannamalai,Annual,2005,2.757
RICE_006841,Rice,Tamil Nadu,Tiruchirapalli / Trichy,Annual,2005,2.975
RICE_006842,Rice,Tamil Nadu,Tiruvarur,Annual,2005,1.56
RICE_006843,Rice,Tamil Nadu,Villupuram,Annual,2005,3.039
RICE_006844,Rice,Tamil Nadu,Virudhunagar / Kamarajar,Annual,2005,3.2
RICE_006845,Rice,Telangana,Adilabad,Annual,2005,2.55
RICE_006846,Rice,Telangana,Karimnagar,Annual,2005,3.425
RICE_006847,Rice,Telangana,Khammam,Annual,2005,2.654
RICE_006848,Rice,Telangana,Mahabubnagar,Annual,2005,2.501
RICE_006849,Rice,Telangana,Medak,Annual,2005,2.9
RICE_006850,Rice,Telangana,Nalgonda,Annual,2005,3.021
RICE_006851,Rice,Telangana,Nizamabad,Annual,2005,3.384
RICE_006852,Rice,Telangana,Rangareddy,Annual,2005,2.786
RICE_006853,Rice,Telangana,Warangal,Annual,2005,3.201
RICE_006854,Rice,Uttar Pradesh,Agra,Annual,2005,2.311
RICE_006855,Rice,Uttar Pradesh,Aligarh,Annual,2005,2.081
RICE_006856,Rice,Uttar Pradesh,Allahabad,Annual,2005,2.028
RICE_006857,Rice,Uttar Pradesh,Ambedkar Nagar,Annual,2005,2.39
RICE_006858,Rice,Uttar Pradesh,Amroha/J.B.Fulenagar,Annual,2005,2.142
RICE_006859,Rice,Uttar Pradesh,Auraiya,Annual,2005,2.527
RICE_006860,Rice,Uttar Pradesh,Azamgarh,Annual,2005,1.752
RICE_006861,Rice,Uttar Pradesh,Bagpat,Annual,2005,2.499
RICE_006862,Rice,Uttar Pradesh,Bahraich,Annual,2005,1.888
RICE_006863,Rice,Uttar Pradesh,Ballia,Annual,2005,1.458
RICE_006864,Rice,Uttar Pradesh,Balrampur,Annual,2005,1.889
RICE_006865,Rice,Uttar Pradesh,Banda,Annual,2005,0.833
RICE_006866,Rice,Uttar Pradesh,Barabanki,Annual,2005,2.325
RICE_006867,Rice,Uttar Pradesh,Bareilly,Annual,2005,1.885
RICE_006868,Rice,Uttar Pradesh,Basti,Annual,2005,1.675
RICE_006869,Rice,Uttar Pradesh,Bijnor,Annual,2005,2.614
RICE_006870,Rice,Uttar Pradesh,Budaun,Annual,2005,1.754
RICE_006871,Rice,Uttar Pradesh,Buland Shahar,Annual,2005,2.269
RICE_006872,Rice,Uttar Pradesh,Chandauli,Annual,2005,2.145
RICE_006873,Rice,Uttar Pradesh,Chitrakoot,Annual,2005,0.758
RICE_006874,Rice,Uttar Pradesh,Deoria,Annual,2005,1.814
RICE_006875,Rice,Uttar Pradesh,Etah,Annual,2005,2.202
RICE_006876,Rice,Uttar Pradesh,Etawah,Annual,2005,2.578
RICE_006877,Rice,Uttar Pradesh,Faizabad,Annual,2005,2.47
RICE_006878,Rice,Uttar Pradesh,Farrukhabad,Annual,2005,2.094
RICE_006879,Rice,Uttar Pradesh,Fatehpur,Annual,2005,1.624
RICE_006880,Rice,Uttar Pradesh,Firozabad,Annual,2005,3.079
RICE_006881,Rice,Uttar Pradesh,G.B.Nagar,Annual,2005,2.168
RICE_006882,Rice,Uttar Pradesh,Ghaziabad,Annual,2005,2.332
RICE_006883,Rice,Uttar Pradesh,Ghazipur,Annual,2005,1.927
RICE_006884,Rice,Uttar Pradesh,Gonda,Annual,2005,1.979
RICE_006885,Rice,Uttar Pradesh,Gorakhpur,Annual,2005,1.808
RICE_006886,Rice,Uttar Pradesh,Hamirpur,Annual,2005,0.783
RICE_006887,Rice,Uttar Pradesh,Hardoi,Annual,2005,2.185
RICE_006888,Rice,Uttar Pradesh,Hathras,Annual,2005,2.077
RICE_006889,Rice,Uttar Pradesh,Jalaun,Annual,2005,1.261
RICE_006890,Rice,Uttar Pradesh,Jaunpur,Annual,2005,1.914
RICE_006891,Rice,Uttar Pradesh,Jhansi,Annual,2005,1.892
RICE_006892,Rice,Uttar Pradesh,Kannauj,Annual,2005,2.518
RICE_006893,Rice,Uttar Pradesh,Kanpur Dehat,Annual,2005,2.246
RICE_006894,Rice,Uttar Pradesh,Kanpur Nagar,Annual,2005,2.019
RICE_006895,Rice,Uttar Pradesh,Kheri,Annual,2005,2.246
RICE_006896,Rice,Uttar Pradesh,Kushambi,Annual,2005,1.658
RICE_006897,Rice,Uttar Pradesh,Kushi Nagar / Padrauna,Annual,2005,2.537
RICE_006898,Rice,Uttar Pradesh,Lalitpur,Annual,2005,0.617
RICE_006899,Rice,Uttar Pradesh,Lucknow,Annual,2005,1.924
RICE_006900,Rice,Uttar Pradesh,Mahoba,Annual,2005,0.786
RICE_006901,Rice,Uttar Pradesh,Mahrajgani,Annual,2005,2.334
RICE_006902,Rice,Uttar Pradesh,Mainpuri,Annual,2005,2.377
RICE_006903,Rice,Uttar Pradesh,Mathura,Annual,2005,2.503
RICE_006904,Rice,Uttar Pradesh,Mau,Annual,2005,1.754
RICE_006905,Rice,Uttar Pradesh,Meerut,Annual,2005,2.245
RICE_006906,Rice,Uttar Pradesh,Mirzpur,Annual,2005,1.461
RICE_006907,Rice,Uttar Pradesh,Moradabad,Annual,2005,2.031
RICE_006908,Rice,Uttar Pradesh,Muzaffarnagar,Annual,2005,2.276
RICE_006909,Rice,Uttar Pradesh,Pilibhit,Annual,2005,2.506
RICE_006910,Rice,Uttar Pradesh,Pratapgarh,Annual,2005,1.794
RICE_006911,Rice,Uttar Pradesh,Rae-Bareily,Annual,2005,2.083
RICE_006912,Rice,Uttar Pradesh,Rampur,Annual,2005,1.994
RICE_006913,Rice,Uttar Pradesh,Saharanpur,Annual,2005,2.295
RICE_006914,Rice,Uttar Pradesh,Santh Kabir Nagar,Annual,2005,1.827
RICE_006915,Rice,Uttar Pradesh,Santh Ravi Das Nagar / Bhadoi,Annual,2005,1.661
RICE_006916,Rice,Uttar Pradesh,Shahjahanpur,Annual,2005,2.121
RICE_006917,Rice,Uttar Pradesh,Shravasti,Annual,2005,1.808
RICE_006918,Rice,Uttar Pradesh,Sidharthnagar,Annual,2005,1.658
RICE_006919,Rice,Uttar Pradesh,Sitapur,Annual,2005,1.661
RICE_006920,Rice,Uttar Pradesh,Sonbhadra,Annual,2005,0.893
RICE_006921,Rice,Uttar Pradesh,Sultanpur,Annual,2005,2.129
RICE_006922,Rice,Uttar Pradesh,Unnao,Annual,2005,1.729
RICE_006923,Rice,Uttar Pradesh,Varanasi,Annual,2005,1.524
RICE_006924,Rice,Uttarakhand,Almorah,Annual,2005,1.018
RICE_006925,Rice,Uttarakhand,Bageshwar,Annual,2005,1.332
RICE_006926,Rice,Uttarakhand,Chamoli,Annual,2005,1.297
RICE_006927,Rice,Uttarakhand,Champavat,Annual,2005,1.18
RICE_006928,Rice,Uttarakhand,Dehradun,Annual,2005,1.856
RICE_006929,Rice,Uttarakhand,Garhwal,Annual,2005,1.038
RICE_006930,Rice,Uttarakhand,Haridwar,Annual,2005,2.233
RICE_006931,Rice,Uttarakhand,Nainital,Annual,2005,2.404
RICE_006932,Rice,Uttarakhand,Pithorgarh,Annual,2005,1.301
RICE_006933,Rice,Uttarakhand,Rudraprayag,Annual,2005,1.33
RICE_006934,Rice,Uttarakhand,Tehri Garhwal,Annual,2005,1.405
RICE_006935,Rice,Uttarakhand,Udham Singh Nagar,Annual,2005,2.703
RICE_006936,Rice,Uttarakhand,Uttar Kashi,Annual,2005,1.359
RICE_006937,Rice,West Bengal,24-Paraganas North,Annual,2005,2.589
RICE_006938,Rice,West Bengal,24-Paraganas South,Annual,2005,2.135
RICE_006939,Rice,West Bengal,Bankura,Annual,2005,2.619
RICE_006940,Rice,West Bengal,Birbhum,Annual,2005,3.029
RICE_006941,Rice,West Bengal,Burdwan,Annual,2005,3.081
RICE_006942,Rice,West Bengal,Cooch Behar,Annual,2005,1.945
RICE_006943,Rice,West Bengal,Dakshin Dinajpur,Annual,2005,2.453
RICE_006944,Rice,West Bengal,Darjeeling,Annual,2005,1.698
RICE_006945,Rice,West Bengal,East Midnapore / Purba Midnapore,Annual,2005,1.896
RICE_006946,Rice,West Bengal,Hooghly,Annual,2005,2.739
RICE_006947,Rice,West Bengal,Jalpaiguri,Annual,2005,1.588
RICE_006948,Rice,West Bengal,Jhargram,Annual,2005,2.278
RICE_006949,Rice,West Bengal,Malda,Annual,2005,2.91
RICE_006950,Rice,West Bengal,Murshidabad,Annual,2005,2.943
RICE_006951,Rice,West Bengal,Nadia,Annual,2005,2.76
RICE_006952,Rice,West Bengal,Purulia,Annual,2005,1.981
RICE_006953,Rice,West Bengal,Uttar Dinajpur,Annual,2005,2.472
RICE_006954,Rice,West Bengal,West Midnapore,Annual,2005,2.492
RICE_006955,Rice,Andhra Pradesh,Anantapur,Annual,2006,2.994
RICE_006956,Rice,Andhra Pradesh,Chittoor,Annual,2006,2.762
RICE_006957,Rice,Andhra Pradesh,East Godavari,Annual,2006,3.511
RICE_006958,Rice,Andhra Pradesh,Guntur,Annual,2006,2.786
RICE_006959,Rice,Andhra Pradesh,Kadapa Ysr,Annual,2006,2.675
RICE_006960,Rice,Andhra Pradesh,Krishna,Annual,2006,2.532
RICE_006961,Rice,Andhra Pradesh,Kurnool,Annual,2006,3.295
RICE_006962,Rice,Andhra Pradesh,Prakasam,Annual,2006,3.486
RICE_006963,Rice,Andhra Pradesh,S.P.S. Nellore,Annual,2006,3.542
RICE_006964,Rice,Andhra Pradesh,Srikakulam,Annual,2006,2.528
RICE_006965,Rice,Andhra Pradesh,Visakhapatnam,Annual,2006,1.915
RICE_006966,Rice,Andhra Pradesh,Vizianagaram,Annual,2006,2.392
RICE_006967,Rice,Andhra Pradesh,West Godavari,Annual,2006,3.587
RICE_006968,Rice,Assam,Baksa,Annual,2006,1.281
RICE_006969,Rice,Assam,Barpeta,Annual,2006,1.021
RICE_006970,Rice,Assam,Bongaigaon,Annual,2006,0.947
RICE_006971,Rice,Assam,Cachar,Annual,2006,1.63
RICE_006972,Rice,Assam,Chirang,Annual,2006,1.232
RICE_006973,Rice,Assam,Darrang,Annual,2006,1.349
RICE_006974,Rice,Assam,Dhemaji,Annual,2006,1.203
RICE_006975,Rice,Assam,Dhubri,Annual,2006,1.697
RICE_006976,Rice,Assam,Dibrugarh,Annual,2006,1.544
RICE_006977,Rice,Assam,Goalpara,Annual,2006,1.395
RICE_006978,Rice,Assam,Golaghat,Annual,2006,1.607
RICE_006979,Rice,Assam,Hailakandi,Annual,2006,1.96
RICE_006980,Rice,Assam,Jorhat,Annual,2006,1.153
RICE_006981,Rice,Assam,Kamrup,Annual,2006,1.544
RICE_006982,Rice,Assam,Karbi Anglong,Annual,2006,1.445
RICE_006983,Rice,Assam,Karimganj,Annual,2006,1.935
RICE_006984,Rice,Assam,Kokrajhar,Annual,2006,1.147
RICE_006985,Rice,Assam,Lakhimpur,Annual,2006,0.69
RICE_006986,Rice,Assam,Marigaon,Annual,2006,1.366
RICE_006987,Rice,Assam,Nagaon,Annual,2006,1.605
RICE_006988,Rice,Assam,Nalbari,Annual,2006,1.324
RICE_006989,Rice,Assam,North Cachar Hil,Annual,2006,1.326
RICE_006990,Rice,Assam,Sibsagar,Annual,2006,1.496
RICE_006991,Rice,Assam,Sonitpur,Annual,2006,1.018
RICE_006992,Rice,Assam,Tinsukia,Annual,2006,1.253
RICE_006993,Rice,Assam,Udalguri,Annual,2006,0.807
RICE_006994,Rice,Bihar,Araria,Annual,2006,1.028
RICE_006995,Rice,Bihar,Aurangabad,Annual,2006,2.598
RICE_006996,Rice,Bihar,Banka,Annual,2006,2.595
RICE_006997,Rice,Bihar,Begusarai,Annual,2006,1.387
RICE_006998,Rice,Bihar,Bhabhua / Kaimur,Annual,2006,2.335
RICE_006999,Rice,Bihar,Bhagalpur,Annual,2006,2.37
RICE_007000,Rice,Bihar,Bhojpur,Annual,2006,2.654
RICE_007001,Rice,Bihar,Buxar,Annual,2006,2.267
RICE_007002,Rice,Bihar,Champaran (East),Annual,2006,0.78
RICE_007003,Rice,Bihar,Champaran (West),Annual,2006,0.994
RICE_007004,Rice,Bihar,Darbhanga,Annual,2006,0.874
RICE_007005,Rice,Bihar,Gaya,Annual,2006,1.477
RICE_007006,Rice,Bihar,Gopalganj,Annual,2006,1.187
RICE_007007,Rice,Bihar,Jamui,Annual,2006,1.764
RICE_007008,Rice,Bihar,Jehanabad,Annual,2006,1.842
RICE_007009,Rice,Bihar,Katihar,Annual,2006,1.304
RICE_007010,Rice,Bihar,Khagaria,Annual,2006,0.861
RICE_007011,Rice,Bihar,Kishanganj,Annual,2006,0.913
RICE_007012,Rice,Bihar,Lakhisarai,Annual,2006,2.296
RICE_007013,Rice,Bihar,Madhepura,Annual,2006,1.146
RICE_007014,Rice,Bihar,Madhubani,Annual,2006,0.89
RICE_007015,Rice,Bihar,Mungair,Annual,2006,1.988
RICE_007016,Rice,Bihar,Muzaffarpur,Annual,2006,0.686
RICE_007017,Rice,Bihar,Nalanda,Annual,2006,2.382
RICE_007018,Rice,Bihar,Nawada,Annual,2006,2.015
RICE_007019,Rice,Bihar,Patna,Annual,2006,1.643
RICE_007020,Rice,Bihar,Purnea,Annual,2006,0.955
RICE_007021,Rice,Bihar,Rohtas,Annual,2006,2.808
RICE_007022,Rice,Bihar,Saharsa,Annual,2006,0.985
RICE_007023,Rice,Bihar,Samastipur,Annual,2006,0.594
RICE_007024,Rice,Bihar,Saran,Annual,2006,1.126
RICE_007025,Rice,Bihar,Sheikapura,Annual,2006,2.399
RICE_007026,Rice,Bihar,Sheohar,Annual,2006,0.522
RICE_007027,Rice,Bihar,Sitamarhi,Annual,2006,0.696
RICE_007028,Rice,Bihar,Siwan,Annual,2006,1.39
RICE_007029,Rice,Bihar,Supaul,Annual,2006,1.183
RICE_007030,Rice,Bihar,Vaishali,Annual,2006,0.773
RICE_007031,Rice,Chhattisgarh,Bastar,Annual,2006,1.342
RICE_007032,Rice,Chhattisgarh,Bilaspur,Annual,2006,1.599
RICE_007033,Rice,Chhattisgarh,Dantewara,Annual,2006,1.784
RICE_007034,Rice,Chhattisgarh,Dhamtari,Annual,2006,1.816
RICE_007035,Rice,Chhattisgarh,Durg,Annual,2006,1.645
RICE_007036,Rice,Chhattisgarh,Janjgir,Annual,2006,1.785
RICE_007037,Rice,Chhattisgarh,Jashpur,Annual,2006,0.881
RICE_007038,Rice,Chhattisgarh,Kanker,Annual,2006,1.645
RICE_007039,Rice,Chhattisgarh,Kawardha,Annual,2006,1.101
RICE_007040,Rice,Chhattisgarh,Korba,Annual,2006,1.177
RICE_007041,Rice,Chhattisgarh,Koriya,Annual,2006,0.883
RICE_007042,Rice,Chhattisgarh,Mahasmund,Annual,2006,0.991
RICE_007043,Rice,Chhattisgarh,Raigarh,Annual,2006,1.16
RICE_007044,Rice,Chhattisgarh,Raipur,Annual,2006,1.552
RICE_007045,Rice,Chhattisgarh,Rajnandgaon,Annual,2006,1.366
RICE_007046,Rice,Chhattisgarh,Surguja,Annual,2006,1.093
RICE_007047,Rice,Gujarat,Ahmedabad,Annual,2006,1.867
RICE_007048,Rice,Gujarat,Anand,Annual,2006,1.805
RICE_007049,Rice,Gujarat,Bharuch,Annual,2006,1.495
RICE_007050,Rice,Gujarat,Dahod,Annual,2006,0.847
RICE_007051,Rice,Gujarat,Dangs,Annual,2006,1.207
RICE_007052,Rice,Gujarat,Gandhinagar,Annual,2006,2.392
RICE_007053,Rice,Gujarat,Kheda,Annual,2006,1.909
RICE_007054,Rice,Gujarat,Mehsana,Annual,2006,2.062
RICE_007055,Rice,Gujarat,Narmada,Annual,2006,0.746
RICE_007056,Rice,Gujarat,Navsari,Annual,2006,2.391
RICE_007057,Rice,Gujarat,Panchmahal,Annual,2006,0.72
RICE_007058,Rice,Gujarat,Sabarkantha,Annual,2006,1.79
RICE_007059,Rice,Gujarat,Surat,Annual,2006,2.041
RICE_007060,Rice,Gujarat,Surendranagar,Annual,2006,1.8
RICE_007061,Rice,Gujarat,Vadodara,Annual,2006,1.16
RICE_007062,Rice,Gujarat,Valsad,Annual,2006,1.939
RICE_007063,Rice,Haryana,Ambala,Annual,2006,3.448
RICE_007064,Rice,Haryana,Bhiwani,Annual,2006,1.912
RICE_007065,Rice,Haryana,Faridabad,Annual,2006,3.066
RICE_007066,Rice,Haryana,Fatehabad,Annual,2006,4.451
RICE_007067,Rice,Haryana,Gurgaon,Annual,2006,2.609
RICE_007068,Rice,Haryana,Hissar,Annual,2006,2.663
RICE_007069,Rice,Haryana,Jhajjar,Annual,2006,1.802
RICE_007070,Rice,Haryana,Jind,Annual,2006,2.647
RICE_007071,Rice,Haryana,Kaithal,Annual,2006,3.141
RICE_007072,Rice,Haryana,Karnal,Annual,2006,3.327
RICE_007073,Rice,Haryana,Kurukshetra,Annual,2006,4.037
RICE_007074,Rice,Haryana,Mewat,Annual,2006,1.852
RICE_007075,Rice,Haryana,Panchkula,Annual,2006,3.836
RICE_007076,Rice,Haryana,Panipat,Annual,2006,2.74
RICE_007077,Rice,Haryana,Rewari,Annual,2006,3.75
RICE_007078,Rice,Haryana,Rohtak,Annual,2006,1.841
RICE_007079,Rice,Haryana,Sirsa,Annual,2006,3.849
RICE_007080,Rice,Haryana,Sonepat,Annual,2006,2.622
RICE_007081,Rice,Haryana,Yamunanagar,Annual,2006,3.586
RICE_007082,Rice,Himachal Pradesh,Bilashpur,Annual,2006,2.595
RICE_007083,Rice,Himachal Pradesh,Chamba,Annual,2006,1.479
RICE_007084,Rice,Himachal Pradesh,Hamirpur,Annual,2006,1.5
RICE_007085,Rice,Himachal Pradesh,Kangra,Annual,2006,1.915
RICE_007086,Rice,Himachal Pradesh,Kinnaur,Annual,2006,1.571
RICE_007087,Rice,Himachal Pradesh,Kullu,Annual,2006,1.304
RICE_007088,Rice,Himachal Pradesh,Mandi,Annual,2006,1.383
RICE_007089,Rice,Himachal Pradesh,Shimla,Annual,2006,1.143
RICE_007090,Rice,Himachal Pradesh,Sirmaur,Annual,2006,2.255
RICE_007091,Rice,Himachal Pradesh,Solan,Annual,2006,2.367
RICE_007092,Rice,Himachal Pradesh,Una,Annual,2006,2.259
RICE_007093,Rice,Jharkhand,Bokaro,Annual,2006,1.223
RICE_007094,Rice,Jharkhand,Chatra,Annual,2006,1.728
RICE_007095,Rice,Jharkhand,Devghar / Deogarh,Annual,2006,2.936
RICE_007096,Rice,Jharkhand,Dhanbad,Annual,2006,2.651
RICE_007097,Rice,Jharkhand,Gadva / Garhwa,Annual,2006,1.277
RICE_007098,Rice,Jharkhand,Giridih,Annual,2006,2.038
RICE_007099,Rice,Jharkhand,Godda,Annual,2006,2.228
RICE_007100,Rice,Jharkhand,Gumla,Annual,2006,1.03
RICE_007101,Rice,Jharkhand,Hazaribagh,Annual,2006,1.853
RICE_007102,Rice,Jharkhand,Jamtara,Annual,2006,2.711
RICE_007103,Rice,Jharkhand,Khodrama / Koderma,Annual,2006,1.65
RICE_007104,Rice,Jharkhand,Latehar,Annual,2006,1.257
RICE_007105,Rice,Jharkhand,Lohardagga,Annual,2006,1.949
RICE_007106,Rice,Jharkhand,Pakund / Pakur,Annual,2006,1.464
RICE_007107,Rice,Jharkhand,Palamau,Annual,2006,1.801
RICE_007108,Rice,Jharkhand,Ranchi,Annual,2006,1.624
RICE_007109,Rice,Jharkhand,Sahebganj,Annual,2006,1.844
RICE_007110,Rice,Jharkhand,Santhal Paragana / Dumka,Annual,2006,1.902
RICE_007111,Rice,Jharkhand,Sariakela / Kharsawan,Annual,2006,2.282
RICE_007112,Rice,Jharkhand,Simdega,Annual,2006,0.971
RICE_007113,Rice,Jharkhand,Singhbhum East,Annual,2006,1.571
RICE_007114,Rice,Jharkhand,Singhbhum West,Annual,2006,1.431
RICE_007115,Rice,Karnataka,Bagalkote,Annual,2006,2.897
RICE_007116,Rice,Karnataka,Bangalore (Rural),Annual,2006,1.923
RICE_007117,Rice,Karnataka,Bangalore (Urban),Annual,2006,2.821
RICE_007118,Rice,Karnataka,Belgaum,Annual,2006,1.48
RICE_007119,Rice,Karnataka,Bellary,Annual,2006,3.286
RICE_007120,Rice,Karnataka,Bidar,Annual,2006,0.638
RICE_007121,Rice,Karnataka,Bijapur,Annual,2006,2.045
RICE_007122,Rice,Karnataka,Chamaraja Nagar,Annual,2006,2.83
RICE_007123,Rice,Karnataka,Chickmagalur,Annual,2006,2.457
RICE_007124,Rice,Karnataka,Chitradurga,Annual,2006,2.31
RICE_007125,Rice,Karnataka,Dakshina Kannada,Annual,2006,2.397
RICE_007126,Rice,Karnataka,Davanagere,Annual,2006,3.433
RICE_007127,Rice,Karnataka,Dharwad,Annual,2006,1.334
RICE_007128,Rice,Karnataka,Gadag,Annual,2006,2.305
RICE_007129,Rice,Karnataka,Gulbarga,Annual,2006,2.164
RICE_007130,Rice,Karnataka,Hassan,Annual,2006,2.445
RICE_007131,Rice,Karnataka,Haveri,Annual,2006,2.015
RICE_007132,Rice,Karnataka,Kodagu,Annual,2006,2.464
RICE_007133,Rice,Karnataka,Kolar,Annual,2006,1.907
RICE_007134,Rice,Karnataka,Koppal,Annual,2006,3.152
RICE_007135,Rice,Karnataka,Mandya,Annual,2006,3.015
RICE_007136,Rice,Karnataka,Mysore,Annual,2006,2.775
RICE_007137,Rice,Karnataka,Raichur,Annual,2006,3.015
RICE_007138,Rice,Karnataka,Shimoge,Annual,2006,2.372
RICE_007139,Rice,Karnataka,Tumkur,Annual,2006,2.578
RICE_007140,Rice,Karnataka,Udupi,Annual,2006,2.505
RICE_007141,Rice,Karnataka,Uttara Kannada,Annual,2006,2.008
RICE_007142,Rice,Kerala,Alappuzha,Annual,2006,2.903
RICE_007143,Rice,Kerala,Eranakulam,Annual,2006,2.01
RICE_007144,Rice,Kerala,Idukki,Annual,2006,2.608
RICE_007145,Rice,Kerala,Kannur,Annual,2006,1.965
RICE_007146,Rice,Kerala,Kasaragod,Annual,2006,2.281
RICE_007147,Rice,Kerala,Kollam,Annual,2006,2.289
RICE_007148,Rice,Kerala,Kottayam,Annual,2006,2.573
RICE_007149,Rice,Kerala,Kozhikode,Annual,2006,1.418
RICE_007150,Rice,Kerala,Malappuram,Annual,2006,2.192
RICE_007151,Rice,Kerala,Palakkad,Annual,2006,2.473
RICE_007152,Rice,Kerala,Pathanamthitta,Annual,2006,2.714
RICE_007153,Rice,Kerala,Thiruvananthapuram,Annual,2006,2.618
RICE_007154,Rice,Kerala,Thrissur,Annual,2006,2.381
RICE_007155,Rice,Kerala,Wayanad,Annual,2006,2.597
RICE_007156,Rice,Madhya Pradesh,Anuppur,Annual,2006,0.985
RICE_007157,Rice,Madhya Pradesh,Ashoknagar,Annual,2006,0.671
RICE_007158,Rice,Madhya Pradesh,Balaghat,Annual,2006,1.204
RICE_007159,Rice,Madhya Pradesh,Barwani,Annual,2006,0.389
RICE_007160,Rice,Madhya Pradesh,Betul,Annual,2006,0.983
RICE_007161,Rice,Madhya Pradesh,Bhind,Annual,2006,2.022
RICE_007162,Rice,Madhya Pradesh,Bhopal,Annual,2006,0.686
RICE_007163,Rice,Madhya Pradesh,Burhanpur,Annual,2006,1.081
RICE_007164,Rice,Madhya Pradesh,Chhatarpur,Annual,2006,0.423
RICE_007165,Rice,Madhya Pradesh,Chhindwara,Annual,2006,0.811
RICE_007166,Rice,Madhya Pradesh,Damoh,Annual,2006,0.54
RICE_007167,Rice,Madhya Pradesh,Datia,Annual,2006,0.845
RICE_007168,Rice,Madhya Pradesh,Dewas,Annual,2006,0.535
RICE_007169,Rice,Madhya Pradesh,Dhar,Annual,2006,0.568
RICE_007170,Rice,Madhya Pradesh,Dindori,Annual,2006,0.708
RICE_007171,Rice,Madhya Pradesh,Guna,Annual,2006,0.852
RICE_007172,Rice,Madhya Pradesh,Gwalior,Annual,2006,2.347
RICE_007173,Rice,Madhya Pradesh,Harda,Annual,2006,1.569
RICE_007174,Rice,Madhya Pradesh,Hoshangabad,Annual,2006,1.328
RICE_007175,Rice,Madhya Pradesh,Indore,Annual,2006,0.545
RICE_007176,Rice,Madhya Pradesh,Jabalpur,Annual,2006,0.833
RICE_007177,Rice,Madhya Pradesh,Jhabua,Annual,2006,0.463
RICE_007178,Rice,Madhya Pradesh,Katni,Annual,2006,0.46
RICE_007179,Rice,Madhya Pradesh,Khandwa,Annual,2006,1.009
RICE_007180,Rice,Madhya Pradesh,Khargone,Annual,2006,0.598
RICE_007181,Rice,Madhya Pradesh,Mandla,Annual,2006,0.649
RICE_007182,Rice,Madhya Pradesh,Mandsaur,Annual,2006,0.5
RICE_007183,Rice,Madhya Pradesh,Morena,Annual,2006,1.967
RICE_007184,Rice,Madhya Pradesh,Narsinghpur,Annual,2006,1.072
RICE_007185,Rice,Madhya Pradesh,Neemuch,Annual,2006,0.483
RICE_007186,Rice,Madhya Pradesh,Panna,Annual,2006,0.454
RICE_007187,Rice,Madhya Pradesh,Raisen,Annual,2006,0.669
RICE_007188,Rice,Madhya Pradesh,Rajgarh,Annual,2006,0.58
RICE_007189,Rice,Madhya Pradesh,Ratlam,Annual,2006,0.732
RICE_007190,Rice,Madhya Pradesh,Rewa,Annual,2006,0.648
RICE_007191,Rice,Madhya Pradesh,Sagar,Annual,2006,0.514
RICE_007192,Rice,Madhya Pradesh,Satna,Annual,2006,0.642
RICE_007193,Rice,Madhya Pradesh,Sehore,Annual,2006,0.657
RICE_007194,Rice,Madhya Pradesh,Seoni,Annual,2006,1.138
RICE_007195,Rice,Madhya Pradesh,Shahdol,Annual,2006,0.788
RICE_007196,Rice,Madhya Pradesh,Shajapur,Annual,2006,0.442
RICE_007197,Rice,Madhya Pradesh,Sheopur Kalan,Annual,2006,2.265
RICE_007198,Rice,Madhya Pradesh,Shivpuri,Annual,2006,0.929
RICE_007199,Rice,Madhya Pradesh,Sidhi,Annual,2006,0.815
RICE_007200,Rice,Madhya Pradesh,Tikamgarh,Annual,2006,0.395
RICE_007201,Rice,Madhya Pradesh,Ujjain,Annual,2006,1.0
RICE_007202,Rice,Madhya Pradesh,Umaria,Annual,2006,0.547
RICE_007203,Rice,Madhya Pradesh,Vidisha,Annual,2006,0.781
RICE_007204,Rice,Maharashtra,Ahmednagar,Annual,2006,0.786
RICE_007205,Rice,Maharashtra,Amarawati,Annual,2006,0.541
RICE_007206,Rice,Maharashtra,Aurangabad,Annual,2006,1.0
RICE_007207,Rice,Maharashtra,Beed,Annual,2006,0.75
RICE_007208,Rice,Maharashtra,Bhandara,Annual,2006,1.462
RICE_007209,Rice,Maharashtra,Chandrapur,Annual,2006,1.392
RICE_007210,Rice,Maharashtra,Dhule,Annual,2006,0.412
RICE_007211,Rice,Maharashtra,Gadchiroli,Annual,2006,1.478
RICE_007212,Rice,Maharashtra,Gondia,Annual,2006,1.166
RICE_007213,Rice,Maharashtra,Hingoli,Annual,2006,0.465
RICE_007214,Rice,Maharashtra,Jalgaon,Annual,2006,1.0
RICE_007215,Rice,Maharashtra,Kolhapur,Annual,2006,2.594
RICE_007216,Rice,Maharashtra,Latur,Annual,2006,0.415
RICE_007217,Rice,Maharashtra,Nagpur,Annual,2006,1.509
RICE_007218,Rice,Maharashtra,Nanded,Annual,2006,0.603
RICE_007219,Rice,Maharashtra,Nandurbar,Annual,2006,0.845
RICE_007220,Rice,Maharashtra,Nasik,Annual,2006,1.012
RICE_007221,Rice,Maharashtra,Osmanabad,Annual,2006,0.383
RICE_007222,Rice,Maharashtra,Parbhani,Annual,2006,0.41
RICE_007223,Rice,Maharashtra,Pune,Annual,2006,1.078
RICE_007224,Rice,Maharashtra,Raigad,Annual,2006,2.379
RICE_007225,Rice,Maharashtra,Ratnagiri,Annual,2006,2.708
RICE_007226,Rice,Maharashtra,Sangli,Annual,2006,1.597
RICE_007227,Rice,Maharashtra,Satara,Annual,2006,2.073
RICE_007228,Rice,Maharashtra,Sindhudurg,Annual,2006,2.909
RICE_007229,Rice,Maharashtra,Solapur,Annual,2006,0.25
RICE_007230,Rice,Maharashtra,Thane,Annual,2006,1.836
RICE_007231,Rice,Maharashtra,Wardha,Annual,2006,1.0
RICE_007232,Rice,Maharashtra,Washim,Annual,2006,0.5
RICE_007233,Rice,Maharashtra,Yeotmal,Annual,2006,0.5
RICE_007234,Rice,Orissa,Angul,Annual,2006,1.368
RICE_007235,Rice,Orissa,Balasore,Annual,2006,1.449
RICE_007236,Rice,Orissa,Bargarh,Annual,2006,2.047
RICE_007237,Rice,Orissa,Bhadrak,Annual,2006,1.774
RICE_007238,Rice,Orissa,Bolangir,Annual,2006,1.492
RICE_007239,Rice,Orissa,Boudh,Annual,2006,1.602
RICE_007240,Rice,Orissa,Cuttack,Annual,2006,1.511
RICE_007241,Rice,Orissa,Deogarh,Annual,2006,1.27
RICE_007242,Rice,Orissa,Dhenkanal,Annual,2006,1.448
RICE_007243,Rice,Orissa,Gajapati,Annual,2006,1.791
RICE_007244,Rice,Orissa,Ganjam,Annual,2006,2.109
RICE_007245,Rice,Orissa,Jagatsinghapur,Annual,2006,1.495
RICE_007246,Rice,Orissa,Jajapur,Annual,2006,1.365
RICE_007247,Rice,Orissa,Jharsuguda,Annual,2006,1.869
RICE_007248,Rice,Orissa,Kalahandi,Annual,2006,1.119
RICE_007249,Rice,Orissa,Kendrapara,Annual,2006,1.124
RICE_007250,Rice,Orissa,Keonjhar,Annual,2006,1.38
RICE_007251,Rice,Orissa,Khurda,Annual,2006,1.637
RICE_007252,Rice,Orissa,Koraput,Annual,2006,1.7
RICE_007253,Rice,Orissa,Malkangiri,Annual,2006,1.407
RICE_007254,Rice,Orissa,Mayurbhanja,Annual,2006,1.579
RICE_007255,Rice,Orissa,Nawarangpur,Annual,2006,1.331
RICE_007256,Rice,Orissa,Nayagarh,Annual,2006,1.502
RICE_007257,Rice,Orissa,Nuapada,Annual,2006,1.106
RICE_007258,Rice,Orissa,Phulbani ( Kandhamal ),Annual,2006,1.4
RICE_007259,Rice,Orissa,Puri,Annual,2006,1.371
RICE_007260,Rice,Orissa,Rayagada,Annual,2006,1.72
RICE_007261,Rice,Orissa,Sambalpur,Annual,2006,2.034
RICE_007262,Rice,Orissa,Sonepur,Annual,2006,2.098
RICE_007263,Rice,Orissa,Sundargarh,Annual,2006,1.234
RICE_007264,Rice,Punjab,Amritsar,Annual,2006,3.022
RICE_007265,Rice,Punjab,Barnala,Annual,2006,4.52
RICE_007266,Rice,Punjab,Bhatinda,Annual,2006,4.115
RICE_007267,Rice,Punjab,Faridkot,Annual,2006,3.976
RICE_007268,Rice,Punjab,Fatehgarh Sahib,Annual,2006,4.048
RICE_007269,Rice,Punjab,Ferozpur,Annual,2006,4.034
RICE_007270,Rice,Punjab,Gurdaspur,Annual,2006,3.164
RICE_007271,Rice,Punjab,Hoshiarpur,Annual,2006,2.804
RICE_007272,Rice,Punjab,Jalandhar,Annual,2006,3.497
RICE_007273,Rice,Punjab,Kapurthala,Annual,2006,3.764
RICE_007274,Rice,Punjab,Ludhiana,Annual,2006,4.371
RICE_007275,Rice,Punjab,Mansa,Annual,2006,4.177
RICE_007276,Rice,Punjab,Moga,Annual,2006,4.232
RICE_007277,Rice,Punjab,Patiala,Annual,2006,4.173
RICE_007278,Rice,Punjab,Roopnagar,Annual,2006,3.632
RICE_007279,Rice,Punjab,S.A.S Nagar,Annual,2006,2.828
RICE_007280,Rice,Punjab,S.B.S Nagar,Annual,2006,3.943
RICE_007281,Rice,Punjab,Sangrur,Annual,2006,4.523
RICE_007282,Rice,Punjab,Shri Mukatsar Sahib,Annual,2006,4.0
RICE_007283,Rice,Punjab,Taran Taran,Annual,2006,2.971
RICE_007284,Rice,Rajasthan,Ajmer,Annual,2006,1.6
RICE_007285,Rice,Rajasthan,Alwar,Annual,2006,1.575
RICE_007286,Rice,Rajasthan,Banswara,Annual,2006,0.564
RICE_007287,Rice,Rajasthan,Baran,Annual,2006,1.943
RICE_007288,Rice,Rajasthan,Bharatpur,Annual,2006,0.727
RICE_007289,Rice,Rajasthan,Bhilwara,Annual,2006,1.575
RICE_007290,Rice,Rajasthan,Bikaner,Annual,2006,1.571
RICE_007291,Rice,Rajasthan,Bundi,Annual,2006,1.72
RICE_007292,Rice,Rajasthan,Chittorgarh,Annual,2006,1.576
RICE_007293,Rice,Rajasthan,Dholpur,Annual,2006,1.576
RICE_007294,Rice,Rajasthan,Dungarpur,Annual,2006,0.669
RICE_007295,Rice,Rajasthan,Ganganagar,Annual,2006,3.176
RICE_007296,Rice,Rajasthan,Hanumangarh,Annual,2006,4.639
RICE_007297,Rice,Rajasthan,Jhalawar,Annual,2006,1.576
RICE_007298,Rice,Rajasthan,Karoli,Annual,2006,2.352
RICE_007299,Rice,Rajasthan,Kota,Annual,2006,2.729
RICE_007300,Rice,Rajasthan,Rajsamand,Annual,2006,1.571
RICE_007301,Rice,Rajasthan,Sirohi,Annual,2006,1.571
RICE_007302,Rice,Rajasthan,Swami Madhopur,Annual,2006,1.556
RICE_007303,Rice,Rajasthan,Udaipur,Annual,2006,0.927
RICE_007304,Rice,Tamil Nadu,Chengalpattu Mgr / Kancheepuram,Annual,2006,3.832
RICE_007305,Rice,Tamil Nadu,Chidambanar / Toothukudi,Annual,2006,4.397
RICE_007306,Rice,Tamil Nadu,Coimbatore,Annual,2006,3.859
RICE_007307,Rice,Tamil Nadu,Dharmapuri,Annual,2006,3.612
RICE_007308,Rice,Tamil Nadu,Dindigul Anna,Annual,2006,4.367
RICE_007309,Rice,Tamil Nadu,Kanyakumari,Annual,2006,4.397
RICE_007310,Rice,Tamil Nadu,Karur,Annual,2006,3.512
RICE_007311,Rice,Tamil Nadu,Krishnagiri,Annual,2006,2.853
RICE_007312,Rice,Tamil Nadu,Madurai,Annual,2006,3.979
RICE_007313,Rice,Tamil Nadu,Nagapattinam,Annual,2006,3.805
RICE_007314,Rice,Tamil Nadu,Namakkal,Annual,2006,3.789
RICE_007315,Rice,Tamil Nadu,North Arcot / Vellore,Annual,2006,3.099
RICE_007316,Rice,Tamil Nadu,Perambular,Annual,2006,3.148
RICE_007317,Rice,Tamil Nadu,Periyar (Erode),Annual,2006,4.192
RICE_007318,Rice,Tamil Nadu,Pudukkottai,Annual,2006,3.042
RICE_007319,Rice,Tamil Nadu,Ramananthapuram,Annual,2006,1.711
RICE_007320,Rice,Tamil Nadu,Salem,Annual,2006,3.632
RICE_007321,Rice,Tamil Nadu,Sivagangai / Pasumpon,Annual,2006,1.345
RICE_007322,Rice,Tamil Nadu,South Arcot / Cuddalore,Annual,2006,3.721
RICE_007323,Rice,Tamil Nadu,Thanjavur,Annual,2006,3.642
RICE_007324,Rice,Tamil Nadu,The Nilgiris,Annual,2006,3.199
RICE_007325,Rice,Tamil Nadu,Theni,Annual,2006,4.305
RICE_007326,Rice,Tamil Nadu,Thirunelveli,Annual,2006,4.193
RICE_007327,Rice,Tamil Nadu,Thiruvallur,Annual,2006,3.552
RICE_007328,Rice,Tamil Nadu,Thiruvannamalai,Annual,2006,3.284
RICE_007329,Rice,Tamil Nadu,Tiruchirapalli / Trichy,Annual,2006,3.938
RICE_007330,Rice,Tamil Nadu,Tiruvarur,Annual,2006,3.315
RICE_007331,Rice,Tamil Nadu,Villupuram,Annual,2006,3.427
RICE_007332,Rice,Tamil Nadu,Virudhunagar / Kamarajar,Annual,2006,4.833
RICE_007333,Rice,Telangana,Adilabad,Annual,2006,2.411
RICE_007334,Rice,Telangana,Karimnagar,Annual,2006,3.207
RICE_007335,Rice,Telangana,Khammam,Annual,2006,2.515
RICE_007336,Rice,Telangana,Mahabubnagar,Annual,2006,2.444
RICE_007337,Rice,Telangana,Medak,Annual,2006,2.699
RICE_007338,Rice,Telangana,Nalgonda,Annual,2006,2.835
RICE_007339,Rice,Telangana,Nizamabad,Annual,2006,3.214
RICE_007340,Rice,Telangana,Rangareddy,Annual,2006,2.667
RICE_007341,Rice,Telangana,Warangal,Annual,2006,2.821
RICE_007342,Rice,Uttar Pradesh,Agra,Annual,2006,1.897
RICE_007343,Rice,Uttar Pradesh,Aligarh,Annual,2006,2.059
RICE_007344,Rice,Uttar Pradesh,Allahabad,Annual,2006,2.119
RICE_007345,Rice,Uttar Pradesh,Ambedkar Nagar,Annual,2006,1.803
RICE_007346,Rice,Uttar Pradesh,Amroha/J.B.Fulenagar,Annual,2006,2.059
RICE_007347,Rice,Uttar Pradesh,Auraiya,Annual,2006,2.768
RICE_007348,Rice,Uttar Pradesh,Azamgarh,Annual,2006,1.473
RICE_007349,Rice,Uttar Pradesh,Bagpat,Annual,2006,2.608
RICE_007350,Rice,Uttar Pradesh,Bahraich,Annual,2006,1.656
RICE_007351,Rice,Uttar Pradesh,Ballia,Annual,2006,1.334
RICE_007352,Rice,Uttar Pradesh,Balrampur,Annual,2006,1.811
RICE_007353,Rice,Uttar Pradesh,Banda,Annual,2006,0.887
RICE_007354,Rice,Uttar Pradesh,Barabanki,Annual,2006,2.069
RICE_007355,Rice,Uttar Pradesh,Bareilly,Annual,2006,1.787
RICE_007356,Rice,Uttar Pradesh,Basti,Annual,2006,1.501
RICE_007357,Rice,Uttar Pradesh,Bijnor,Annual,2006,2.583
RICE_007358,Rice,Uttar Pradesh,Budaun,Annual,2006,1.839
RICE_007359,Rice,Uttar Pradesh,Buland Shahar,Annual,2006,2.224
RICE_007360,Rice,Uttar Pradesh,Chandauli,Annual,2006,2.583
RICE_007361,Rice,Uttar Pradesh,Chitrakoot,Annual,2006,0.472
RICE_007362,Rice,Uttar Pradesh,Deoria,Annual,2006,1.71
RICE_007363,Rice,Uttar Pradesh,Etah,Annual,2006,2.165
RICE_007364,Rice,Uttar Pradesh,Etawah,Annual,2006,2.678
RICE_007365,Rice,Uttar Pradesh,Faizabad,Annual,2006,1.723
RICE_007366,Rice,Uttar Pradesh,Farrukhabad,Annual,2006,2.277
RICE_007367,Rice,Uttar Pradesh,Fatehpur,Annual,2006,1.596
RICE_007368,Rice,Uttar Pradesh,Firozabad,Annual,2006,2.94
RICE_007369,Rice,Uttar Pradesh,G.B.Nagar,Annual,2006,1.984
RICE_007370,Rice,Uttar Pradesh,Ghaziabad,Annual,2006,2.286
RICE_007371,Rice,Uttar Pradesh,Ghazipur,Annual,2006,1.926
RICE_007372,Rice,Uttar Pradesh,Gonda,Annual,2006,1.559
RICE_007373,Rice,Uttar Pradesh,Gorakhpur,Annual,2006,1.693
RICE_007374,Rice,Uttar Pradesh,Hamirpur,Annual,2006,0.786
RICE_007375,Rice,Uttar Pradesh,Hardoi,Annual,2006,2.032
RICE_007376,Rice,Uttar Pradesh,Hathras,Annual,2006,1.91
RICE_007377,Rice,Uttar Pradesh,Jalaun,Annual,2006,0.868
RICE_007378,Rice,Uttar Pradesh,Jaunpur,Annual,2006,1.846
RICE_007379,Rice,Uttar Pradesh,Jhansi,Annual,2006,1.262
RICE_007380,Rice,Uttar Pradesh,Kannauj,Annual,2006,2.408
RICE_007381,Rice,Uttar Pradesh,Kanpur Dehat,Annual,2006,1.91
RICE_007382,Rice,Uttar Pradesh,Kanpur Nagar,Annual,2006,1.663
RICE_007383,Rice,Uttar Pradesh,Kheri,Annual,2006,2.039
RICE_007384,Rice,Uttar Pradesh,Kushambi,Annual,2006,1.52
RICE_007385,Rice,Uttar Pradesh,Kushi Nagar / Padrauna,Annual,2006,2.257
RICE_007386,Rice,Uttar Pradesh,Lalitpur,Annual,2006,0.711
RICE_007387,Rice,Uttar Pradesh,Lucknow,Annual,2006,1.923
RICE_007388,Rice,Uttar Pradesh,Mahoba,Annual,2006,0.784
RICE_007389,Rice,Uttar Pradesh,Mahrajgani,Annual,2006,2.308
RICE_007390,Rice,Uttar Pradesh,Mainpuri,Annual,2006,2.523
RICE_007391,Rice,Uttar Pradesh,Mathura,Annual,2006,2.153
RICE_007392,Rice,Uttar Pradesh,Mau,Annual,2006,1.036
RICE_007393,Rice,Uttar Pradesh,Meerut,Annual,2006,2.509
RICE_007394,Rice,Uttar Pradesh,Mirzpur,Annual,2006,1.933
RICE_007395,Rice,Uttar Pradesh,Moradabad,Annual,2006,2.094
RICE_007396,Rice,Uttar Pradesh,Muzaffarnagar,Annual,2006,2.236
RICE_007397,Rice,Uttar Pradesh,Pilibhit,Annual,2006,2.412
RICE_007398,Rice,Uttar Pradesh,Pratapgarh,Annual,2006,1.85
RICE_007399,Rice,Uttar Pradesh,Rae-Bareily,Annual,2006,1.83
RICE_007400,Rice,Uttar Pradesh,Rampur,Annual,2006,2.098
RICE_007401,Rice,Uttar Pradesh,Saharanpur,Annual,2006,2.258
RICE_007402,Rice,Uttar Pradesh,Santh Kabir Nagar,Annual,2006,1.407
RICE_007403,Rice,Uttar Pradesh,Santh Ravi Das Nagar / Bhadoi,Annual,2006,1.559
RICE_007404,Rice,Uttar Pradesh,Shahjahanpur,Annual,2006,2.207
RICE_007405,Rice,Uttar Pradesh,Shravasti,Annual,2006,1.473
RICE_007406,Rice,Uttar Pradesh,Sidharthnagar,Annual,2006,1.389
RICE_007407,Rice,Uttar Pradesh,Sitapur,Annual,2006,1.62
RICE_007408,Rice,Uttar Pradesh,Sonbhadra,Annual,2006,0.652
RICE_007409,Rice,Uttar Pradesh,Sultanpur,Annual,2006,1.784
RICE_007410,Rice,Uttar Pradesh,Unnao,Annual,2006,1.453
RICE_007411,Rice,Uttar Pradesh,Varanasi,Annual,2006,1.567
RICE_007412,Rice,Uttarakhand,Almorah,Annual,2006,1.037
RICE_007413,Rice,Uttarakhand,Bageshwar,Annual,2006,1.421
RICE_007414,Rice,Uttarakhand,Chamoli,Annual,2006,1.434
RICE_007415,Rice,Uttarakhand,Champavat,Annual,2006,1.269
RICE_007416,Rice,Uttarakhand,Dehradun,Annual,2006,2.079
RICE_007417,Rice,Uttarakhand,Garhwal,Annual,2006,1.024
RICE_007418,Rice,Uttarakhand,Haridwar,Annual,2006,1.836
RICE_007419,Rice,Uttarakhand,Nainital,Annual,2006,2.545
RICE_007420,Rice,Uttarakhand,Pithorgarh,Annual,2006,1.254
RICE_007421,Rice,Uttarakhand,Rudraprayag,Annual,2006,1.337
RICE_007422,Rice,Uttarakhand,Tehri Garhwal,Annual,2006,1.452
RICE_007423,Rice,Uttarakhand,Udham Singh Nagar,Annual,2006,2.651
RICE_007424,Rice,Uttarakhand,Uttar Kashi,Annual,2006,1.626
RICE_007425,Rice,West Bengal,24-Paraganas North,Annual,2006,2.611
RICE_007426,Rice,West Bengal,24-Paraganas South,Annual,2006,2.195
RICE_007427,Rice,West Bengal,Bankura,Annual,2006,2.797
RICE_007428,Rice,West Bengal,Birbhum,Annual,2006,3.128
RICE_007429,Rice,West Bengal,Burdwan,Annual,2006,3.06
RICE_007430,Rice,West Bengal,Cooch Behar,Annual,2006,1.862
RICE_007431,Rice,West Bengal,Dakshin Dinajpur,Annual,2006,2.412
RICE_007432,Rice,West Bengal,Darjeeling,Annual,2006,1.866
RICE_007433,Rice,West Bengal,East Midnapore / Purba Midnapore,Annual,2006,2.428
RICE_007434,Rice,West Bengal,Hooghly,Annual,2006,2.83
RICE_007435,Rice,West Bengal,Jalpaiguri,Annual,2006,1.824
RICE_007436,Rice,West Bengal,Jhargram,Annual,2006,2.084
RICE_007437,Rice,West Bengal,Malda,Annual,2006,3.051
RICE_007438,Rice,West Bengal,Murshidabad,Annual,2006,2.609
RICE_007439,Rice,West Bengal,Nadia,Annual,2006,2.707
RICE_007440,Rice,West Bengal,Purulia,Annual,2006,2.607
RICE_007441,Rice,West Bengal,Uttar Dinajpur,Annual,2006,2.301
RICE_007442,Rice,West Bengal,West Midnapore,Annual,2006,2.598
RICE_007443,Rice,Andhra Pradesh,Anantapur,Annual,2007,2.978
RICE_007444,Rice,Andhra Pradesh,Chittoor,Annual,2007,3.002
RICE_007445,Rice,Andhra Pradesh,East Godavari,Annual,2007,3.697
RICE_007446,Rice,Andhra Pradesh,Guntur,Annual,2007,3.453
RICE_007447,Rice,Andhra Pradesh,Kadapa Ysr,Annual,2007,2.942
RICE_007448,Rice,Andhra Pradesh,Krishna,Annual,2007,3.659
RICE_007449,Rice,Andhra Pradesh,Kurnool,Annual,2007,3.528
RICE_007450,Rice,Andhra Pradesh,Prakasam,Annual,2007,3.601
RICE_007451,Rice,Andhra Pradesh,S.P.S. Nellore,Annual,2007,3.654
RICE_007452,Rice,Andhra Pradesh,Srikakulam,Annual,2007,3.045
RICE_007453,Rice,Andhra Pradesh,Visakhapatnam,Annual,2007,2.024
RICE_007454,Rice,Andhra Pradesh,Vizianagaram,Annual,2007,2.917
RICE_007455,Rice,Andhra Pradesh,West Godavari,Annual,2007,3.681
RICE_007456,Rice,Assam,Baksa,Annual,2007,1.236
RICE_007457,Rice,Assam,Barpeta,Annual,2007,1.147
RICE_007458,Rice,Assam,Bongaigaon,Annual,2007,1.053
RICE_007459,Rice,Assam,Cachar,Annual,2007,0.991
RICE_007460,Rice,Assam,Chirang,Annual,2007,0.965
RICE_007461,Rice,Assam,Darrang,Annual,2007,1.647
RICE_007462,Rice,Assam,Dhemaji,Annual,2007,1.266
RICE_007463,Rice,Assam,Dhubri,Annual,2007,1.803
RICE_007464,Rice,Assam,Dibrugarh,Annual,2007,1.593
RICE_007465,Rice,Assam,Goalpara,Annual,2007,1.593
RICE_007466,Rice,Assam,Golaghat,Annual,2007,1.909
RICE_007467,Rice,Assam,Hailakandi,Annual,2007,1.959
RICE_007468,Rice,Assam,Jorhat,Annual,2007,1.341
RICE_007469,Rice,Assam,Kamrup,Annual,2007,1.845
RICE_007470,Rice,Assam,Karbi Anglong,Annual,2007,1.552
RICE_007471,Rice,Assam,Karimganj,Annual,2007,1.551
RICE_007472,Rice,Assam,Kokrajhar,Annual,2007,1.208
RICE_007473,Rice,Assam,Lakhimpur,Annual,2007,0.754
RICE_007474,Rice,Assam,Marigaon,Annual,2007,1.365
RICE_007475,Rice,Assam,Nagaon,Annual,2007,1.645
RICE_007476,Rice,Assam,Nalbari,Annual,2007,1.616
RICE_007477,Rice,Assam,North Cachar Hil,Annual,2007,1.839
RICE_007478,Rice,Assam,Sibsagar,Annual,2007,1.693
RICE_007479,Rice,Assam,Sonitpur,Annual,2007,1.317
RICE_007480,Rice,Assam,Tinsukia,Annual,2007,1.383
RICE_007481,Rice,Assam,Udalguri,Annual,2007,1.25
RICE_007482,Rice,Bihar,Araria,Annual,2007,0.93
RICE_007483,Rice,Bihar,Arwal,Annual,2007,1.747
RICE_007484,Rice,Bihar,Aurangabad,Annual,2007,2.472
RICE_007485,Rice,Bihar,Banka,Annual,2007,1.124
RICE_007486,Rice,Bihar,Begusarai,Annual,2007,0.176
RICE_007487,Rice,Bihar,Bhabhua / Kaimur,Annual,2007,2.399
RICE_007488,Rice,Bihar,Bhagalpur,Annual,2007,1.128
RICE_007489,Rice,Bihar,Bhojpur,Annual,2007,2.257
RICE_007490,Rice,Bihar,Buxar,Annual,2007,2.731
RICE_007491,Rice,Bihar,Champaran (East),Annual,2007,0.259
RICE_007492,Rice,Bihar,Champaran (West),Annual,2007,0.534
RICE_007493,Rice,Bihar,Darbhanga,Annual,2007,0.325
RICE_007494,Rice,Bihar,Gaya,Annual,2007,2.145
RICE_007495,Rice,Bihar,Gopalganj,Annual,2007,0.883
RICE_007496,Rice,Bihar,Jamui,Annual,2007,1.82
RICE_007497,Rice,Bihar,Jehanabad,Annual,2007,1.761
RICE_007498,Rice,Bihar,Katihar,Annual,2007,0.661
RICE_007499,Rice,Bihar,Khagaria,Annual,2007,1.211
RICE_007500,Rice,Bihar,Kishanganj,Annual,2007,0.893
RICE_007501,Rice,Bihar,Lakhisarai,Annual,2007,2.472
RICE_007502,Rice,Bihar,Madhepura,Annual,2007,1.377
RICE_007503,Rice,Bihar,Madhubani,Annual,2007,0.504
RICE_007504,Rice,Bihar,Mungair,Annual,2007,1.665
RICE_007505,Rice,Bihar,Muzaffarpur,Annual,2007,0.082
RICE_007506,Rice,Bihar,Nalanda,Annual,2007,1.024
RICE_007507,Rice,Bihar,Nawada,Annual,2007,1.965
RICE_007508,Rice,Bihar,Patna,Annual,2007,0.915
RICE_007509,Rice,Bihar,Purnea,Annual,2007,1.547
RICE_007510,Rice,Bihar,Rohtas,Annual,2007,2.469
RICE_007511,Rice,Bihar,Saharsa,Annual,2007,2.413
RICE_007512,Rice,Bihar,Samastipur,Annual,2007,0.221
RICE_007513,Rice,Bihar,Saran,Annual,2007,1.466
RICE_007514,Rice,Bihar,Sheikapura,Annual,2007,1.595
RICE_007515,Rice,Bihar,Sheohar,Annual,2007,0.372
RICE_007516,Rice,Bihar,Sitamarhi,Annual,2007,0.527
RICE_007517,Rice,Bihar,Siwan,Annual,2007,1.032
RICE_007518,Rice,Bihar,Supaul,Annual,2007,0.911
RICE_007519,Rice,Bihar,Vaishali,Annual,2007,0.485
RICE_007520,Rice,Chhattisgarh,Bastar,Annual,2007,1.441
RICE_007521,Rice,Chhattisgarh,Bijapur,Annual,2007,1.335
RICE_007522,Rice,Chhattisgarh,Bilaspur,Annual,2007,1.444
RICE_007523,Rice,Chhattisgarh,Dantewara,Annual,2007,1.398
RICE_007524,Rice,Chhattisgarh,Dhamtari,Annual,2007,1.978
RICE_007525,Rice,Chhattisgarh,Durg,Annual,2007,1.571
RICE_007526,Rice,Chhattisgarh,Janjgir,Annual,2007,2.122
RICE_007527,Rice,Chhattisgarh,Jashpur,Annual,2007,1.215
RICE_007528,Rice,Chhattisgarh,Kanker,Annual,2007,1.654
RICE_007529,Rice,Chhattisgarh,Kawardha,Annual,2007,1.12
RICE_007530,Rice,Chhattisgarh,Korba,Annual,2007,1.098
RICE_007531,Rice,Chhattisgarh,Koriya,Annual,2007,0.797
RICE_007532,Rice,Chhattisgarh,Mahasmund,Annual,2007,1.372
RICE_007533,Rice,Chhattisgarh,Narayanpur,Annual,2007,1.475
RICE_007534,Rice,Chhattisgarh,Raigarh,Annual,2007,1.292
RICE_007535,Rice,Chhattisgarh,Raipur,Annual,2007,1.492
RICE_007536,Rice,Chhattisgarh,Rajnandgaon,Annual,2007,1.084
RICE_007537,Rice,Chhattisgarh,Surguja,Annual,2007,1.22
RICE_007538,Rice,Gujarat,Ahmedabad,Annual,2007,2.062
RICE_007539,Rice,Gujarat,Anand,Annual,2007,2.367
RICE_007540,Rice,Gujarat,Bharuch,Annual,2007,1.627
RICE_007541,Rice,Gujarat,Dahod,Annual,2007,0.99
RICE_007542,Rice,Gujarat,Dangs,Annual,2007,1.357
RICE_007543,Rice,Gujarat,Gandhinagar,Annual,2007,2.608
RICE_007544,Rice,Gujarat,Kheda,Annual,2007,2.414
RICE_007545,Rice,Gujarat,Mehsana,Annual,2007,2.301
RICE_007546,Rice,Gujarat,Narmada,Annual,2007,0.853
RICE_007547,Rice,Gujarat,Navsari,Annual,2007,2.58
RICE_007548,Rice,Gujarat,Panchmahal,Annual,2007,1.068
RICE_007549,Rice,Gujarat,Sabarkantha,Annual,2007,2.175
RICE_007550,Rice,Gujarat,Surat,Annual,2007,1.998
RICE_007551,Rice,Gujarat,Surendranagar,Annual,2007,1.875
RICE_007552,Rice,Gujarat,Vadodara,Annual,2007,1.362
RICE_007553,Rice,Gujarat,Valsad,Annual,2007,2.233
RICE_007554,Rice,Haryana,Ambala,Annual,2007,3.684
RICE_007555,Rice,Haryana,Bhiwani,Annual,2007,2.703
RICE_007556,Rice,Haryana,Faridabad,Annual,2007,3.219
RICE_007557,Rice,Haryana,Fatehabad,Annual,2007,4.344
RICE_007558,Rice,Haryana,Gurgaon,Annual,2007,3.846
RICE_007559,Rice,Haryana,Hissar,Annual,2007,2.633
RICE_007560,Rice,Haryana,Jhajjar,Annual,2007,2.287
RICE_007561,Rice,Haryana,Jind,Annual,2007,2.613
RICE_007562,Rice,Haryana,Kaithal,Annual,2007,3.373
RICE_007563,Rice,Haryana,Karnal,Annual,2007,3.648
RICE_007564,Rice,Haryana,Kurukshetra,Annual,2007,4.017
RICE_007565,Rice,Haryana,Mewat,Annual,2007,2.588
RICE_007566,Rice,Haryana,Panchkula,Annual,2007,2.817
RICE_007567,Rice,Haryana,Panipat,Annual,2007,2.554
RICE_007568,Rice,Haryana,Rewari,Annual,2007,3.75
RICE_007569,Rice,Haryana,Rohtak,Annual,2007,2.241
RICE_007570,Rice,Haryana,Sirsa,Annual,2007,3.921
RICE_007571,Rice,Haryana,Sonepat,Annual,2007,2.693
RICE_007572,Rice,Haryana,Yamunanagar,Annual,2007,3.828
RICE_007573,Rice,Himachal Pradesh,Bilashpur,Annual,2007,2.246
RICE_007574,Rice,Himachal Pradesh,Chamba,Annual,2007,1.236
RICE_007575,Rice,Himachal Pradesh,Hamirpur,Annual,2007,1.565
RICE_007576,Rice,Himachal Pradesh,Kangra,Annual,2007,1.454
RICE_007577,Rice,Himachal Pradesh,Kinnaur,Annual,2007,1.538
RICE_007578,Rice,Himachal Pradesh,Kullu,Annual,2007,1.351
RICE_007579,Rice,Himachal Pradesh,Mandi,Annual,2007,1.284
RICE_007580,Rice,Himachal Pradesh,Shimla,Annual,2007,0.977
RICE_007581,Rice,Himachal Pradesh,Sirmaur,Annual,2007,2.273
RICE_007582,Rice,Himachal Pradesh,Solan,Annual,2007,2.327
RICE_007583,Rice,Himachal Pradesh,Una,Annual,2007,2.299
RICE_007584,Rice,Jharkhand,Bokaro,Annual,2007,1.821
RICE_007585,Rice,Jharkhand,Chatra,Annual,2007,1.649
RICE_007586,Rice,Jharkhand,Devghar / Deogarh,Annual,2007,2.745
RICE_007587,Rice,Jharkhand,Dhanbad,Annual,2007,2.505
RICE_007588,Rice,Jharkhand,Gadva / Garhwa,Annual,2007,0.889
RICE_007589,Rice,Jharkhand,Giridih,Annual,2007,2.102
RICE_007590,Rice,Jharkhand,Godda,Annual,2007,2.197
RICE_007591,Rice,Jharkhand,Gumla,Annual,2007,1.394
RICE_007592,Rice,Jharkhand,Hazaribagh,Annual,2007,2.224
RICE_007593,Rice,Jharkhand,Jamtara,Annual,2007,1.859
RICE_007594,Rice,Jharkhand,Khodrama / Koderma,Annual,2007,2.253
RICE_007595,Rice,Jharkhand,Latehar,Annual,2007,1.325
RICE_007596,Rice,Jharkhand,Lohardagga,Annual,2007,2.534
RICE_007597,Rice,Jharkhand,Pakund / Pakur,Annual,2007,1.791
RICE_007598,Rice,Jharkhand,Palamau,Annual,2007,1.449
RICE_007599,Rice,Jharkhand,Ranchi,Annual,2007,1.75
RICE_007600,Rice,Jharkhand,Sahebganj,Annual,2007,1.335
RICE_007601,Rice,Jharkhand,Santhal Paragana / Dumka,Annual,2007,1.999
RICE_007602,Rice,Jharkhand,Sariakela / Kharsawan,Annual,2007,2.212
RICE_007603,Rice,Jharkhand,Simdega,Annual,2007,2.102
RICE_007604,Rice,Jharkhand,Singhbhum East,Annual,2007,1.556
RICE_007605,Rice,Jharkhand,Singhbhum West,Annual,2007,1.561
RICE_007606,Rice,Karnataka,Bagalkote,Annual,2007,3.029
RICE_007607,Rice,Karnataka,Bangalore (Rural),Annual,2007,2.976
RICE_007608,Rice,Karnataka,Bangalore (Urban),Annual,2007,3.134
RICE_007609,Rice,Karnataka,Belgaum,Annual,2007,1.448
RICE_007610,Rice,Karnataka,Bellary,Annual,2007,3.535
RICE_007611,Rice,Karnataka,Bidar,Annual,2007,0.624
RICE_007612,Rice,Karnataka,Bijapur,Annual,2007,2.25
RICE_007613,Rice,Karnataka,Chamaraja Nagar,Annual,2007,2.607
RICE_007614,Rice,Karnataka,Chickmagalur,Annual,2007,2.642
RICE_007615,Rice,Karnataka,Chikkaballapur,Annual,2007,2.777
RICE_007616,Rice,Karnataka,Chitradurga,Annual,2007,2.481
RICE_007617,Rice,Karnataka,Dakshina Kannada,Annual,2007,2.278
RICE_007618,Rice,Karnataka,Davanagere,Annual,2007,3.471
RICE_007619,Rice,Karnataka,Dharwad,Annual,2007,1.757
RICE_007620,Rice,Karnataka,Gadag,Annual,2007,2.476
RICE_007621,Rice,Karnataka,Gulbarga,Annual,2007,2.458
RICE_007622,Rice,Karnataka,Hassan,Annual,2007,2.454
RICE_007623,Rice,Karnataka,Haveri,Annual,2007,2.494
RICE_007624,Rice,Karnataka,Kodagu,Annual,2007,2.567
RICE_007625,Rice,Karnataka,Kolar,Annual,2007,1.732
RICE_007626,Rice,Karnataka,Koppal,Annual,2007,3.74
RICE_007627,Rice,Karnataka,Mandya,Annual,2007,3.206
RICE_007628,Rice,Karnataka,Mysore,Annual,2007,3.014
RICE_007629,Rice,Karnataka,Raichur,Annual,2007,2.883
RICE_007630,Rice,Karnataka,Ramanagaram,Annual,2007,2.767
RICE_007631,Rice,Karnataka,Shimoge,Annual,2007,2.492
RICE_007632,Rice,Karnataka,Tumkur,Annual,2007,2.864
RICE_007633,Rice,Karnataka,Udupi,Annual,2007,2.384
RICE_007634,Rice,Karnataka,Uttara Kannada,Annual,2007,2.017
RICE_007635,Rice,Kerala,Alappuzha,Annual,2007,1.868
RICE_007636,Rice,Kerala,Eranakulam,Annual,2007,1.977
RICE_007637,Rice,Kerala,Idukki,Annual,2007,2.721
RICE_007638,Rice,Kerala,Kannur,Annual,2007,1.951
RICE_007639,Rice,Kerala,Kasaragod,Annual,2007,2.123
RICE_007640,Rice,Kerala,Kollam,Annual,2007,2.258
RICE_007641,Rice,Kerala,Kottayam,Annual,2007,2.592
RICE_007642,Rice,Kerala,Kozhikode,Annual,2007,1.341
RICE_007643,Rice,Kerala,Malappuram,Annual,2007,2.29
RICE_007644,Rice,Kerala,Palakkad,Annual,2007,2.463
RICE_007645,Rice,Kerala,Pathanamthitta,Annual,2007,2.314
RICE_007646,Rice,Kerala,Thiruvananthapuram,Annual,2007,2.505
RICE_007647,Rice,Kerala,Thrissur,Annual,2007,2.431
RICE_007648,Rice,Kerala,Wayanad,Annual,2007,2.585
RICE_007649,Rice,Madhya Pradesh,Anuppur,Annual,2007,0.421
RICE_007650,Rice,Madhya Pradesh,Ashoknagar,Annual,2007,0.495
RICE_007651,Rice,Madhya Pradesh,Balaghat,Annual,2007,0.936
RICE_007652,Rice,Madhya Pradesh,Barwani,Annual,2007,0.283
RICE_007653,Rice,Madhya Pradesh,Betul,Annual,2007,0.693
RICE_007654,Rice,Madhya Pradesh,Bhind,Annual,2007,1.32
RICE_007655,Rice,Madhya Pradesh,Bhopal,Annual,2007,0.44
RICE_007656,Rice,Madhya Pradesh,Burhanpur,Annual,2007,0.775
RICE_007657,Rice,Madhya Pradesh,Chhatarpur,Annual,2007,0.21
RICE_007658,Rice,Madhya Pradesh,Chhindwara,Annual,2007,0.586
RICE_007659,Rice,Madhya Pradesh,Damoh,Annual,2007,0.381
RICE_007660,Rice,Madhya Pradesh,Datia,Annual,2007,0.616
RICE_007661,Rice,Madhya Pradesh,Dewas,Annual,2007,0.44
RICE_007662,Rice,Madhya Pradesh,Dhar,Annual,2007,0.388
RICE_007663,Rice,Madhya Pradesh,Dindori,Annual,2007,0.535
RICE_007664,Rice,Madhya Pradesh,Guna,Annual,2007,0.495
RICE_007665,Rice,Madhya Pradesh,Gwalior,Annual,2007,0.948
RICE_007666,Rice,Madhya Pradesh,Harda,Annual,2007,1.54
RICE_007667,Rice,Madhya Pradesh,Hoshangabad,Annual,2007,1.072
RICE_007668,Rice,Madhya Pradesh,Jabalpur,Annual,2007,0.433
RICE_007669,Rice,Madhya Pradesh,Jhabua,Annual,2007,0.362
RICE_007670,Rice,Madhya Pradesh,Katni,Annual,2007,0.284
RICE_007671,Rice,Madhya Pradesh,Khandwa,Annual,2007,0.744
RICE_007672,Rice,Madhya Pradesh,Khargone,Annual,2007,0.453
RICE_007673,Rice,Madhya Pradesh,Mandla,Annual,2007,0.446
RICE_007674,Rice,Madhya Pradesh,Morena,Annual,2007,1.98
RICE_007675,Rice,Madhya Pradesh,Narsinghpur,Annual,2007,0.65
RICE_007676,Rice,Madhya Pradesh,Panna,Annual,2007,0.307
RICE_007677,Rice,Madhya Pradesh,Raisen,Annual,2007,0.697
RICE_007678,Rice,Madhya Pradesh,Rajgarh,Annual,2007,0.44
RICE_007679,Rice,Madhya Pradesh,Ratlam,Annual,2007,0.471
RICE_007680,Rice,Madhya Pradesh,Rewa,Annual,2007,0.346
RICE_007681,Rice,Madhya Pradesh,Sagar,Annual,2007,0.36
RICE_007682,Rice,Madhya Pradesh,Satna,Annual,2007,0.249
RICE_007683,Rice,Madhya Pradesh,Sehore,Annual,2007,0.517
RICE_007684,Rice,Madhya Pradesh,Seoni,Annual,2007,0.82
RICE_007685,Rice,Madhya Pradesh,Shahdol,Annual,2007,0.381
RICE_007686,Rice,Madhya Pradesh,Shajapur,Annual,2007,0.33
RICE_007687,Rice,Madhya Pradesh,Sheopur Kalan,Annual,2007,2.486
RICE_007688,Rice,Madhya Pradesh,Shivpuri,Annual,2007,0.505
RICE_007689,Rice,Madhya Pradesh,Sidhi,Annual,2007,0.432
RICE_007690,Rice,Madhya Pradesh,Tikamgarh,Annual,2007,0.113
RICE_007691,Rice,Madhya Pradesh,Umaria,Annual,2007,0.358
RICE_007692,Rice,Madhya Pradesh,Vidisha,Annual,2007,0.528
RICE_007693,Rice,Maharashtra,Ahmednagar,Annual,2007,1.191
RICE_007694,Rice,Maharashtra,Amarawati,Annual,2007,0.823
RICE_007695,Rice,Maharashtra,Beed,Annual,2007,0.467
RICE_007696,Rice,Maharashtra,Bhandara,Annual,2007,1.805
RICE_007697,Rice,Maharashtra,Chandrapur,Annual,2007,1.557
RICE_007698,Rice,Maharashtra,Dhule,Annual,2007,0.803
RICE_007699,Rice,Maharashtra,Gadchiroli,Annual,2007,1.498
RICE_007700,Rice,Maharashtra,Gondia,Annual,2007,1.678
RICE_007701,Rice,Maharashtra,Hingoli,Annual,2007,0.475
RICE_007702,Rice,Maharashtra,Jalgaon,Annual,2007,1.368
RICE_007703,Rice,Maharashtra,Kolhapur,Annual,2007,3.005
RICE_007704,Rice,Maharashtra,Latur,Annual,2007,0.468
RICE_007705,Rice,Maharashtra,Nagpur,Annual,2007,1.521
RICE_007706,Rice,Maharashtra,Nanded,Annual,2007,0.721
RICE_007707,Rice,Maharashtra,Nandurbar,Annual,2007,1.486
RICE_007708,Rice,Maharashtra,Nasik,Annual,2007,1.352
RICE_007709,Rice,Maharashtra,Osmanabad,Annual,2007,0.416
RICE_007710,Rice,Maharashtra,Parbhani,Annual,2007,0.387
RICE_007711,Rice,Maharashtra,Pune,Annual,2007,1.245
RICE_007712,Rice,Maharashtra,Raigad,Annual,2007,2.514
RICE_007713,Rice,Maharashtra,Ratnagiri,Annual,2007,2.562
RICE_007714,Rice,Maharashtra,Sangli,Annual,2007,2.332
RICE_007715,Rice,Maharashtra,Satara,Annual,2007,2.065
RICE_007716,Rice,Maharashtra,Sindhudurg,Annual,2007,2.702
RICE_007717,Rice,Maharashtra,Solapur,Annual,2007,1.113
RICE_007718,Rice,Maharashtra,Thane,Annual,2007,2.199
RICE_007719,Rice,Maharashtra,Wardha,Annual,2007,0.949
RICE_007720,Rice,Maharashtra,Washim,Annual,2007,0.814
RICE_007721,Rice,Maharashtra,Yeotmal,Annual,2007,0.667
RICE_007722,Rice,Orissa,Angul,Annual,2007,0.853
RICE_007723,Rice,Orissa,Balasore,Annual,2007,1.638
RICE_007724,Rice,Orissa,Bargarh,Annual,2007,2.14
RICE_007725,Rice,Orissa,Bhadrak,Annual,2007,1.763
RICE_007726,Rice,Orissa,Bolangir,Annual,2007,1.825
RICE_007727,Rice,Orissa,Boudh,Annual,2007,1.688
RICE_007728,Rice,Orissa,Cuttack,Annual,2007,1.69
RICE_007729,Rice,Orissa,Deogarh,Annual,2007,1.351
RICE_007730,Rice,Orissa,Dhenkanal,Annual,2007,1.91
RICE_007731,Rice,Orissa,Gajapati,Annual,2007,1.883
RICE_007732,Rice,Orissa,Ganjam,Annual,2007,2.28
RICE_007733,Rice,Orissa,Jagatsinghapur,Annual,2007,1.777
RICE_007734,Rice,Orissa,Jajapur,Annual,2007,1.544
RICE_007735,Rice,Orissa,Jharsuguda,Annual,2007,1.778
RICE_007736,Rice,Orissa,Kalahandi,Annual,2007,1.323
RICE_007737,Rice,Orissa,Kendrapara,Annual,2007,1.411
RICE_007738,Rice,Orissa,Keonjhar,Annual,2007,1.65
RICE_007739,Rice,Orissa,Khurda,Annual,2007,1.629
RICE_007740,Rice,Orissa,Koraput,Annual,2007,1.917
RICE_007741,Rice,Orissa,Malkangiri,Annual,2007,1.557
RICE_007742,Rice,Orissa,Mayurbhanja,Annual,2007,1.667
RICE_007743,Rice,Orissa,Nawarangpur,Annual,2007,1.53
RICE_007744,Rice,Orissa,Nayagarh,Annual,2007,1.841
RICE_007745,Rice,Orissa,Nuapada,Annual,2007,1.848
RICE_007746,Rice,Orissa,Phulbani ( Kandhamal ),Annual,2007,1.356
RICE_007747,Rice,Orissa,Puri,Annual,2007,1.533
RICE_007748,Rice,Orissa,Rayagada,Annual,2007,1.848
RICE_007749,Rice,Orissa,Sambalpur,Annual,2007,2.176
RICE_007750,Rice,Orissa,Sonepur,Annual,2007,2.027
RICE_007751,Rice,Orissa,Sundargarh,Annual,2007,1.41
RICE_007752,Rice,Punjab,Amritsar,Annual,2007,3.067
RICE_007753,Rice,Punjab,Barnala,Annual,2007,4.707
RICE_007754,Rice,Punjab,Bhatinda,Annual,2007,4.279
RICE_007755,Rice,Punjab,Faridkot,Annual,2007,4.034
RICE_007756,Rice,Punjab,Fatehgarh Sahib,Annual,2007,4.56
RICE_007757,Rice,Punjab,Ferozpur,Annual,2007,4.156
RICE_007758,Rice,Punjab,Gurdaspur,Annual,2007,3.23
RICE_007759,Rice,Punjab,Hoshiarpur,Annual,2007,3.304
RICE_007760,Rice,Punjab,Jalandhar,Annual,2007,3.718
RICE_007761,Rice,Punjab,Kapurthala,Annual,2007,3.891
RICE_007762,Rice,Punjab,Ludhiana,Annual,2007,4.532
RICE_007763,Rice,Punjab,Mansa,Annual,2007,4.131
RICE_007764,Rice,Punjab,Moga,Annual,2007,4.432
RICE_007765,Rice,Punjab,Patiala,Annual,2007,4.269
RICE_007766,Rice,Punjab,Roopnagar,Annual,2007,3.697
RICE_007767,Rice,Punjab,S.A.S Nagar,Annual,2007,3.552
RICE_007768,Rice,Punjab,S.B.S Nagar,Annual,2007,3.88
RICE_007769,Rice,Punjab,Sangrur,Annual,2007,4.607
RICE_007770,Rice,Punjab,Shri Mukatsar Sahib,Annual,2007,4.162
RICE_007771,Rice,Punjab,Taran Taran,Annual,2007,3.152
RICE_007772,Rice,Rajasthan,Ajmer,Annual,2007,2.0
RICE_007773,Rice,Rajasthan,Alwar,Annual,2007,2.032
RICE_007774,Rice,Rajasthan,Banswara,Annual,2007,1.302
RICE_007775,Rice,Rajasthan,Baran,Annual,2007,3.109
RICE_007776,Rice,Rajasthan,Bharatpur,Annual,2007,1.629
RICE_007777,Rice,Rajasthan,Bhilwara,Annual,2007,2.032
RICE_007778,Rice,Rajasthan,Bikaner,Annual,2007,2.0
RICE_007779,Rice,Rajasthan,Bundi,Annual,2007,2.331
RICE_007780,Rice,Rajasthan,Chittorgarh,Annual,2007,2.031
RICE_007781,Rice,Rajasthan,Dholpur,Annual,2007,2.031
RICE_007782,Rice,Rajasthan,Dungarpur,Annual,2007,1.309
RICE_007783,Rice,Rajasthan,Ganganagar,Annual,2007,3.677
RICE_007784,Rice,Rajasthan,Hanumangarh,Annual,2007,4.194
RICE_007785,Rice,Rajasthan,Jhalawar,Annual,2007,2.031
RICE_007786,Rice,Rajasthan,Karoli,Annual,2007,0.96
RICE_007787,Rice,Rajasthan,Kota,Annual,2007,2.457
RICE_007788,Rice,Rajasthan,Rajsamand,Annual,2007,2.031
RICE_007789,Rice,Rajasthan,Sirohi,Annual,2007,2.0
RICE_007790,Rice,Rajasthan,Swami Madhopur,Annual,2007,2.02
RICE_007791,Rice,Rajasthan,Udaipur,Annual,2007,0.739
RICE_007792,Rice,Tamil Nadu,Chengalpattu Mgr / Kancheepuram,Annual,2007,3.778
RICE_007793,Rice,Tamil Nadu,Chidambanar / Toothukudi,Annual,2007,3.585
RICE_007794,Rice,Tamil Nadu,Coimbatore,Annual,2007,3.775
RICE_007795,Rice,Tamil Nadu,Dharmapuri,Annual,2007,3.744
RICE_007796,Rice,Tamil Nadu,Dindigul Anna,Annual,2007,3.927
RICE_007797,Rice,Tamil Nadu,Kanyakumari,Annual,2007,4.433
RICE_007798,Rice,Tamil Nadu,Karur,Annual,2007,3.24
RICE_007799,Rice,Tamil Nadu,Krishnagiri,Annual,2007,3.182
RICE_007800,Rice,Tamil Nadu,Madurai,Annual,2007,3.473
RICE_007801,Rice,Tamil Nadu,Nagapattinam,Annual,2007,1.878
RICE_007802,Rice,Tamil Nadu,Namakkal,Annual,2007,3.712
RICE_007803,Rice,Tamil Nadu,North Arcot / Vellore,Annual,2007,3.347
RICE_007804,Rice,Tamil Nadu,Perambular,Annual,2007,2.503
RICE_007805,Rice,Tamil Nadu,Periyar (Erode),Annual,2007,4.35
RICE_007806,Rice,Tamil Nadu,Pudukkottai,Annual,2007,1.799
RICE_007807,Rice,Tamil Nadu,Ramananthapuram,Annual,2007,0.241
RICE_007808,Rice,Tamil Nadu,Salem,Annual,2007,3.32
RICE_007809,Rice,Tamil Nadu,Sivagangai / Pasumpon,Annual,2007,1.029
RICE_007810,Rice,Tamil Nadu,South Arcot / Cuddalore,Annual,2007,3.26
RICE_007811,Rice,Tamil Nadu,Thanjavur,Annual,2007,3.193
RICE_007812,Rice,Tamil Nadu,The Nilgiris,Annual,2007,3.862
RICE_007813,Rice,Tamil Nadu,Theni,Annual,2007,4.282
RICE_007814,Rice,Tamil Nadu,Thirunelveli,Annual,2007,3.87
RICE_007815,Rice,Tamil Nadu,Thiruvallur,Annual,2007,3.634
RICE_007816,Rice,Tamil Nadu,Thiruvannamalai,Annual,2007,3.441
RICE_007817,Rice,Tamil Nadu,Tiruchirapalli / Trichy,Annual,2007,3.709
RICE_007818,Rice,Tamil Nadu,Tiruvarur,Annual,2007,2.053
RICE_007819,Rice,Tamil Nadu,Villupuram,Annual,2007,3.303
RICE_007820,Rice,Tamil Nadu,Virudhunagar / Kamarajar,Annual,2007,3.3
RICE_007821,Rice,Telangana,Adilabad,Annual,2007,2.372
RICE_007822,Rice,Telangana,Karimnagar,Annual,2007,3.496
RICE_007823,Rice,Telangana,Khammam,Annual,2007,3.11
RICE_007824,Rice,Telangana,Mahabubnagar,Annual,2007,2.875
RICE_007825,Rice,Telangana,Medak,Annual,2007,3.033
RICE_007826,Rice,Telangana,Nalgonda,Annual,2007,3.185
RICE_007827,Rice,Telangana,Nizamabad,Annual,2007,3.554
RICE_007828,Rice,Telangana,Rangareddy,Annual,2007,2.534
RICE_007829,Rice,Telangana,Warangal,Annual,2007,2.996
RICE_007830,Rice,Uttar Pradesh,Agra,Annual,2007,1.985
RICE_007831,Rice,Uttar Pradesh,Aligarh,Annual,2007,1.984
RICE_007832,Rice,Uttar Pradesh,Allahabad,Annual,2007,2.157
RICE_007833,Rice,Uttar Pradesh,Ambedkar Nagar,Annual,2007,2.549
RICE_007834,Rice,Uttar Pradesh,Amroha/J.B.Fulenagar,Annual,2007,2.193
RICE_007835,Rice,Uttar Pradesh,Auraiya,Annual,2007,2.736
RICE_007836,Rice,Uttar Pradesh,Azamgarh,Annual,2007,1.925
RICE_007837,Rice,Uttar Pradesh,Bagpat,Annual,2007,2.664
RICE_007838,Rice,Uttar Pradesh,Bahraich,Annual,2007,1.842
RICE_007839,Rice,Uttar Pradesh,Ballia,Annual,2007,1.855
RICE_007840,Rice,Uttar Pradesh,Balrampur,Annual,2007,2.05
RICE_007841,Rice,Uttar Pradesh,Banda,Annual,2007,0.639
RICE_007842,Rice,Uttar Pradesh,Barabanki,Annual,2007,1.507
RICE_007843,Rice,Uttar Pradesh,Bareilly,Annual,2007,1.92
RICE_007844,Rice,Uttar Pradesh,Basti,Annual,2007,1.848
RICE_007845,Rice,Uttar Pradesh,Bijnor,Annual,2007,2.576
RICE_007846,Rice,Uttar Pradesh,Budaun,Annual,2007,1.785
RICE_007847,Rice,Uttar Pradesh,Buland Shahar,Annual,2007,2.264
RICE_007848,Rice,Uttar Pradesh,Chandauli,Annual,2007,2.621
RICE_007849,Rice,Uttar Pradesh,Chitrakoot,Annual,2007,0.513
RICE_007850,Rice,Uttar Pradesh,Deoria,Annual,2007,1.989
RICE_007851,Rice,Uttar Pradesh,Etah,Annual,2007,2.269
RICE_007852,Rice,Uttar Pradesh,Etawah,Annual,2007,2.557
RICE_007853,Rice,Uttar Pradesh,Faizabad,Annual,2007,2.126
RICE_007854,Rice,Uttar Pradesh,Farrukhabad,Annual,2007,2.279
RICE_007855,Rice,Uttar Pradesh,Fatehpur,Annual,2007,1.886
RICE_007856,Rice,Uttar Pradesh,Firozabad,Annual,2007,3.043
RICE_007857,Rice,Uttar Pradesh,G.B.Nagar,Annual,2007,2.457
RICE_007858,Rice,Uttar Pradesh,Ghaziabad,Annual,2007,2.344
RICE_007859,Rice,Uttar Pradesh,Ghazipur,Annual,2007,2.161
RICE_007860,Rice,Uttar Pradesh,Gonda,Annual,2007,1.985
RICE_007861,Rice,Uttar Pradesh,Gorakhpur,Annual,2007,1.863
RICE_007862,Rice,Uttar Pradesh,Hamirpur,Annual,2007,0.554
RICE_007863,Rice,Uttar Pradesh,Hardoi,Annual,2007,1.948
RICE_007864,Rice,Uttar Pradesh,Hathras,Annual,2007,2.036
RICE_007865,Rice,Uttar Pradesh,Jalaun,Annual,2007,0.425
RICE_007866,Rice,Uttar Pradesh,Jaunpur,Annual,2007,1.927
RICE_007867,Rice,Uttar Pradesh,Jhansi,Annual,2007,1.016
RICE_007868,Rice,Uttar Pradesh,Kannauj,Annual,2007,2.654
RICE_007869,Rice,Uttar Pradesh,Kanpur Dehat,Annual,2007,2.032
RICE_007870,Rice,Uttar Pradesh,Kanpur Nagar,Annual,2007,2.003
RICE_007871,Rice,Uttar Pradesh,Kheri,Annual,2007,2.054
RICE_007872,Rice,Uttar Pradesh,Kushambi,Annual,2007,1.585
RICE_007873,Rice,Uttar Pradesh,Kushi Nagar / Padrauna,Annual,2007,2.51
RICE_007874,Rice,Uttar Pradesh,Lalitpur,Annual,2007,0.255
RICE_007875,Rice,Uttar Pradesh,Lucknow,Annual,2007,1.83
RICE_007876,Rice,Uttar Pradesh,Mahoba,Annual,2007,0.548
RICE_007877,Rice,Uttar Pradesh,Mahrajgani,Annual,2007,2.214
RICE_007878,Rice,Uttar Pradesh,Mainpuri,Annual,2007,2.424
RICE_007879,Rice,Uttar Pradesh,Mathura,Annual,2007,2.434
RICE_007880,Rice,Uttar Pradesh,Mau,Annual,2007,1.802
RICE_007881,Rice,Uttar Pradesh,Meerut,Annual,2007,2.393
RICE_007882,Rice,Uttar Pradesh,Mirzpur,Annual,2007,1.411
RICE_007883,Rice,Uttar Pradesh,Moradabad,Annual,2007,2.337
RICE_007884,Rice,Uttar Pradesh,Muzaffarnagar,Annual,2007,2.491
RICE_007885,Rice,Uttar Pradesh,Pilibhit,Annual,2007,2.854
RICE_007886,Rice,Uttar Pradesh,Pratapgarh,Annual,2007,1.92
RICE_007887,Rice,Uttar Pradesh,Rae-Bareily,Annual,2007,2.118
RICE_007888,Rice,Uttar Pradesh,Rampur,Annual,2007,2.248
RICE_007889,Rice,Uttar Pradesh,Saharanpur,Annual,2007,2.262
RICE_007890,Rice,Uttar Pradesh,Santh Kabir Nagar,Annual,2007,1.876
RICE_007891,Rice,Uttar Pradesh,Santh Ravi Das Nagar / Bhadoi,Annual,2007,1.675
RICE_007892,Rice,Uttar Pradesh,Shahjahanpur,Annual,2007,2.397
RICE_007893,Rice,Uttar Pradesh,Shravasti,Annual,2007,1.862
RICE_007894,Rice,Uttar Pradesh,Sidharthnagar,Annual,2007,2.08
RICE_007895,Rice,Uttar Pradesh,Sitapur,Annual,2007,1.749
RICE_007896,Rice,Uttar Pradesh,Sonbhadra,Annual,2007,1.05
RICE_007897,Rice,Uttar Pradesh,Sultanpur,Annual,2007,2.056
RICE_007898,Rice,Uttar Pradesh,Unnao,Annual,2007,1.915
RICE_007899,Rice,Uttar Pradesh,Varanasi,Annual,2007,1.701
RICE_007900,Rice,Uttarakhand,Almorah,Annual,2007,1.155
RICE_007901,Rice,Uttarakhand,Bageshwar,Annual,2007,1.273
RICE_007902,Rice,Uttarakhand,Chamoli,Annual,2007,1.501
RICE_007903,Rice,Uttarakhand,Champavat,Annual,2007,1.368
RICE_007904,Rice,Uttarakhand,Dehradun,Annual,2007,2.142
RICE_007905,Rice,Uttarakhand,Garhwal,Annual,2007,0.941
RICE_007906,Rice,Uttarakhand,Haridwar,Annual,2007,2.287
RICE_007907,Rice,Uttarakhand,Nainital,Annual,2007,2.459
RICE_007908,Rice,Uttarakhand,Pithorgarh,Annual,2007,1.355
RICE_007909,Rice,Uttarakhand,Rudraprayag,Annual,2007,1.597
RICE_007910,Rice,Uttarakhand,Tehri Garhwal,Annual,2007,1.596
RICE_007911,Rice,Uttarakhand,Udham Singh Nagar,Annual,2007,2.851
RICE_007912,Rice,Uttarakhand,Uttar Kashi,Annual,2007,1.75
RICE_007913,Rice,West Bengal,24-Paraganas North,Annual,2007,2.721
RICE_007914,Rice,West Bengal,24-Paraganas South,Annual,2007,2.03
RICE_007915,Rice,West Bengal,Bankura,Annual,2007,2.816
RICE_007916,Rice,West Bengal,Birbhum,Annual,2007,3.098
RICE_007917,Rice,West Bengal,Burdwan,Annual,2007,2.923
RICE_007918,Rice,West Bengal,Cooch Behar,Annual,2007,1.768
RICE_007919,Rice,West Bengal,Dakshin Dinajpur,Annual,2007,2.486
RICE_007920,Rice,West Bengal,Darjeeling,Annual,2007,1.848
RICE_007921,Rice,West Bengal,East Midnapore / Purba Midnapore,Annual,2007,2.073
RICE_007922,Rice,West Bengal,Hooghly,Annual,2007,2.8
RICE_007923,Rice,West Bengal,Jalpaiguri,Annual,2007,1.577
RICE_007924,Rice,West Bengal,Jhargram,Annual,2007,2.2
RICE_007925,Rice,West Bengal,Malda,Annual,2007,3.261
RICE_007926,Rice,West Bengal,Murshidabad,Annual,2007,2.867
RICE_007927,Rice,West Bengal,Nadia,Annual,2007,2.838
RICE_007928,Rice,West Bengal,Purulia,Annual,2007,2.449
RICE_007929,Rice,West Bengal,Uttar Dinajpur,Annual,2007,2.432
RICE_007930,Rice,West Bengal,West Midnapore,Annual,2007,2.767
RICE_007931,Rice,Andhra Pradesh,Anantapur,Annual,2008,2.964
RICE_007932,Rice,Andhra Pradesh,Chittoor,Annual,2008,2.97
RICE_007933,Rice,Andhra Pradesh,East Godavari,Annual,2008,3.69
RICE_007934,Rice,Andhra Pradesh,Guntur,Annual,2008,3.446
RICE_007935,Rice,Andhra Pradesh,Kadapa Ysr,Annual,2008,1.974
RICE_007936,Rice,Andhra Pradesh,Krishna,Annual,2008,3.618
RICE_007937,Rice,Andhra Pradesh,Kurnool,Annual,2008,3.382
RICE_007938,Rice,Andhra Pradesh,Prakasam,Annual,2008,3.671
RICE_007939,Rice,Andhra Pradesh,S.P.S. Nellore,Annual,2008,3.877
RICE_007940,Rice,Andhra Pradesh,Srikakulam,Annual,2008,2.014
RICE_007941,Rice,Andhra Pradesh,Visakhapatnam,Annual,2008,1.689
RICE_007942,Rice,Andhra Pradesh,Vizianagaram,Annual,2008,2.388
RICE_007943,Rice,Andhra Pradesh,West Godavari,Annual,2008,3.553
RICE_007944,Rice,Assam,Baksa,Annual,2008,1.749
RICE_007945,Rice,Assam,Barpeta,Annual,2008,1.36
RICE_007946,Rice,Assam,Bongaigaon,Annual,2008,1.204
RICE_007947,Rice,Assam,Cachar,Annual,2008,2.141
RICE_007948,Rice,Assam,Chirang,Annual,2008,0.97
RICE_007949,Rice,Assam,Darrang,Annual,2008,1.79
RICE_007950,Rice,Assam,Dhemaji,Annual,2008,1.068
RICE_007951,Rice,Assam,Dhubri,Annual,2008,1.709
RICE_007952,Rice,Assam,Dibrugarh,Annual,2008,1.958
RICE_007953,Rice,Assam,Goalpara,Annual,2008,1.814
RICE_007954,Rice,Assam,Golaghat,Annual,2008,2.011
RICE_007955,Rice,Assam,Hailakandi,Annual,2008,2.359
RICE_007956,Rice,Assam,Jorhat,Annual,2008,1.608
RICE_007957,Rice,Assam,Kamrup,Annual,2008,1.867
RICE_007958,Rice,Assam,Karbi Anglong,Annual,2008,1.533
RICE_007959,Rice,Assam,Karimganj,Annual,2008,2.411
RICE_007960,Rice,Assam,Kokrajhar,Annual,2008,1.335
RICE_007961,Rice,Assam,Lakhimpur,Annual,2008,0.613
RICE_007962,Rice,Assam,Marigaon,Annual,2008,1.843
RICE_007963,Rice,Assam,Nagaon,Annual,2008,1.629
RICE_007964,Rice,Assam,Nalbari,Annual,2008,1.757
RICE_007965,Rice,Assam,North Cachar Hil,Annual,2008,1.785
RICE_007966,Rice,Assam,Sibsagar,Annual,2008,2.49
RICE_007967,Rice,Assam,Sonitpur,Annual,2008,1.481
RICE_007968,Rice,Assam,Tinsukia,Annual,2008,1.437
RICE_007969,Rice,Assam,Udalguri,Annual,2008,1.068
RICE_007970,Rice,Bihar,Araria,Annual,2008,0.829
RICE_007971,Rice,Bihar,Arwal,Annual,2008,1.747
RICE_007972,Rice,Bihar,Aurangabad,Annual,2008,1.449
RICE_007973,Rice,Bihar,Banka,Annual,2008,0.504
RICE_007974,Rice,Bihar,Begusarai,Annual,2008,1.158
RICE_007975,Rice,Bihar,Bhabhua / Kaimur,Annual,2008,1.958
RICE_007976,Rice,Bihar,Bhagalpur,Annual,2008,0.504
RICE_007977,Rice,Bihar,Bhojpur,Annual,2008,2.96
RICE_007978,Rice,Bihar,Buxar,Annual,2008,2.355
RICE_007979,Rice,Bihar,Champaran (East),Annual,2008,1.386
RICE_007980,Rice,Bihar,Champaran (West),Annual,2008,1.995
RICE_007981,Rice,Bihar,Darbhanga,Annual,2008,1.286
RICE_007982,Rice,Bihar,Gaya,Annual,2008,1.769
RICE_007983,Rice,Bihar,Gopalganj,Annual,2008,1.223
RICE_007984,Rice,Bihar,Jamui,Annual,2008,2.513
RICE_007985,Rice,Bihar,Jehanabad,Annual,2008,1.719
RICE_007986,Rice,Bihar,Katihar,Annual,2008,0.985
RICE_007987,Rice,Bihar,Khagaria,Annual,2008,1.906
RICE_007988,Rice,Bihar,Kishanganj,Annual,2008,1.145
RICE_007989,Rice,Bihar,Lakhisarai,Annual,2008,2.033
RICE_007990,Rice,Bihar,Madhepura,Annual,2008,0.906
RICE_007991,Rice,Bihar,Madhubani,Annual,2008,1.146
RICE_007992,Rice,Bihar,Mungair,Annual,2008,1.478
RICE_007993,Rice,Bihar,Muzaffarpur,Annual,2008,1.308
RICE_007994,Rice,Bihar,Nalanda,Annual,2008,1.392
RICE_007995,Rice,Bihar,Nawada,Annual,2008,1.98
RICE_007996,Rice,Bihar,Patna,Annual,2008,1.534
RICE_007997,Rice,Bihar,Purnea,Annual,2008,1.058
RICE_007998,Rice,Bihar,Rohtas,Annual,2008,2.768
RICE_007999,Rice,Bihar,Saharsa,Annual,2008,1.351
RICE_008000,Rice,Bihar,Samastipur,Annual,2008,1.509
RICE_008001,Rice,Bihar,Saran,Annual,2008,1.44
RICE_008002,Rice,Bihar,Sheikapura,Annual,2008,2.279
RICE_008003,Rice,Bihar,Sheohar,Annual,2008,0.904
RICE_008004,Rice,Bihar,Sitamarhi,Annual,2008,1.474
RICE_008005,Rice,Bihar,Siwan,Annual,2008,1.285
RICE_008006,Rice,Bihar,Supaul,Annual,2008,2.225
RICE_008007,Rice,Bihar,Vaishali,Annual,2008,1.58
RICE_008008,Rice,Chhattisgarh,Bastar,Annual,2008,1.166
RICE_008009,Rice,Chhattisgarh,Bijapur,Annual,2008,0.701
RICE_008010,Rice,Chhattisgarh,Bilaspur,Annual,2008,1.382
RICE_008011,Rice,Chhattisgarh,Dantewara,Annual,2008,1.112
RICE_008012,Rice,Chhattisgarh,Dhamtari,Annual,2008,1.76
RICE_008013,Rice,Chhattisgarh,Durg,Annual,2008,0.906
RICE_008014,Rice,Chhattisgarh,Janjgir,Annual,2008,1.677
RICE_008015,Rice,Chhattisgarh,Jashpur,Annual,2008,1.128
RICE_008016,Rice,Chhattisgarh,Kanker,Annual,2008,1.299
RICE_008017,Rice,Chhattisgarh,Kawardha,Annual,2008,1.058
RICE_008018,Rice,Chhattisgarh,Korba,Annual,2008,1.005
RICE_008019,Rice,Chhattisgarh,Koriya,Annual,2008,1.192
RICE_008020,Rice,Chhattisgarh,Mahasmund,Annual,2008,1.121
RICE_008021,Rice,Chhattisgarh,Narayanpur,Annual,2008,1.568
RICE_008022,Rice,Chhattisgarh,Raigarh,Annual,2008,1.225
RICE_008023,Rice,Chhattisgarh,Raipur,Annual,2008,1.307
RICE_008024,Rice,Chhattisgarh,Rajnandgaon,Annual,2008,0.781
RICE_008025,Rice,Chhattisgarh,Surguja,Annual,2008,1.172
RICE_008026,Rice,Gujarat,Ahmedabad,Annual,2008,1.849
RICE_008027,Rice,Gujarat,Anand,Annual,2008,1.991
RICE_008028,Rice,Gujarat,Bharuch,Annual,2008,1.747
RICE_008029,Rice,Gujarat,Dahod,Annual,2008,0.687
RICE_008030,Rice,Gujarat,Dangs,Annual,2008,1.268
RICE_008031,Rice,Gujarat,Gandhinagar,Annual,2008,2.102
RICE_008032,Rice,Gujarat,Kheda,Annual,2008,2.109
RICE_008033,Rice,Gujarat,Mehsana,Annual,2008,2.051
RICE_008034,Rice,Gujarat,Narmada,Annual,2008,0.901
RICE_008035,Rice,Gujarat,Navsari,Annual,2008,2.469
RICE_008036,Rice,Gujarat,Panchmahal,Annual,2008,0.729
RICE_008037,Rice,Gujarat,Sabarkantha,Annual,2008,1.822
RICE_008038,Rice,Gujarat,Surat,Annual,2008,2.313
RICE_008039,Rice,Gujarat,Surendranagar,Annual,2008,1.111
RICE_008040,Rice,Gujarat,Tapi,Annual,2008,1.5
RICE_008041,Rice,Gujarat,Vadodara,Annual,2008,1.111
RICE_008042,Rice,Gujarat,Valsad,Annual,2008,2.128
RICE_008043,Rice,Haryana,Ambala,Annual,2008,3.296
RICE_008044,Rice,Haryana,Bhiwani,Annual,2008,2.123
RICE_008045,Rice,Haryana,Faridabad,Annual,2008,2.619
RICE_008046,Rice,Haryana,Fatehabad,Annual,2008,4.357
RICE_008047,Rice,Haryana,Gurgaon,Annual,2008,2.353
RICE_008048,Rice,Haryana,Hissar,Annual,2008,2.722
RICE_008049,Rice,Haryana,Jhajjar,Annual,2008,0.973
RICE_008050,Rice,Haryana,Jind,Annual,2008,2.339
RICE_008051,Rice,Haryana,Kaithal,Annual,2008,2.502
RICE_008052,Rice,Haryana,Karnal,Annual,2008,2.75
RICE_008053,Rice,Haryana,Kurukshetra,Annual,2008,3.358
RICE_008054,Rice,Haryana,Mewat,Annual,2008,2.254
RICE_008055,Rice,Haryana,Palwal,Annual,2008,2.721
RICE_008056,Rice,Haryana,Panchkula,Annual,2008,2.727
RICE_008057,Rice,Haryana,Panipat,Annual,2008,2.175
RICE_008058,Rice,Haryana,Rewari,Annual,2008,2.5
RICE_008059,Rice,Haryana,Rohtak,Annual,2008,1.247
RICE_008060,Rice,Haryana,Sirsa,Annual,2008,3.409
RICE_008061,Rice,Haryana,Sonepat,Annual,2008,2.006
RICE_008062,Rice,Haryana,Yamunanagar,Annual,2008,3.082
RICE_008063,Rice,Himachal Pradesh,Bilashpur,Annual,2008,2.088
RICE_008064,Rice,Himachal Pradesh,Chamba,Annual,2008,1.232
RICE_008065,Rice,Himachal Pradesh,Hamirpur,Annual,2008,1.46
RICE_008066,Rice,Himachal Pradesh,Kangra,Annual,2008,1.515
RICE_008067,Rice,Himachal Pradesh,Kinnaur,Annual,2008,1.5
RICE_008068,Rice,Himachal Pradesh,Kullu,Annual,2008,1.37
RICE_008069,Rice,Himachal Pradesh,Mandi,Annual,2008,1.359
RICE_008070,Rice,Himachal Pradesh,Shimla,Annual,2008,0.996
RICE_008071,Rice,Himachal Pradesh,Sirmaur,Annual,2008,1.357
RICE_008072,Rice,Himachal Pradesh,Solan,Annual,2008,2.48
RICE_008073,Rice,Himachal Pradesh,Una,Annual,2008,2.235
RICE_008074,Rice,Jharkhand,Bokaro,Annual,2008,1.38
RICE_008075,Rice,Jharkhand,Chatra,Annual,2008,0.951
RICE_008076,Rice,Jharkhand,Devghar / Deogarh,Annual,2008,2.142
RICE_008077,Rice,Jharkhand,Dhanbad,Annual,2008,2.468
RICE_008078,Rice,Jharkhand,Gadva / Garhwa,Annual,2008,0.736
RICE_008079,Rice,Jharkhand,Giridih,Annual,2008,1.456
RICE_008080,Rice,Jharkhand,Godda,Annual,2008,3.121
RICE_008081,Rice,Jharkhand,Gumla,Annual,2008,1.5
RICE_008082,Rice,Jharkhand,Hazaribagh,Annual,2008,2.249
RICE_008083,Rice,Jharkhand,Jamtara,Annual,2008,2.317
RICE_008084,Rice,Jharkhand,Khodrama / Koderma,Annual,2008,1.736
RICE_008085,Rice,Jharkhand,Khunti,Annual,2008,1.579
RICE_008086,Rice,Jharkhand,Latehar,Annual,2008,0.867
RICE_008087,Rice,Jharkhand,Lohardagga,Annual,2008,2.429
RICE_008088,Rice,Jharkhand,Pakund / Pakur,Annual,2008,0.835
RICE_008089,Rice,Jharkhand,Palamau,Annual,2008,7.37
RICE_008090,Rice,Jharkhand,Ramgadh,Annual,2008,2.298
RICE_008091,Rice,Jharkhand,Ranchi,Annual,2008,2.234
RICE_008092,Rice,Jharkhand,Sahebganj,Annual,2008,1.46
RICE_008093,Rice,Jharkhand,Santhal Paragana / Dumka,Annual,2008,2.046
RICE_008094,Rice,Jharkhand,Sariakela / Kharsawan,Annual,2008,1.955
RICE_008095,Rice,Jharkhand,Simdega,Annual,2008,1.102
RICE_008096,Rice,Jharkhand,Singhbhum East,Annual,2008,1.694
RICE_008097,Rice,Jharkhand,Singhbhum West,Annual,2008,1.193
RICE_008098,Rice,Karnataka,Bagalkote,Annual,2008,3.057
RICE_008099,Rice,Karnataka,Bangalore (Rural),Annual,2008,4.074
RICE_008100,Rice,Karnataka,Bangalore (Urban),Annual,2008,3.224
RICE_008101,Rice,Karnataka,Belgaum,Annual,2008,1.311
RICE_008102,Rice,Karnataka,Bellary,Annual,2008,3.601
RICE_008103,Rice,Karnataka,Bidar,Annual,2008,0.742
RICE_008104,Rice,Karnataka,Bijapur,Annual,2008,3.083
RICE_008105,Rice,Karnataka,Chamaraja Nagar,Annual,2008,2.879
RICE_008106,Rice,Karnataka,Chickmagalur,Annual,2008,2.472
RICE_008107,Rice,Karnataka,Chikkaballapur,Annual,2008,3.029
RICE_008108,Rice,Karnataka,Chitradurga,Annual,2008,2.1
RICE_008109,Rice,Karnataka,Dakshina Kannada,Annual,2008,2.417
RICE_008110,Rice,Karnataka,Davanagere,Annual,2008,3.433
RICE_008111,Rice,Karnataka,Dharwad,Annual,2008,0.857
RICE_008112,Rice,Karnataka,Gadag,Annual,2008,1.398
RICE_008113,Rice,Karnataka,Gulbarga,Annual,2008,2.336
RICE_008114,Rice,Karnataka,Hassan,Annual,2008,2.474
RICE_008115,Rice,Karnataka,Haveri,Annual,2008,1.387
RICE_008116,Rice,Karnataka,Kodagu,Annual,2008,2.398
RICE_008117,Rice,Karnataka,Kolar,Annual,2008,1.608
RICE_008118,Rice,Karnataka,Koppal,Annual,2008,3.51
RICE_008119,Rice,Karnataka,Mandya,Annual,2008,3.196
RICE_008120,Rice,Karnataka,Mysore,Annual,2008,2.954
RICE_008121,Rice,Karnataka,Raichur,Annual,2008,3.168
RICE_008122,Rice,Karnataka,Ramanagaram,Annual,2008,2.671
RICE_008123,Rice,Karnataka,Shimoge,Annual,2008,2.448
RICE_008124,Rice,Karnataka,Tumkur,Annual,2008,2.688
RICE_008125,Rice,Karnataka,Udupi,Annual,2008,2.285
RICE_008126,Rice,Karnataka,Uttara Kannada,Annual,2008,1.521
RICE_008127,Rice,Kerala,Alappuzha,Annual,2008,3.053
RICE_008128,Rice,Kerala,Eranakulam,Annual,2008,1.998
RICE_008129,Rice,Kerala,Idukki,Annual,2008,2.598
RICE_008130,Rice,Kerala,Kannur,Annual,2008,1.783
RICE_008131,Rice,Kerala,Kasaragod,Annual,2008,2.213
RICE_008132,Rice,Kerala,Kollam,Annual,2008,2.149
RICE_008133,Rice,Kerala,Kottayam,Annual,2008,2.936
RICE_008134,Rice,Kerala,Kozhikode,Annual,2008,1.39
RICE_008135,Rice,Kerala,Malappuram,Annual,2008,2.113
RICE_008136,Rice,Kerala,Palakkad,Annual,2008,2.497
RICE_008137,Rice,Kerala,Pathanamthitta,Annual,2008,2.76
RICE_008138,Rice,Kerala,Thiruvananthapuram,Annual,2008,2.429
RICE_008139,Rice,Kerala,Thrissur,Annual,2008,2.575
RICE_008140,Rice,Kerala,Wayanad,Annual,2008,2.657
RICE_008141,Rice,Madhya Pradesh,Alirajpur,Annual,2008,0.309
RICE_008142,Rice,Madhya Pradesh,Anuppur,Annual,2008,0.689
RICE_008143,Rice,Madhya Pradesh,Ashoknagar,Annual,2008,0.44
RICE_008144,Rice,Madhya Pradesh,Balaghat,Annual,2008,0.727
RICE_008145,Rice,Madhya Pradesh,Barwani,Annual,2008,0.23
RICE_008146,Rice,Madhya Pradesh,Betul,Annual,2008,0.694
RICE_008147,Rice,Madhya Pradesh,Bhind,Annual,2008,1.147
RICE_008148,Rice,Madhya Pradesh,Bhopal,Annual,2008,0.528
RICE_008149,Rice,Madhya Pradesh,Burhanpur,Annual,2008,0.631
RICE_008150,Rice,Madhya Pradesh,Chhatarpur,Annual,2008,0.432
RICE_008151,Rice,Madhya Pradesh,Chhindwara,Annual,2008,0.496
RICE_008152,Rice,Madhya Pradesh,Damoh,Annual,2008,0.509
RICE_008153,Rice,Madhya Pradesh,Datia,Annual,2008,0.825
RICE_008154,Rice,Madhya Pradesh,Dewas,Annual,2008,0.495
RICE_008155,Rice,Madhya Pradesh,Dhar,Annual,2008,0.377
RICE_008156,Rice,Madhya Pradesh,Dindori,Annual,2008,0.514
RICE_008157,Rice,Madhya Pradesh,Guna,Annual,2008,0.413
RICE_008158,Rice,Madhya Pradesh,Gwalior,Annual,2008,1.742
RICE_008159,Rice,Madhya Pradesh,Harda,Annual,2008,1.238
RICE_008160,Rice,Madhya Pradesh,Hoshangabad,Annual,2008,0.973
RICE_008161,Rice,Madhya Pradesh,Jabalpur,Annual,2008,0.542
RICE_008162,Rice,Madhya Pradesh,Jhabua,Annual,2008,0.358
RICE_008163,Rice,Madhya Pradesh,Katni,Annual,2008,0.634
RICE_008164,Rice,Madhya Pradesh,Khandwa,Annual,2008,0.68
RICE_008165,Rice,Madhya Pradesh,Khargone,Annual,2008,0.433
RICE_008166,Rice,Madhya Pradesh,Mandla,Annual,2008,0.432
RICE_008167,Rice,Madhya Pradesh,Morena,Annual,2008,1.32
RICE_008168,Rice,Madhya Pradesh,Narsinghpur,Annual,2008,0.615
RICE_008169,Rice,Madhya Pradesh,Panna,Annual,2008,0.514
RICE_008170,Rice,Madhya Pradesh,Raisen,Annual,2008,0.63
RICE_008171,Rice,Madhya Pradesh,Rajgarh,Annual,2008,0.377
RICE_008172,Rice,Madhya Pradesh,Ratlam,Annual,2008,0.477
RICE_008173,Rice,Madhya Pradesh,Rewa,Annual,2008,0.645
RICE_008174,Rice,Madhya Pradesh,Sagar,Annual,2008,0.351
RICE_008175,Rice,Madhya Pradesh,Satna,Annual,2008,0.432
RICE_008176,Rice,Madhya Pradesh,Sehore,Annual,2008,0.502
RICE_008177,Rice,Madhya Pradesh,Seoni,Annual,2008,0.67
RICE_008178,Rice,Madhya Pradesh,Shahdol,Annual,2008,0.567
RICE_008179,Rice,Madhya Pradesh,Shajapur,Annual,2008,0.33
RICE_008180,Rice,Madhya Pradesh,Sheopur Kalan,Annual,2008,1.584
RICE_008181,Rice,Madhya Pradesh,Shivpuri,Annual,2008,0.751
RICE_008182,Rice,Madhya Pradesh,Sidhi,Annual,2008,0.462
RICE_008183,Rice,Madhya Pradesh,Singrauli,Annual,2008,0.292
RICE_008184,Rice,Madhya Pradesh,Tikamgarh,Annual,2008,0.373
RICE_008185,Rice,Madhya Pradesh,Umaria,Annual,2008,0.441
RICE_008186,Rice,Madhya Pradesh,Vidisha,Annual,2008,0.528
RICE_008187,Rice,Maharashtra,Ahmednagar,Annual,2008,0.978
RICE_008188,Rice,Maharashtra,Amarawati,Annual,2008,0.4
RICE_008189,Rice,Maharashtra,Beed,Annual,2008,0.4
RICE_008190,Rice,Maharashtra,Bhandara,Annual,2008,0.742
RICE_008191,Rice,Maharashtra,Chandrapur,Annual,2008,0.854
RICE_008192,Rice,Maharashtra,Dhule,Annual,2008,0.556
RICE_008193,Rice,Maharashtra,Gadchiroli,Annual,2008,0.844
RICE_008194,Rice,Maharashtra,Gondia,Annual,2008,0.717
RICE_008195,Rice,Maharashtra,Hingoli,Annual,2008,0.6
RICE_008196,Rice,Maharashtra,Kolhapur,Annual,2008,2.51
RICE_008197,Rice,Maharashtra,Latur,Annual,2008,0.359
RICE_008198,Rice,Maharashtra,Nagpur,Annual,2008,0.95
RICE_008199,Rice,Maharashtra,Nanded,Annual,2008,0.525
RICE_008200,Rice,Maharashtra,Nandurbar,Annual,2008,1.074
RICE_008201,Rice,Maharashtra,Nasik,Annual,2008,1.285
RICE_008202,Rice,Maharashtra,Osmanabad,Annual,2008,0.36
RICE_008203,Rice,Maharashtra,Parbhani,Annual,2008,0.328
RICE_008204,Rice,Maharashtra,Pune,Annual,2008,1.234
RICE_008205,Rice,Maharashtra,Raigad,Annual,2008,2.72
RICE_008206,Rice,Maharashtra,Ratnagiri,Annual,2008,2.597
RICE_008207,Rice,Maharashtra,Sangli,Annual,2008,2.07
RICE_008208,Rice,Maharashtra,Satara,Annual,2008,2.199
RICE_008209,Rice,Maharashtra,Sindhudurg,Annual,2008,2.749
RICE_008210,Rice,Maharashtra,Solapur,Annual,2008,1.0
RICE_008211,Rice,Maharashtra,Thane,Annual,2008,2.158
RICE_008212,Rice,Maharashtra,Washim,Annual,2008,1.0
RICE_008213,Rice,Maharashtra,Yeotmal,Annual,2008,0.4
RICE_008214,Rice,Orissa,Angul,Annual,2008,1.356
RICE_008215,Rice,Orissa,Balasore,Annual,2008,1.432
RICE_008216,Rice,Orissa,Bargarh,Annual,2008,2.075
RICE_008217,Rice,Orissa,Bhadrak,Annual,2008,1.92
RICE_008218,Rice,Orissa,Bolangir,Annual,2008,1.451
RICE_008219,Rice,Orissa,Boudh,Annual,2008,1.312
RICE_008220,Rice,Orissa,Cuttack,Annual,2008,1.422
RICE_008221,Rice,Orissa,Deogarh,Annual,2008,1.294
RICE_008222,Rice,Orissa,Dhenkanal,Annual,2008,1.654
RICE_008223,Rice,Orissa,Gajapati,Annual,2008,1.209
RICE_008224,Rice,Orissa,Ganjam,Annual,2008,1.72
RICE_008225,Rice,Orissa,Jagatsinghapur,Annual,2008,1.967
RICE_008226,Rice,Orissa,Jajapur,Annual,2008,1.528
RICE_008227,Rice,Orissa,Jharsuguda,Annual,2008,1.9
RICE_008228,Rice,Orissa,Kalahandi,Annual,2008,1.305
RICE_008229,Rice,Orissa,Kendrapara,Annual,2008,1.404
RICE_008230,Rice,Orissa,Keonjhar,Annual,2008,1.342
RICE_008231,Rice,Orissa,Khurda,Annual,2008,1.326
RICE_008232,Rice,Orissa,Koraput,Annual,2008,1.626
RICE_008233,Rice,Orissa,Malkangiri,Annual,2008,1.197
RICE_008234,Rice,Orissa,Mayurbhanja,Annual,2008,1.572
RICE_008235,Rice,Orissa,Nawarangpur,Annual,2008,1.231
RICE_008236,Rice,Orissa,Nayagarh,Annual,2008,1.408
RICE_008237,Rice,Orissa,Nuapada,Annual,2008,1.428
RICE_008238,Rice,Orissa,Phulbani ( Kandhamal ),Annual,2008,1.374
RICE_008239,Rice,Orissa,Puri,Annual,2008,1.207
RICE_008240,Rice,Orissa,Rayagada,Annual,2008,1.566
RICE_008241,Rice,Orissa,Sambalpur,Annual,2008,2.228
RICE_008242,Rice,Orissa,Sonepur,Annual,2008,1.964
RICE_008243,Rice,Orissa,Sundargarh,Annual,2008,1.376
RICE_008244,Rice,Punjab,Amritsar,Annual,2008,2.907
RICE_008245,Rice,Punjab,Barnala,Annual,2008,4.755
RICE_008246,Rice,Punjab,Bhatinda,Annual,2008,4.402
RICE_008247,Rice,Punjab,Faridkot,Annual,2008,4.358
RICE_008248,Rice,Punjab,Fatehgarh Sahib,Annual,2008,4.271
RICE_008249,Rice,Punjab,Ferozpur,Annual,2008,4.042
RICE_008250,Rice,Punjab,Gurdaspur,Annual,2008,3.299
RICE_008251,Rice,Punjab,Hoshiarpur,Annual,2008,3.483
RICE_008252,Rice,Punjab,Jalandhar,Annual,2008,3.794
RICE_008253,Rice,Punjab,Kapurthala,Annual,2008,3.754
RICE_008254,Rice,Punjab,Ludhiana,Annual,2008,4.469
RICE_008255,Rice,Punjab,Mansa,Annual,2008,4.169
RICE_008256,Rice,Punjab,Moga,Annual,2008,4.598
RICE_008257,Rice,Punjab,Patiala,Annual,2008,4.239
RICE_008258,Rice,Punjab,Roopnagar,Annual,2008,3.861
RICE_008259,Rice,Punjab,S.A.S Nagar,Annual,2008,3.259
RICE_008260,Rice,Punjab,S.B.S Nagar,Annual,2008,4.096
RICE_008261,Rice,Punjab,Sangrur,Annual,2008,4.618
RICE_008262,Rice,Punjab,Shri Mukatsar Sahib,Annual,2008,4.232
RICE_008263,Rice,Punjab,Taran Taran,Annual,2008,3.107
RICE_008264,Rice,Rajasthan,Ajmer,Annual,2008,1.75
RICE_008265,Rice,Rajasthan,Alwar,Annual,2008,1.808
RICE_008266,Rice,Rajasthan,Banswara,Annual,2008,0.393
RICE_008267,Rice,Rajasthan,Baran,Annual,2008,3.134
RICE_008268,Rice,Rajasthan,Bharatpur,Annual,2008,1.213
RICE_008269,Rice,Rajasthan,Bhilwara,Annual,2008,1.806
RICE_008270,Rice,Rajasthan,Bikaner,Annual,2008,1.804
RICE_008271,Rice,Rajasthan,Bundi,Annual,2008,1.85
RICE_008272,Rice,Rajasthan,Chittorgarh,Annual,2008,1.808
RICE_008273,Rice,Rajasthan,Dholpur,Annual,2008,1.807
RICE_008274,Rice,Rajasthan,Dungarpur,Annual,2008,0.222
RICE_008275,Rice,Rajasthan,Ganganagar,Annual,2008,2.514
RICE_008276,Rice,Rajasthan,Hanumangarh,Annual,2008,3.651
RICE_008277,Rice,Rajasthan,Jhalawar,Annual,2008,1.807
RICE_008278,Rice,Rajasthan,Karoli,Annual,2008,1.919
RICE_008279,Rice,Rajasthan,Kota,Annual,2008,3.063
RICE_008280,Rice,Rajasthan,Pratapgarh,Annual,2008,1.807
RICE_008281,Rice,Rajasthan,Rajsamand,Annual,2008,1.81
RICE_008282,Rice,Rajasthan,Sirohi,Annual,2008,1.667
RICE_008283,Rice,Rajasthan,Swami Madhopur,Annual,2008,1.813
RICE_008284,Rice,Rajasthan,Udaipur,Annual,2008,0.546
RICE_008285,Rice,Tamil Nadu,Ariyalur,Annual,2008,3.078
RICE_008286,Rice,Tamil Nadu,Chengalpattu Mgr / Kancheepuram,Annual,2008,3.623
RICE_008287,Rice,Tamil Nadu,Chidambanar / Toothukudi,Annual,2008,4.828
RICE_008288,Rice,Tamil Nadu,Coimbatore,Annual,2008,1.866
RICE_008289,Rice,Tamil Nadu,Dharmapuri,Annual,2008,3.816
RICE_008290,Rice,Tamil Nadu,Dindigul Anna,Annual,2008,3.7
RICE_008291,Rice,Tamil Nadu,Kanyakumari,Annual,2008,4.6
RICE_008292,Rice,Tamil Nadu,Karur,Annual,2008,3.849
RICE_008293,Rice,Tamil Nadu,Krishnagiri,Annual,2008,3.577
RICE_008294,Rice,Tamil Nadu,Madurai,Annual,2008,4.006
RICE_008295,Rice,Tamil Nadu,Nagapattinam,Annual,2008,1.318
RICE_008296,Rice,Tamil Nadu,Namakkal,Annual,2008,4.839
RICE_008297,Rice,Tamil Nadu,North Arcot / Vellore,Annual,2008,3.625
RICE_008298,Rice,Tamil Nadu,Perambular,Annual,2008,3.078
RICE_008299,Rice,Tamil Nadu,Periyar (Erode),Annual,2008,5.159
RICE_008300,Rice,Tamil Nadu,Pudukkottai,Annual,2008,1.865
RICE_008301,Rice,Tamil Nadu,Ramananthapuram,Annual,2008,1.576
RICE_008302,Rice,Tamil Nadu,Salem,Annual,2008,4.022
RICE_008303,Rice,Tamil Nadu,Sivagangai / Pasumpon,Annual,2008,1.635
RICE_008304,Rice,Tamil Nadu,South Arcot / Cuddalore,Annual,2008,2.076
RICE_008305,Rice,Tamil Nadu,Thanjavur,Annual,2008,2.017
RICE_008306,Rice,Tamil Nadu,The Nilgiris,Annual,2008,3.93
RICE_008307,Rice,Tamil Nadu,Theni,Annual,2008,5.154
RICE_008308,Rice,Tamil Nadu,Thirunelveli,Annual,2008,4.098
RICE_008309,Rice,Tamil Nadu,Thiruppur,Annual,2008,1.866
RICE_008310,Rice,Tamil Nadu,Thiruvallur,Annual,2008,3.841
RICE_008311,Rice,Tamil Nadu,Thiruvannamalai,Annual,2008,3.121
RICE_008312,Rice,Tamil Nadu,Tiruchirapalli / Trichy,Annual,2008,3.618
RICE_008313,Rice,Tamil Nadu,Tiruvarur,Annual,2008,1.16
RICE_008314,Rice,Tamil Nadu,Villupuram,Annual,2008,3.076
RICE_008315,Rice,Tamil Nadu,Virudhunagar / Kamarajar,Annual,2008,3.218
RICE_008316,Rice,Telangana,Adilabad,Annual,2008,2.567
RICE_008317,Rice,Telangana,Karimnagar,Annual,2008,3.5
RICE_008318,Rice,Telangana,Khammam,Annual,2008,3.058
RICE_008319,Rice,Telangana,Mahabubnagar,Annual,2008,2.91
RICE_008320,Rice,Telangana,Medak,Annual,2008,2.885
RICE_008321,Rice,Telangana,Nalgonda,Annual,2008,3.179
RICE_008322,Rice,Telangana,Nizamabad,Annual,2008,3.576
RICE_008323,Rice,Telangana,Rangareddy,Annual,2008,2.867
RICE_008324,Rice,Telangana,Warangal,Annual,2008,2.989
RICE_008325,Rice,Uttar Pradesh,Agra,Annual,2008,2.255
RICE_008326,Rice,Uttar Pradesh,Aligarh,Annual,2008,2.168
RICE_008327,Rice,Uttar Pradesh,Allahabad,Annual,2008,2.465
RICE_008328,Rice,Uttar Pradesh,Ambedkar Nagar,Annual,2008,2.709
RICE_008329,Rice,Uttar Pradesh,Amroha/J.B.Fulenagar,Annual,2008,2.002
RICE_008330,Rice,Uttar Pradesh,Auraiya,Annual,2008,3.08
RICE_008331,Rice,Uttar Pradesh,Azamgarh,Annual,2008,1.979
RICE_008332,Rice,Uttar Pradesh,Bagpat,Annual,2008,2.31
RICE_008333,Rice,Uttar Pradesh,Bahraich,Annual,2008,1.97
RICE_008334,Rice,Uttar Pradesh,Ballia,Annual,2008,1.993
RICE_008335,Rice,Uttar Pradesh,Balrampur,Annual,2008,2.579
RICE_008336,Rice,Uttar Pradesh,Banda,Annual,2008,1.441
RICE_008337,Rice,Uttar Pradesh,Barabanki,Annual,2008,2.052
RICE_008338,Rice,Uttar Pradesh,Bareilly,Annual,2008,1.756
RICE_008339,Rice,Uttar Pradesh,Basti,Annual,2008,2.023
RICE_008340,Rice,Uttar Pradesh,Bijnor,Annual,2008,2.523
RICE_008341,Rice,Uttar Pradesh,Budaun,Annual,2008,1.763
RICE_008342,Rice,Uttar Pradesh,Buland Shahar,Annual,2008,2.34
RICE_008343,Rice,Uttar Pradesh,Chandauli,Annual,2008,2.632
RICE_008344,Rice,Uttar Pradesh,Chitrakoot,Annual,2008,0.753
RICE_008345,Rice,Uttar Pradesh,Deoria,Annual,2008,2.155
RICE_008346,Rice,Uttar Pradesh,Etah,Annual,2008,2.229
RICE_008347,Rice,Uttar Pradesh,Etawah,Annual,2008,2.776
RICE_008348,Rice,Uttar Pradesh,Faizabad,Annual,2008,2.373
RICE_008349,Rice,Uttar Pradesh,Farrukhabad,Annual,2008,2.48
RICE_008350,Rice,Uttar Pradesh,Fatehpur,Annual,2008,2.308
RICE_008351,Rice,Uttar Pradesh,Firozabad,Annual,2008,3.0
RICE_008352,Rice,Uttar Pradesh,G.B.Nagar,Annual,2008,1.956
RICE_008353,Rice,Uttar Pradesh,Ghaziabad,Annual,2008,2.527
RICE_008354,Rice,Uttar Pradesh,Ghazipur,Annual,2008,2.235
RICE_008355,Rice,Uttar Pradesh,Gonda,Annual,2008,2.16
RICE_008356,Rice,Uttar Pradesh,Gorakhpur,Annual,2008,1.954
RICE_008357,Rice,Uttar Pradesh,Hamirpur,Annual,2008,1.248
RICE_008358,Rice,Uttar Pradesh,Hardoi,Annual,2008,2.093
RICE_008359,Rice,Uttar Pradesh,Hathras,Annual,2008,1.946
RICE_008360,Rice,Uttar Pradesh,Jalaun,Annual,2008,1.201
RICE_008361,Rice,Uttar Pradesh,Jaunpur,Annual,2008,2.154
RICE_008362,Rice,Uttar Pradesh,Jhansi,Annual,2008,1.899
RICE_008363,Rice,Uttar Pradesh,Kannauj,Annual,2008,2.72
RICE_008364,Rice,Uttar Pradesh,Kanpur Dehat,Annual,2008,2.398
RICE_008365,Rice,Uttar Pradesh,Kanpur Nagar,Annual,2008,2.201
RICE_008366,Rice,Uttar Pradesh,Kasganj/Khansi Ram Nagar,Annual,2008,2.203
RICE_008367,Rice,Uttar Pradesh,Kheri,Annual,2008,1.796
RICE_008368,Rice,Uttar Pradesh,Kushambi,Annual,2008,2.119
RICE_008369,Rice,Uttar Pradesh,Kushi Nagar / Padrauna,Annual,2008,2.587
RICE_008370,Rice,Uttar Pradesh,Lalitpur,Annual,2008,0.742
RICE_008371,Rice,Uttar Pradesh,Lucknow,Annual,2008,2.128
RICE_008372,Rice,Uttar Pradesh,Mahoba,Annual,2008,1.242
RICE_008373,Rice,Uttar Pradesh,Mahrajgani,Annual,2008,2.32
RICE_008374,Rice,Uttar Pradesh,Mainpuri,Annual,2008,2.507
RICE_008375,Rice,Uttar Pradesh,Mathura,Annual,2008,2.644
RICE_008376,Rice,Uttar Pradesh,Mau,Annual,2008,2.002
RICE_008377,Rice,Uttar Pradesh,Meerut,Annual,2008,2.306
RICE_008378,Rice,Uttar Pradesh,Mirzpur,Annual,2008,2.068
RICE_008379,Rice,Uttar Pradesh,Moradabad,Annual,2008,2.204
RICE_008380,Rice,Uttar Pradesh,Muzaffarnagar,Annual,2008,2.369
RICE_008381,Rice,Uttar Pradesh,Pilibhit,Annual,2008,2.414
RICE_008382,Rice,Uttar Pradesh,Pratapgarh,Annual,2008,2.191
RICE_008383,Rice,Uttar Pradesh,Rae-Bareily,Annual,2008,2.263
RICE_008384,Rice,Uttar Pradesh,Rampur,Annual,2008,1.974
RICE_008385,Rice,Uttar Pradesh,Saharanpur,Annual,2008,2.242
RICE_008386,Rice,Uttar Pradesh,Santh Kabir Nagar,Annual,2008,1.941
RICE_008387,Rice,Uttar Pradesh,Santh Ravi Das Nagar / Bhadoi,Annual,2008,1.997
RICE_008388,Rice,Uttar Pradesh,Shahjahanpur,Annual,2008,2.262
RICE_008389,Rice,Uttar Pradesh,Shravasti,Annual,2008,2.311
RICE_008390,Rice,Uttar Pradesh,Sidharthnagar,Annual,2008,2.368
RICE_008391,Rice,Uttar Pradesh,Sitapur,Annual,2008,1.736
RICE_008392,Rice,Uttar Pradesh,Sonbhadra,Annual,2008,1.349
RICE_008393,Rice,Uttar Pradesh,Sultanpur,Annual,2008,2.198
RICE_008394,Rice,Uttar Pradesh,Unnao,Annual,2008,2.107
RICE_008395,Rice,Uttar Pradesh,Varanasi,Annual,2008,2.152
RICE_008396,Rice,Uttarakhand,Almorah,Annual,2008,1.002
RICE_008397,Rice,Uttarakhand,Bageshwar,Annual,2008,1.37
RICE_008398,Rice,Uttarakhand,Chamoli,Annual,2008,1.326
RICE_008399,Rice,Uttarakhand,Champavat,Annual,2008,0.944
RICE_008400,Rice,Uttarakhand,Dehradun,Annual,2008,2.067
RICE_008401,Rice,Uttarakhand,Garhwal,Annual,2008,1.075
RICE_008402,Rice,Uttarakhand,Haridwar,Annual,2008,2.155
RICE_008403,Rice,Uttarakhand,Nainital,Annual,2008,2.159
RICE_008404,Rice,Uttarakhand,Pithorgarh,Annual,2008,1.424
RICE_008405,Rice,Uttarakhand,Rudraprayag,Annual,2008,1.672
RICE_008406,Rice,Uttarakhand,Tehri Garhwal,Annual,2008,1.637
RICE_008407,Rice,Uttarakhand,Udham Singh Nagar,Annual,2008,2.661
RICE_008408,Rice,Uttarakhand,Uttar Kashi,Annual,2008,1.669
RICE_008409,Rice,West Bengal,24-Paraganas North,Annual,2008,2.685
RICE_008410,Rice,West Bengal,24-Paraganas South,Annual,2008,2.211
RICE_008411,Rice,West Bengal,Bankura,Annual,2008,2.764
RICE_008412,Rice,West Bengal,Birbhum,Annual,2008,3.078
RICE_008413,Rice,West Bengal,Burdwan,Annual,2008,2.815
RICE_008414,Rice,West Bengal,Cooch Behar,Annual,2008,1.615
RICE_008415,Rice,West Bengal,Dakshin Dinajpur,Annual,2008,2.443
RICE_008416,Rice,West Bengal,Darjeeling,Annual,2008,2.114
RICE_008417,Rice,West Bengal,East Midnapore / Purba Midnapore,Annual,2008,2.163
RICE_008418,Rice,West Bengal,Hooghly,Annual,2008,2.867
RICE_008419,Rice,West Bengal,Jalpaiguri,Annual,2008,1.661
RICE_008420,Rice,West Bengal,Jhargram,Annual,2008,1.795
RICE_008421,Rice,West Bengal,Malda,Annual,2008,2.963
RICE_008422,Rice,West Bengal,Murshidabad,Annual,2008,2.813
RICE_008423,Rice,West Bengal,Nadia,Annual,2008,2.884
RICE_008424,Rice,West Bengal,Purulia,Annual,2008,2.472
RICE_008425,Rice,West Bengal,Uttar Dinajpur,Annual,2008,2.32
RICE_008426,Rice,West Bengal,West Midnapore,Annual,2008,2.583
RICE_008427,Rice,Andhra Pradesh,Anantapur,Annual,2009,2.873
RICE_008428,Rice,Andhra Pradesh,Chittoor,Annual,2009,3.098
RICE_008429,Rice,Andhra Pradesh,East Godavari,Annual,2009,3.5
RICE_008430,Rice,Andhra Pradesh,Guntur,Annual,2009,3.522
RICE_008431,Rice,Andhra Pradesh,Kadapa Ysr,Annual,2009,2.877
RICE_008432,Rice,Andhra Pradesh,Krishna,Annual,2009,3.592
RICE_008433,Rice,Andhra Pradesh,Kurnool,Annual,2009,3.271
RICE_008434,Rice,Andhra Pradesh,Prakasam,Annual,2009,3.786
RICE_008435,Rice,Andhra Pradesh,S.P.S. Nellore,Annual,2009,3.762
RICE_008436,Rice,Andhra Pradesh,Srikakulam,Annual,2009,2.104
RICE_008437,Rice,Andhra Pradesh,Visakhapatnam,Annual,2009,1.076
RICE_008438,Rice,Andhra Pradesh,Vizianagaram,Annual,2009,2.209
RICE_008439,Rice,Andhra Pradesh,West Godavari,Annual,2009,3.394
RICE_008440,Rice,Assam,Baksa,Annual,2009,1.602
RICE_008441,Rice,Assam,Barpeta,Annual,2009,1.549
RICE_008442,Rice,Assam,Bongaigaon,Annual,2009,1.179
RICE_008443,Rice,Assam,Cachar,Annual,2009,2.03
RICE_008444,Rice,Assam,Chirang,Annual,2009,1.342
RICE_008445,Rice,Assam,Darrang,Annual,2009,1.618
RICE_008446,Rice,Assam,Dhemaji,Annual,2009,1.292
RICE_008447,Rice,Assam,Dhubri,Annual,2009,1.68
RICE_008448,Rice,Assam,Dibrugarh,Annual,2009,2.065
RICE_008449,Rice,Assam,Goalpara,Annual,2009,1.717
RICE_008450,Rice,Assam,Golaghat,Annual,2009,2.08
RICE_008451,Rice,Assam,Hailakandi,Annual,2009,2.489
RICE_008452,Rice,Assam,Jorhat,Annual,2009,1.939
RICE_008453,Rice,Assam,Kamrup,Annual,2009,1.924
RICE_008454,Rice,Assam,Kamrup (Metro),Annual,2009,2.019
RICE_008455,Rice,Assam,Karbi Anglong,Annual,2009,1.978
RICE_008456,Rice,Assam,Karimganj,Annual,2009,2.331
RICE_008457,Rice,Assam,Kokrajhar,Annual,2009,1.536
RICE_008458,Rice,Assam,Lakhimpur,Annual,2009,1.288
RICE_008459,Rice,Assam,Marigaon,Annual,2009,1.941
RICE_008460,Rice,Assam,Nagaon,Annual,2009,2.094
RICE_008461,Rice,Assam,Nalbari,Annual,2009,1.713
RICE_008462,Rice,Assam,North Cachar Hil,Annual,2009,1.807
RICE_008463,Rice,Assam,Sibsagar,Annual,2009,2.349
RICE_008464,Rice,Assam,Sonitpur,Annual,2009,1.546
RICE_008465,Rice,Assam,Tinsukia,Annual,2009,1.43
RICE_008466,Rice,Assam,Udalguri,Annual,2009,1.095
RICE_008467,Rice,Bihar,Araria,Annual,2009,1.143
RICE_008468,Rice,Bihar,Arwal,Annual,2009,1.406
RICE_008469,Rice,Bihar,Aurangabad,Annual,2009,1.341
RICE_008470,Rice,Bihar,Banka,Annual,2009,1.77
RICE_008471,Rice,Bihar,Begusarai,Annual,2009,0.597
RICE_008472,Rice,Bihar,Bhabhua / Kaimur,Annual,2009,0.948
RICE_008473,Rice,Bihar,Bhagalpur,Annual,2009,1.461
RICE_008474,Rice,Bihar,Bhojpur,Annual,2009,1.198
RICE_008475,Rice,Bihar,Buxar,Annual,2009,1.454
RICE_008476,Rice,Bihar,Champaran (East),Annual,2009,0.507
RICE_008477,Rice,Bihar,Champaran (West),Annual,2009,1.272
RICE_008478,Rice,Bihar,Darbhanga,Annual,2009,0.866
RICE_008479,Rice,Bihar,Gaya,Annual,2009,1.117
RICE_008480,Rice,Bihar,Gopalganj,Annual,2009,0.839
RICE_008481,Rice,Bihar,Jamui,Annual,2009,0.648
RICE_008482,Rice,Bihar,Jehanabad,Annual,2009,1.523
RICE_008483,Rice,Bihar,Katihar,Annual,2009,1.526
RICE_008484,Rice,Bihar,Khagaria,Annual,2009,0.284
RICE_008485,Rice,Bihar,Kishanganj,Annual,2009,0.681
RICE_008486,Rice,Bihar,Lakhisarai,Annual,2009,1.245
RICE_008487,Rice,Bihar,Madhepura,Annual,2009,1.159
RICE_008488,Rice,Bihar,Madhubani,Annual,2009,1.528
RICE_008489,Rice,Bihar,Mungair,Annual,2009,1.142
RICE_008490,Rice,Bihar,Muzaffarpur,Annual,2009,0.358
RICE_008491,Rice,Bihar,Nalanda,Annual,2009,0.941
RICE_008492,Rice,Bihar,Nawada,Annual,2009,1.138
RICE_008493,Rice,Bihar,Patna,Annual,2009,1.104
RICE_008494,Rice,Bihar,Purnea,Annual,2009,1.362
RICE_008495,Rice,Bihar,Rohtas,Annual,2009,2.381
RICE_008496,Rice,Bihar,Saharsa,Annual,2009,1.201
RICE_008497,Rice,Bihar,Samastipur,Annual,2009,1.004
RICE_008498,Rice,Bihar,Saran,Annual,2009,1.078
RICE_008499,Rice,Bihar,Sheikapura,Annual,2009,0.912
RICE_008500,Rice,Bihar,Sheohar,Annual,2009,0.599
RICE_008501,Rice,Bihar,Sitamarhi,Annual,2009,0.911
RICE_008502,Rice,Bihar,Siwan,Annual,2009,0.25
RICE_008503,Rice,Bihar,Supaul,Annual,2009,1.214
RICE_008504,Rice,Bihar,Vaishali,Annual,2009,0.965
RICE_008505,Rice,Chhattisgarh,Bastar,Annual,2009,1.159
RICE_008506,Rice,Chhattisgarh,Bijapur,Annual,2009,1.143
RICE_008507,Rice,Chhattisgarh,Bilaspur,Annual,2009,1.021
RICE_008508,Rice,Chhattisgarh,Dantewara,Annual,2009,0.724
RICE_008509,Rice,Chhattisgarh,Dhamtari,Annual,2009,1.812
RICE_008510,Rice,Chhattisgarh,Durg,Annual,2009,0.788
RICE_008511,Rice,Chhattisgarh,Janjgir,Annual,2009,2.196
RICE_008512,Rice,Chhattisgarh,Jashpur,Annual,2009,1.069
RICE_008513,Rice,Chhattisgarh,Kanker,Annual,2009,1.253
RICE_008514,Rice,Chhattisgarh,Kawardha,Annual,2009,0.814
RICE_008515,Rice,Chhattisgarh,Korba,Annual,2009,0.934
RICE_008516,Rice,Chhattisgarh,Koriya,Annual,2009,0.719
RICE_008517,Rice,Chhattisgarh,Mahasmund,Annual,2009,1.115
RICE_008518,Rice,Chhattisgarh,Narayanpur,Annual,2009,1.094
RICE_008519,Rice,Chhattisgarh,Raigarh,Annual,2009,1.155
RICE_008520,Rice,Chhattisgarh,Raipur,Annual,2009,1.444
RICE_008521,Rice,Chhattisgarh,Rajnandgaon,Annual,2009,0.782
RICE_008522,Rice,Chhattisgarh,Surguja,Annual,2009,0.72
RICE_008523,Rice,Gujarat,Ahmedabad,Annual,2009,2.543
RICE_008524,Rice,Gujarat,Anand,Annual,2009,2.568
RICE_008525,Rice,Gujarat,Bharuch,Annual,2009,1.632
RICE_008526,Rice,Gujarat,Dahod,Annual,2009,0.253
RICE_008527,Rice,Gujarat,Dangs,Annual,2009,1.101
RICE_008528,Rice,Gujarat,Gandhinagar,Annual,2009,2.094
RICE_008529,Rice,Gujarat,Kheda,Annual,2009,2.338
RICE_008530,Rice,Gujarat,Mehsana,Annual,2009,2.532
RICE_008531,Rice,Gujarat,Narmada,Annual,2009,0.547
RICE_008532,Rice,Gujarat,Navsari,Annual,2009,2.493
RICE_008533,Rice,Gujarat,Panchmahal,Annual,2009,0.5
RICE_008534,Rice,Gujarat,Sabarkantha,Annual,2009,2.448
RICE_008535,Rice,Gujarat,Surat,Annual,2009,2.477
RICE_008536,Rice,Gujarat,Surendranagar,Annual,2009,1.0
RICE_008537,Rice,Gujarat,Tapi,Annual,2009,1.678
RICE_008538,Rice,Gujarat,Vadodara,Annual,2009,0.909
RICE_008539,Rice,Gujarat,Valsad,Annual,2009,1.949
RICE_008540,Rice,Haryana,Ambala,Annual,2009,3.718
RICE_008541,Rice,Haryana,Bhiwani,Annual,2009,2.316
RICE_008542,Rice,Haryana,Faridabad,Annual,2009,2.5
RICE_008543,Rice,Haryana,Fatehabad,Annual,2009,3.575
RICE_008544,Rice,Haryana,Gurgaon,Annual,2009,3.182
RICE_008545,Rice,Haryana,Hissar,Annual,2009,2.176
RICE_008546,Rice,Haryana,Jhajjar,Annual,2009,1.808
RICE_008547,Rice,Haryana,Jind,Annual,2009,2.733
RICE_008548,Rice,Haryana,Kaithal,Annual,2009,2.919
RICE_008549,Rice,Haryana,Karnal,Annual,2009,3.038
RICE_008550,Rice,Haryana,Kurukshetra,Annual,2009,3.839
RICE_008551,Rice,Haryana,Mewat,Annual,2009,3.0
RICE_008552,Rice,Haryana,Palwal,Annual,2009,2.769
RICE_008553,Rice,Haryana,Panchkula,Annual,2009,2.738
RICE_008554,Rice,Haryana,Panipat,Annual,2009,2.662
RICE_008555,Rice,Haryana,Rewari,Annual,2009,2.381
RICE_008556,Rice,Haryana,Rohtak,Annual,2009,1.425
RICE_008557,Rice,Haryana,Sirsa,Annual,2009,3.322
RICE_008558,Rice,Haryana,Sonepat,Annual,2009,2.428
RICE_008559,Rice,Haryana,Yamunanagar,Annual,2009,3.633
RICE_008560,Rice,Himachal Pradesh,Bilashpur,Annual,2009,1.974
RICE_008561,Rice,Himachal Pradesh,Chamba,Annual,2009,1.143
RICE_008562,Rice,Himachal Pradesh,Hamirpur,Annual,2009,1.342
RICE_008563,Rice,Himachal Pradesh,Kangra,Annual,2009,1.432
RICE_008564,Rice,Himachal Pradesh,Kinnaur,Annual,2009,1.0
RICE_008565,Rice,Himachal Pradesh,Kullu,Annual,2009,1.245
RICE_008566,Rice,Himachal Pradesh,Mandi,Annual,2009,1.145
RICE_008567,Rice,Himachal Pradesh,Shimla,Annual,2009,0.868
RICE_008568,Rice,Himachal Pradesh,Sirmaur,Annual,2009,1.124
RICE_008569,Rice,Himachal Pradesh,Solan,Annual,2009,2.395
RICE_008570,Rice,Himachal Pradesh,Una,Annual,2009,2.194
RICE_008571,Rice,Jharkhand,Bokaro,Annual,2009,0.651
RICE_008572,Rice,Jharkhand,Chatra,Annual,2009,0.262
RICE_008573,Rice,Jharkhand,Devghar / Deogarh,Annual,2009,0.724
RICE_008574,Rice,Jharkhand,Dhanbad,Annual,2009,1.243
RICE_008575,Rice,Jharkhand,Gadva / Garhwa,Annual,2009,0.332
RICE_008576,Rice,Jharkhand,Giridih,Annual,2009,0.58
RICE_008577,Rice,Jharkhand,Godda,Annual,2009,1.636
RICE_008578,Rice,Jharkhand,Gumla,Annual,2009,0.933
RICE_008579,Rice,Jharkhand,Hazaribagh,Annual,2009,0.883
RICE_008580,Rice,Jharkhand,Jamtara,Annual,2009,0.688
RICE_008581,Rice,Jharkhand,Khodrama / Koderma,Annual,2009,0.881
RICE_008582,Rice,Jharkhand,Khunti,Annual,2009,0.912
RICE_008583,Rice,Jharkhand,Latehar,Annual,2009,1.084
RICE_008584,Rice,Jharkhand,Lohardagga,Annual,2009,1.16
RICE_008585,Rice,Jharkhand,Pakund / Pakur,Annual,2009,0.889
RICE_008586,Rice,Jharkhand,Palamau,Annual,2009,0.369
RICE_008587,Rice,Jharkhand,Ramgadh,Annual,2009,0.842
RICE_008588,Rice,Jharkhand,Ranchi,Annual,2009,1.029
RICE_008589,Rice,Jharkhand,Sahebganj,Annual,2009,0.922
RICE_008590,Rice,Jharkhand,Santhal Paragana / Dumka,Annual,2009,1.063
RICE_008591,Rice,Jharkhand,Sariakela / Kharsawan,Annual,2009,1.135
RICE_008592,Rice,Jharkhand,Simdega,Annual,2009,0.875
RICE_008593,Rice,Jharkhand,Singhbhum East,Annual,2009,0.811
RICE_008594,Rice,Jharkhand,Singhbhum West,Annual,2009,0.826
RICE_008595,Rice,Karnataka,Bagalkote,Annual,2009,2.865
RICE_008596,Rice,Karnataka,Bangalore (Rural),Annual,2009,4.313
RICE_008597,Rice,Karnataka,Bangalore (Urban),Annual,2009,2.948
RICE_008598,Rice,Karnataka,Belgaum,Annual,2009,1.169
RICE_008599,Rice,Karnataka,Bellary,Annual,2009,3.163
RICE_008600,Rice,Karnataka,Bidar,Annual,2009,0.765
RICE_008601,Rice,Karnataka,Bijapur,Annual,2009,2.852
RICE_008602,Rice,Karnataka,Chamaraja Nagar,Annual,2009,2.671
RICE_008603,Rice,Karnataka,Chickmagalur,Annual,2009,2.479
RICE_008604,Rice,Karnataka,Chikkaballapur,Annual,2009,2.531
RICE_008605,Rice,Karnataka,Chitradurga,Annual,2009,1.999
RICE_008606,Rice,Karnataka,Dakshina Kannada,Annual,2009,2.261
RICE_008607,Rice,Karnataka,Davanagere,Annual,2009,3.414
RICE_008608,Rice,Karnataka,Dharwad,Annual,2009,1.172
RICE_008609,Rice,Karnataka,Gadag,Annual,2009,1.85
RICE_008610,Rice,Karnataka,Gulbarga,Annual,2009,2.274
RICE_008611,Rice,Karnataka,Hassan,Annual,2009,2.683
RICE_008612,Rice,Karnataka,Haveri,Annual,2009,1.203
RICE_008613,Rice,Karnataka,Kodagu,Annual,2009,2.443
RICE_008614,Rice,Karnataka,Kolar,Annual,2009,1.808
RICE_008615,Rice,Karnataka,Koppal,Annual,2009,3.318
RICE_008616,Rice,Karnataka,Mandya,Annual,2009,3.294
RICE_008617,Rice,Karnataka,Mysore,Annual,2009,3.089
RICE_008618,Rice,Karnataka,Raichur,Annual,2009,2.79
RICE_008619,Rice,Karnataka,Ramanagaram,Annual,2009,2.889
RICE_008620,Rice,Karnataka,Shimoge,Annual,2009,2.4
RICE_008621,Rice,Karnataka,Tumkur,Annual,2009,2.558
RICE_008622,Rice,Karnataka,Udupi,Annual,2009,2.403
RICE_008623,Rice,Karnataka,Uttara Kannada,Annual,2009,1.934
RICE_008624,Rice,Kerala,Alappuzha,Annual,2009,2.93
RICE_008625,Rice,Kerala,Eranakulam,Annual,2009,1.949
RICE_008626,Rice,Kerala,Idukki,Annual,2009,2.636
RICE_008627,Rice,Kerala,Kannur,Annual,2009,1.942
RICE_008628,Rice,Kerala,Kasaragod,Annual,2009,2.107
RICE_008629,Rice,Kerala,Kollam,Annual,2009,2.301
RICE_008630,Rice,Kerala,Kottayam,Annual,2009,2.547
RICE_008631,Rice,Kerala,Kozhikode,Annual,2009,1.313
RICE_008632,Rice,Kerala,Malappuram,Annual,2009,2.251
RICE_008633,Rice,Kerala,Palakkad,Annual,2009,2.648
RICE_008634,Rice,Kerala,Pathanamthitta,Annual,2009,2.583
RICE_008635,Rice,Kerala,Thiruvananthapuram,Annual,2009,2.573
RICE_008636,Rice,Kerala,Thrissur,Annual,2009,2.51
RICE_008637,Rice,Kerala,Wayanad,Annual,2009,2.552
RICE_008638,Rice,Madhya Pradesh,Alirajpur,Annual,2009,0.417
RICE_008639,Rice,Madhya Pradesh,Anuppur,Annual,2009,0.706
RICE_008640,Rice,Madhya Pradesh,Ashoknagar,Annual,2009,0.8
RICE_008641,Rice,Madhya Pradesh,Balaghat,Annual,2009,1.365
RICE_008642,Rice,Madhya Pradesh,Barwani,Annual,2009,0.421
RICE_008643,Rice,Madhya Pradesh,Betul,Annual,2009,1.048
RICE_008644,Rice,Madhya Pradesh,Bhind,Annual,2009,2.188
RICE_008645,Rice,Madhya Pradesh,Bhopal,Annual,2009,0.6
RICE_008646,Rice,Madhya Pradesh,Burhanpur,Annual,2009,0.944
RICE_008647,Rice,Madhya Pradesh,Chhatarpur,Annual,2009,0.454
RICE_008648,Rice,Madhya Pradesh,Chhindwara,Annual,2009,0.755
RICE_008649,Rice,Madhya Pradesh,Damoh,Annual,2009,0.674
RICE_008650,Rice,Madhya Pradesh,Datia,Annual,2009,1.163
RICE_008651,Rice,Madhya Pradesh,Dewas,Annual,2009,1.0
RICE_008652,Rice,Madhya Pradesh,Dhar,Annual,2009,0.583
RICE_008653,Rice,Madhya Pradesh,Dindori,Annual,2009,0.69
RICE_008654,Rice,Madhya Pradesh,Guna,Annual,2009,0.875
RICE_008655,Rice,Madhya Pradesh,Gwalior,Annual,2009,2.576
RICE_008656,Rice,Madhya Pradesh,Harda,Annual,2009,2.0
RICE_008657,Rice,Madhya Pradesh,Hoshangabad,Annual,2009,1.658
RICE_008658,Rice,Madhya Pradesh,Jabalpur,Annual,2009,0.709
RICE_008659,Rice,Madhya Pradesh,Jhabua,Annual,2009,0.379
RICE_008660,Rice,Madhya Pradesh,Katni,Annual,2009,0.464
RICE_008661,Rice,Madhya Pradesh,Khandwa,Annual,2009,0.802
RICE_008662,Rice,Madhya Pradesh,Khargone,Annual,2009,0.531
RICE_008663,Rice,Madhya Pradesh,Mandla,Annual,2009,0.527
RICE_008664,Rice,Madhya Pradesh,Morena,Annual,2009,3.0
RICE_008665,Rice,Madhya Pradesh,Narsinghpur,Annual,2009,1.112
RICE_008666,Rice,Madhya Pradesh,Panna,Annual,2009,0.491
RICE_008667,Rice,Madhya Pradesh,Raisen,Annual,2009,0.968
RICE_008668,Rice,Madhya Pradesh,Rajgarh,Annual,2009,0.5
RICE_008669,Rice,Madhya Pradesh,Ratlam,Annual,2009,0.722
RICE_008670,Rice,Madhya Pradesh,Rewa,Annual,2009,0.639
RICE_008671,Rice,Madhya Pradesh,Sagar,Annual,2009,0.617
RICE_008672,Rice,Madhya Pradesh,Satna,Annual,2009,0.648
RICE_008673,Rice,Madhya Pradesh,Sehore,Annual,2009,1.04
RICE_008674,Rice,Madhya Pradesh,Seoni,Annual,2009,1.048
RICE_008675,Rice,Madhya Pradesh,Shahdol,Annual,2009,0.819
RICE_008676,Rice,Madhya Pradesh,Shajapur,Annual,2009,0.5
RICE_008677,Rice,Madhya Pradesh,Sheopur Kalan,Annual,2009,2.49
RICE_008678,Rice,Madhya Pradesh,Shivpuri,Annual,2009,1.363
RICE_008679,Rice,Madhya Pradesh,Sidhi,Annual,2009,0.626
RICE_008680,Rice,Madhya Pradesh,Singrauli,Annual,2009,0.638
RICE_008681,Rice,Madhya Pradesh,Tikamgarh,Annual,2009,0.409
RICE_008682,Rice,Madhya Pradesh,Umaria,Annual,2009,0.581
RICE_008683,Rice,Madhya Pradesh,Vidisha,Annual,2009,0.833
RICE_008684,Rice,Maharashtra,Ahmednagar,Annual,2009,0.378
RICE_008685,Rice,Maharashtra,Amarawati,Annual,2009,1.449
RICE_008686,Rice,Maharashtra,Beed,Annual,2009,0.283
RICE_008687,Rice,Maharashtra,Bhandara,Annual,2009,1.019
RICE_008688,Rice,Maharashtra,Chandrapur,Annual,2009,0.635
RICE_008689,Rice,Maharashtra,Dhule,Annual,2009,0.482
RICE_008690,Rice,Maharashtra,Gadchiroli,Annual,2009,0.76
RICE_008691,Rice,Maharashtra,Gondia,Annual,2009,1.091
RICE_008692,Rice,Maharashtra,Hingoli,Annual,2009,0.303
RICE_008693,Rice,Maharashtra,Jalgaon,Annual,2009,0.463
RICE_008694,Rice,Maharashtra,Kolhapur,Annual,2009,2.588
RICE_008695,Rice,Maharashtra,Latur,Annual,2009,0.394
RICE_008696,Rice,Maharashtra,Nagpur,Annual,2009,1.146
RICE_008697,Rice,Maharashtra,Nanded,Annual,2009,0.267
RICE_008698,Rice,Maharashtra,Nandurbar,Annual,2009,0.689
RICE_008699,Rice,Maharashtra,Nasik,Annual,2009,0.392
RICE_008700,Rice,Maharashtra,Osmanabad,Annual,2009,0.608
RICE_008701,Rice,Maharashtra,Parbhani,Annual,2009,0.371
RICE_008702,Rice,Maharashtra,Pune,Annual,2009,0.818
RICE_008703,Rice,Maharashtra,Raigad,Annual,2009,2.526
RICE_008704,Rice,Maharashtra,Ratnagiri,Annual,2009,2.623
RICE_008705,Rice,Maharashtra,Sangli,Annual,2009,1.875
RICE_008706,Rice,Maharashtra,Satara,Annual,2009,1.52
RICE_008707,Rice,Maharashtra,Sindhudurg,Annual,2009,2.606
RICE_008708,Rice,Maharashtra,Solapur,Annual,2009,0.142
RICE_008709,Rice,Maharashtra,Thane,Annual,2009,2.098
RICE_008710,Rice,Maharashtra,Washim,Annual,2009,1.638
RICE_008711,Rice,Maharashtra,Yeotmal,Annual,2009,1.638
RICE_008712,Rice,Orissa,Angul,Annual,2009,1.002
RICE_008713,Rice,Orissa,Balasore,Annual,2009,1.607
RICE_008714,Rice,Orissa,Bargarh,Annual,2009,2.218
RICE_008715,Rice,Orissa,Bhadrak,Annual,2009,1.903
RICE_008716,Rice,Orissa,Bolangir,Annual,2009,1.557
RICE_008717,Rice,Orissa,Boudh,Annual,2009,1.86
RICE_008718,Rice,Orissa,Cuttack,Annual,2009,2.087
RICE_008719,Rice,Orissa,Deogarh,Annual,2009,1.092
RICE_008720,Rice,Orissa,Dhenkanal,Annual,2009,1.562
RICE_008721,Rice,Orissa,Gajapati,Annual,2009,1.475
RICE_008722,Rice,Orissa,Ganjam,Annual,2009,2.053
RICE_008723,Rice,Orissa,Jagatsinghapur,Annual,2009,2.005
RICE_008724,Rice,Orissa,Jajapur,Annual,2009,1.824
RICE_008725,Rice,Orissa,Jharsuguda,Annual,2009,0.451
RICE_008726,Rice,Orissa,Kalahandi,Annual,2009,1.541
RICE_008727,Rice,Orissa,Kendrapara,Annual,2009,1.694
RICE_008728,Rice,Orissa,Keonjhar,Annual,2009,1.443
RICE_008729,Rice,Orissa,Khurda,Annual,2009,1.876
RICE_008730,Rice,Orissa,Koraput,Annual,2009,1.357
RICE_008731,Rice,Orissa,Malkangiri,Annual,2009,1.19
RICE_008732,Rice,Orissa,Mayurbhanja,Annual,2009,1.396
RICE_008733,Rice,Orissa,Nawarangpur,Annual,2009,1.357
RICE_008734,Rice,Orissa,Nayagarh,Annual,2009,1.531
RICE_008735,Rice,Orissa,Nuapada,Annual,2009,1.2
RICE_008736,Rice,Orissa,Phulbani ( Kandhamal ),Annual,2009,1.356
RICE_008737,Rice,Orissa,Puri,Annual,2009,1.73
RICE_008738,Rice,Orissa,Rayagada,Annual,2009,1.814
RICE_008739,Rice,Orissa,Sambalpur,Annual,2009,1.313
RICE_008740,Rice,Orissa,Sonepur,Annual,2009,2.345
RICE_008741,Rice,Orissa,Sundargarh,Annual,2009,0.719
RICE_008742,Rice,Punjab,Amritsar,Annual,2009,2.708
RICE_008743,Rice,Punjab,Barnala,Annual,2009,4.769
RICE_008744,Rice,Punjab,Bhatinda,Annual,2009,4.577
RICE_008745,Rice,Punjab,Faridkot,Annual,2009,4.224
RICE_008746,Rice,Punjab,Fatehgarh Sahib,Annual,2009,4.547
RICE_008747,Rice,Punjab,Ferozpur,Annual,2009,3.679
RICE_008748,Rice,Punjab,Gurdaspur,Annual,2009,3.137
RICE_008749,Rice,Punjab,Hoshiarpur,Annual,2009,3.543
RICE_008750,Rice,Punjab,Jalandhar,Annual,2009,3.95
RICE_008751,Rice,Punjab,Kapurthala,Annual,2009,3.93
RICE_008752,Rice,Punjab,Ludhiana,Annual,2009,4.693
RICE_008753,Rice,Punjab,Mansa,Annual,2009,4.208
RICE_008754,Rice,Punjab,Moga,Annual,2009,4.721
RICE_008755,Rice,Punjab,Patiala,Annual,2009,4.254
RICE_008756,Rice,Punjab,Roopnagar,Annual,2009,3.553
RICE_008757,Rice,Punjab,S.A.S Nagar,Annual,2009,3.267
RICE_008758,Rice,Punjab,S.B.S Nagar,Annual,2009,4.143
RICE_008759,Rice,Punjab,Sangrur,Annual,2009,4.697
RICE_008760,Rice,Punjab,Shri Mukatsar Sahib,Annual,2009,3.87
RICE_008761,Rice,Punjab,Taran Taran,Annual,2009,3.081
RICE_008762,Rice,Rajasthan,Ajmer,Annual,2009,1.571
RICE_008763,Rice,Rajasthan,Alwar,Annual,2009,1.514
RICE_008764,Rice,Rajasthan,Banswara,Annual,2009,0.406
RICE_008765,Rice,Rajasthan,Baran,Annual,2009,2.228
RICE_008766,Rice,Rajasthan,Bharatpur,Annual,2009,1.771
RICE_008767,Rice,Rajasthan,Bhilwara,Annual,2009,1.514
RICE_008768,Rice,Rajasthan,Bikaner,Annual,2009,1.508
RICE_008769,Rice,Rajasthan,Bundi,Annual,2009,0.868
RICE_008770,Rice,Rajasthan,Chittorgarh,Annual,2009,1.515
RICE_008771,Rice,Rajasthan,Dholpur,Annual,2009,1.515
RICE_008772,Rice,Rajasthan,Dungarpur,Annual,2009,0.362
RICE_008773,Rice,Rajasthan,Ganganagar,Annual,2009,2.676
RICE_008774,Rice,Rajasthan,Hanumangarh,Annual,2009,3.425
RICE_008775,Rice,Rajasthan,Jhalawar,Annual,2009,1.515
RICE_008776,Rice,Rajasthan,Karoli,Annual,2009,1.031
RICE_008777,Rice,Rajasthan,Kota,Annual,2009,2.175
RICE_008778,Rice,Rajasthan,Pratapgarh,Annual,2009,1.515
RICE_008779,Rice,Rajasthan,Rajsamand,Annual,2009,1.508
RICE_008780,Rice,Rajasthan,Swami Madhopur,Annual,2009,1.515
RICE_008781,Rice,Rajasthan,Tonk,Annual,2009,1.571
RICE_008782,Rice,Rajasthan,Udaipur,Annual,2009,0.61
RICE_008783,Rice,Tamil Nadu,Ariyalur,Annual,2009,3.097
RICE_008784,Rice,Tamil Nadu,Chengalpattu Mgr / Kancheepuram,Annual,2009,3.641
RICE_008785,Rice,Tamil Nadu,Chidambanar / Toothukudi,Annual,2009,4.945
RICE_008786,Rice,Tamil Nadu,Coimbatore,Annual,2009,3.509
RICE_008787,Rice,Tamil Nadu,Dharmapuri,Annual,2009,3.923
RICE_008788,Rice,Tamil Nadu,Dindigul Anna,Annual,2009,4.737
RICE_008789,Rice,Tamil Nadu,Kanyakumari,Annual,2009,4.405
RICE_008790,Rice,Tamil Nadu,Karur,Annual,2009,4.269
RICE_008791,Rice,Tamil Nadu,Krishnagiri,Annual,2009,3.94
RICE_008792,Rice,Tamil Nadu,Madurai,Annual,2009,3.994
RICE_008793,Rice,Tamil Nadu,Nagapattinam,Annual,2009,2.737
RICE_008794,Rice,Tamil Nadu,Namakkal,Annual,2009,4.299
RICE_008795,Rice,Tamil Nadu,North Arcot / Vellore,Annual,2009,3.416
RICE_008796,Rice,Tamil Nadu,Perambular,Annual,2009,3.505
RICE_008797,Rice,Tamil Nadu,Periyar (Erode),Annual,2009,4.104
RICE_008798,Rice,Tamil Nadu,Pudukkottai,Annual,2009,1.977
RICE_008799,Rice,Tamil Nadu,Ramananthapuram,Annual,2009,1.754
RICE_008800,Rice,Tamil Nadu,Salem,Annual,2009,4.366
RICE_008801,Rice,Tamil Nadu,Sivagangai / Pasumpon,Annual,2009,1.786
RICE_008802,Rice,Tamil Nadu,South Arcot / Cuddalore,Annual,2009,2.896
RICE_008803,Rice,Tamil Nadu,Thanjavur,Annual,2009,2.622
RICE_008804,Rice,Tamil Nadu,The Nilgiris,Annual,2009,3.503
RICE_008805,Rice,Tamil Nadu,Theni,Annual,2009,5.056
RICE_008806,Rice,Tamil Nadu,Thirunelveli,Annual,2009,4.138
RICE_008807,Rice,Tamil Nadu,Thiruppur,Annual,2009,4.196
RICE_008808,Rice,Tamil Nadu,Thiruvallur,Annual,2009,3.166
RICE_008809,Rice,Tamil Nadu,Thiruvannamalai,Annual,2009,3.09
RICE_008810,Rice,Tamil Nadu,Tiruchirapalli / Trichy,Annual,2009,4.141
RICE_008811,Rice,Tamil Nadu,Tiruvarur,Annual,2009,2.906
RICE_008812,Rice,Tamil Nadu,Villupuram,Annual,2009,3.151
RICE_008813,Rice,Tamil Nadu,Virudhunagar / Kamarajar,Annual,2009,2.431
RICE_008814,Rice,Telangana,Adilabad,Annual,2009,2.047
RICE_008815,Rice,Telangana,Karimnagar,Annual,2009,3.163
RICE_008816,Rice,Telangana,Khammam,Annual,2009,2.973
RICE_008817,Rice,Telangana,Mahabubnagar,Annual,2009,2.448
RICE_008818,Rice,Telangana,Medak,Annual,2009,2.8
RICE_008819,Rice,Telangana,Nalgonda,Annual,2009,3.361
RICE_008820,Rice,Telangana,Nizamabad,Annual,2009,3.208
RICE_008821,Rice,Telangana,Rangareddy,Annual,2009,2.62
RICE_008822,Rice,Telangana,Warangal,Annual,2009,2.542
RICE_008823,Rice,Uttar Pradesh,Agra,Annual,2009,1.761
RICE_008824,Rice,Uttar Pradesh,Aligarh,Annual,2009,1.728
RICE_008825,Rice,Uttar Pradesh,Allahabad,Annual,2009,2.262
RICE_008826,Rice,Uttar Pradesh,Ambedkar Nagar,Annual,2009,2.599
RICE_008827,Rice,Uttar Pradesh,Amroha/J.B.Fulenagar,Annual,2009,2.074
RICE_008828,Rice,Uttar Pradesh,Auraiya,Annual,2009,2.832
RICE_008829,Rice,Uttar Pradesh,Azamgarh,Annual,2009,1.751
RICE_008830,Rice,Uttar Pradesh,Bagpat,Annual,2009,2.718
RICE_008831,Rice,Uttar Pradesh,Bahraich,Annual,2009,2.016
RICE_008832,Rice,Uttar Pradesh,Ballia,Annual,2009,1.982
RICE_008833,Rice,Uttar Pradesh,Balrampur,Annual,2009,1.711
RICE_008834,Rice,Uttar Pradesh,Banda,Annual,2009,1.081
RICE_008835,Rice,Uttar Pradesh,Barabanki,Annual,2009,2.303
RICE_008836,Rice,Uttar Pradesh,Bareilly,Annual,2009,1.779
RICE_008837,Rice,Uttar Pradesh,Basti,Annual,2009,2.135
RICE_008838,Rice,Uttar Pradesh,Bijnor,Annual,2009,2.402
RICE_008839,Rice,Uttar Pradesh,Budaun,Annual,2009,2.01
RICE_008840,Rice,Uttar Pradesh,Buland Shahar,Annual,2009,2.27
RICE_008841,Rice,Uttar Pradesh,Chandauli,Annual,2009,2.028
RICE_008842,Rice,Uttar Pradesh,Chitrakoot,Annual,2009,0.511
RICE_008843,Rice,Uttar Pradesh,Deoria,Annual,2009,1.435
RICE_008844,Rice,Uttar Pradesh,Etah,Annual,2009,2.221
RICE_008845,Rice,Uttar Pradesh,Etawah,Annual,2009,2.593
RICE_008846,Rice,Uttar Pradesh,Faizabad,Annual,2009,2.292
RICE_008847,Rice,Uttar Pradesh,Farrukhabad,Annual,2009,2.235
RICE_008848,Rice,Uttar Pradesh,Fatehpur,Annual,2009,2.183
RICE_008849,Rice,Uttar Pradesh,Firozabad,Annual,2009,2.921
RICE_008850,Rice,Uttar Pradesh,G.B.Nagar,Annual,2009,2.371
RICE_008851,Rice,Uttar Pradesh,Ghaziabad,Annual,2009,2.747
RICE_008852,Rice,Uttar Pradesh,Ghazipur,Annual,2009,1.855
RICE_008853,Rice,Uttar Pradesh,Gonda,Annual,2009,2.194
RICE_008854,Rice,Uttar Pradesh,Gorakhpur,Annual,2009,1.836
RICE_008855,Rice,Uttar Pradesh,Hamirpur,Annual,2009,0.935
RICE_008856,Rice,Uttar Pradesh,Hardoi,Annual,2009,2.257
RICE_008857,Rice,Uttar Pradesh,Hathras,Annual,2009,1.715
RICE_008858,Rice,Uttar Pradesh,Jalaun,Annual,2009,1.136
RICE_008859,Rice,Uttar Pradesh,Jaunpur,Annual,2009,1.976
RICE_008860,Rice,Uttar Pradesh,Jhansi,Annual,2009,1.737
RICE_008861,Rice,Uttar Pradesh,Kannauj,Annual,2009,2.632
RICE_008862,Rice,Uttar Pradesh,Kanpur Dehat,Annual,2009,2.321
RICE_008863,Rice,Uttar Pradesh,Kanpur Nagar,Annual,2009,2.27
RICE_008864,Rice,Uttar Pradesh,Kasganj/Khansi Ram Nagar,Annual,2009,2.058
RICE_008865,Rice,Uttar Pradesh,Kheri,Annual,2009,1.98
RICE_008866,Rice,Uttar Pradesh,Kushambi,Annual,2009,1.826
RICE_008867,Rice,Uttar Pradesh,Kushi Nagar / Padrauna,Annual,2009,2.157
RICE_008868,Rice,Uttar Pradesh,Lalitpur,Annual,2009,0.635
RICE_008869,Rice,Uttar Pradesh,Lucknow,Annual,2009,2.206
RICE_008870,Rice,Uttar Pradesh,Mahoba,Annual,2009,0.942
RICE_008871,Rice,Uttar Pradesh,Mahrajgani,Annual,2009,2.43
RICE_008872,Rice,Uttar Pradesh,Mainpuri,Annual,2009,2.338
RICE_008873,Rice,Uttar Pradesh,Mathura,Annual,2009,2.143
RICE_008874,Rice,Uttar Pradesh,Mau,Annual,2009,1.461
RICE_008875,Rice,Uttar Pradesh,Meerut,Annual,2009,2.559
RICE_008876,Rice,Uttar Pradesh,Mirzpur,Annual,2009,1.55
RICE_008877,Rice,Uttar Pradesh,Moradabad,Annual,2009,2.318
RICE_008878,Rice,Uttar Pradesh,Muzaffarnagar,Annual,2009,2.604
RICE_008879,Rice,Uttar Pradesh,Pilibhit,Annual,2009,2.598
RICE_008880,Rice,Uttar Pradesh,Pratapgarh,Annual,2009,2.125
RICE_008881,Rice,Uttar Pradesh,Rae-Bareily,Annual,2009,2.194
RICE_008882,Rice,Uttar Pradesh,Rampur,Annual,2009,2.239
RICE_008883,Rice,Uttar Pradesh,Saharanpur,Annual,2009,2.271
RICE_008884,Rice,Uttar Pradesh,Santh Kabir Nagar,Annual,2009,1.933
RICE_008885,Rice,Uttar Pradesh,Santh Ravi Das Nagar / Bhadoi,Annual,2009,1.973
RICE_008886,Rice,Uttar Pradesh,Shahjahanpur,Annual,2009,2.647
RICE_008887,Rice,Uttar Pradesh,Shravasti,Annual,2009,2.142
RICE_008888,Rice,Uttar Pradesh,Sidharthnagar,Annual,2009,2.104
RICE_008889,Rice,Uttar Pradesh,Sitapur,Annual,2009,1.839
RICE_008890,Rice,Uttar Pradesh,Sonbhadra,Annual,2009,1.183
RICE_008891,Rice,Uttar Pradesh,Sultanpur,Annual,2009,2.272
RICE_008892,Rice,Uttar Pradesh,Unnao,Annual,2009,1.773
RICE_008893,Rice,Uttar Pradesh,Varanasi,Annual,2009,1.489
RICE_008894,Rice,Uttarakhand,Almorah,Annual,2009,0.985
RICE_008895,Rice,Uttarakhand,Bageshwar,Annual,2009,1.349
RICE_008896,Rice,Uttarakhand,Chamoli,Annual,2009,1.184
RICE_008897,Rice,Uttarakhand,Champavat,Annual,2009,1.238
RICE_008898,Rice,Uttarakhand,Dehradun,Annual,2009,1.912
RICE_008899,Rice,Uttarakhand,Garhwal,Annual,2009,1.074
RICE_008900,Rice,Uttarakhand,Haridwar,Annual,2009,2.204
RICE_008901,Rice,Uttarakhand,Nainital,Annual,2009,2.99
RICE_008902,Rice,Uttarakhand,Pithorgarh,Annual,2009,1.321
RICE_008903,Rice,Uttarakhand,Rudraprayag,Annual,2009,1.417
RICE_008904,Rice,Uttarakhand,Tehri Garhwal,Annual,2009,1.23
RICE_008905,Rice,Uttarakhand,Udham Singh Nagar,Annual,2009,2.913
RICE_008906,Rice,Uttarakhand,Uttar Kashi,Annual,2009,1.38
RICE_008907,Rice,West Bengal,24-Paraganas North,Annual,2009,2.801
RICE_008908,Rice,West Bengal,24-Paraganas South,Annual,2009,2.097
RICE_008909,Rice,West Bengal,Bankura,Annual,2009,2.663
RICE_008910,Rice,West Bengal,Birbhum,Annual,2009,2.686
RICE_008911,Rice,West Bengal,Burdwan,Annual,2009,3.05
RICE_008912,Rice,West Bengal,Cooch Behar,Annual,2009,2.047
RICE_008913,Rice,West Bengal,Dakshin Dinajpur,Annual,2009,2.436
RICE_008914,Rice,West Bengal,Darjeeling,Annual,2009,2.334
RICE_008915,Rice,West Bengal,East Midnapore / Purba Midnapore,Annual,2009,2.357
RICE_008916,Rice,West Bengal,Hooghly,Annual,2009,2.872
RICE_008917,Rice,West Bengal,Jalpaiguri,Annual,2009,1.913
RICE_008918,Rice,West Bengal,Jhargram,Annual,2009,1.677
RICE_008919,Rice,West Bengal,Malda,Annual,2009,2.834
RICE_008920,Rice,West Bengal,Murshidabad,Annual,2009,2.789
RICE_008921,Rice,West Bengal,Nadia,Annual,2009,2.784
RICE_008922,Rice,West Bengal,Purulia,Annual,2009,2.254
RICE_008923,Rice,West Bengal,Uttar Dinajpur,Annual,2009,2.18
RICE_008924,Rice,West Bengal,West Midnapore,Annual,2009,2.605
RICE_008925,Rice,Andhra Pradesh,Anantapur,Annual,2010,2.866
RICE_008926,Rice,Andhra Pradesh,Chittoor,Annual,2010,3.007
RICE_008927,Rice,Andhra Pradesh,East Godavari,Annual,2010,3.307
RICE_008928,Rice,Andhra Pradesh,Guntur,Annual,2010,2.585
RICE_008929,Rice,Andhra Pradesh,Kadapa Ysr,Annual,2010,1.841
RICE_008930,Rice,Andhra Pradesh,Krishna,Annual,2010,3.069
RICE_008931,Rice,Andhra Pradesh,Kurnool,Annual,2010,2.897
RICE_008932,Rice,Andhra Pradesh,Prakasam,Annual,2010,3.313
RICE_008933,Rice,Andhra Pradesh,S.P.S. Nellore,Annual,2010,3.712
RICE_008934,Rice,Andhra Pradesh,Srikakulam,Annual,2010,0.865
RICE_008935,Rice,Andhra Pradesh,Visakhapatnam,Annual,2010,1.716
RICE_008936,Rice,Andhra Pradesh,Vizianagaram,Annual,2010,2.611
RICE_008937,Rice,Andhra Pradesh,West Godavari,Annual,2010,3.265
RICE_008938,Rice,Assam,Baksa,Annual,2010,1.581
RICE_008939,Rice,Assam,Barpeta,Annual,2010,1.896
RICE_008940,Rice,Assam,Bongaigaon,Annual,2010,1.632
RICE_008941,Rice,Assam,Cachar,Annual,2010,2.154
RICE_008942,Rice,Assam,Chirang,Annual,2010,1.467
RICE_008943,Rice,Assam,Darrang,Annual,2010,2.208
RICE_008944,Rice,Assam,Dhemaji,Annual,2010,1.283
RICE_008945,Rice,Assam,Dhubri,Annual,2010,2.396
RICE_008946,Rice,Assam,Dibrugarh,Annual,2010,2.141
RICE_008947,Rice,Assam,Goalpara,Annual,2010,2.368
RICE_008948,Rice,Assam,Golaghat,Annual,2010,2.249
RICE_008949,Rice,Assam,Hailakandi,Annual,2010,2.256
RICE_008950,Rice,Assam,Jorhat,Annual,2010,1.96
RICE_008951,Rice,Assam,Kamrup,Annual,2010,2.359
RICE_008952,Rice,Assam,Kamrup (Metro),Annual,2010,2.407
RICE_008953,Rice,Assam,Karbi Anglong,Annual,2010,1.882
RICE_008954,Rice,Assam,Karimganj,Annual,2010,2.047
RICE_008955,Rice,Assam,Kokrajhar,Annual,2010,1.761
RICE_008956,Rice,Assam,Lakhimpur,Annual,2010,1.753
RICE_008957,Rice,Assam,Marigaon,Annual,2010,2.123
RICE_008958,Rice,Assam,Nagaon,Annual,2010,1.916
RICE_008959,Rice,Assam,Nalbari,Annual,2010,2.195
RICE_008960,Rice,Assam,North Cachar Hil,Annual,2010,1.421
RICE_008961,Rice,Assam,Sibsagar,Annual,2010,2.388
RICE_008962,Rice,Assam,Sonitpur,Annual,2010,2.137
RICE_008963,Rice,Assam,Tinsukia,Annual,2010,1.989
RICE_008964,Rice,Assam,Udalguri,Annual,2010,1.289
RICE_008965,Rice,Bihar,Araria,Annual,2010,1.132
RICE_008966,Rice,Bihar,Arwal,Annual,2010,1.785
RICE_008967,Rice,Bihar,Aurangabad,Annual,2010,1.417
RICE_008968,Rice,Bihar,Banka,Annual,2010,1.995
RICE_008969,Rice,Bihar,Begusarai,Annual,2010,0.403
RICE_008970,Rice,Bihar,Bhabhua / Kaimur,Annual,2010,1.806
RICE_008971,Rice,Bihar,Bhagalpur,Annual,2010,0.957
RICE_008972,Rice,Bihar,Bhojpur,Annual,2010,2.034
RICE_008973,Rice,Bihar,Buxar,Annual,2010,1.751
RICE_008974,Rice,Bihar,Champaran (East),Annual,2010,0.623
RICE_008975,Rice,Bihar,Champaran (West),Annual,2010,1.236
RICE_008976,Rice,Bihar,Darbhanga,Annual,2010,0.959
RICE_008977,Rice,Bihar,Gaya,Annual,2010,1.091
RICE_008978,Rice,Bihar,Gopalganj,Annual,2010,0.949
RICE_008979,Rice,Bihar,Jamui,Annual,2010,0.419
RICE_008980,Rice,Bihar,Jehanabad,Annual,2010,1.31
RICE_008981,Rice,Bihar,Katihar,Annual,2010,1.571
RICE_008982,Rice,Bihar,Khagaria,Annual,2010,0.545
RICE_008983,Rice,Bihar,Kishanganj,Annual,2010,1.042
RICE_008984,Rice,Bihar,Lakhisarai,Annual,2010,0.445
RICE_008985,Rice,Bihar,Madhepura,Annual,2010,0.8
RICE_008986,Rice,Bihar,Madhubani,Annual,2010,0.564
RICE_008987,Rice,Bihar,Mungair,Annual,2010,0.453
RICE_008988,Rice,Bihar,Muzaffarpur,Annual,2010,0.504
RICE_008989,Rice,Bihar,Nalanda,Annual,2010,1.085
RICE_008990,Rice,Bihar,Nawada,Annual,2010,1.035
RICE_008991,Rice,Bihar,Patna,Annual,2010,1.285
RICE_008992,Rice,Bihar,Purnea,Annual,2010,1.269
RICE_008993,Rice,Bihar,Rohtas,Annual,2010,1.653
RICE_008994,Rice,Bihar,Saharsa,Annual,2010,1.09
RICE_008995,Rice,Bihar,Samastipur,Annual,2010,0.532
RICE_008996,Rice,Bihar,Saran,Annual,2010,1.253
RICE_008997,Rice,Bihar,Sheikapura,Annual,2010,0.475
RICE_008998,Rice,Bihar,Sheohar,Annual,2010,0.276
RICE_008999,Rice,Bihar,Sitamarhi,Annual,2010,0.351
RICE_009000,Rice,Bihar,Siwan,Annual,2010,0.902
RICE_009001,Rice,Bihar,Supaul,Annual,2010,1.262
RICE_009002,Rice,Bihar,Vaishali,Annual,2010,0.671
RICE_009003,Rice,Chhattisgarh,Bastar,Annual,2010,1.767
RICE_009004,Rice,Chhattisgarh,Bijapur,Annual,2010,1.864
RICE_009005,Rice,Chhattisgarh,Bilaspur,Annual,2010,1.653
RICE_009006,Rice,Chhattisgarh,Dantewara,Annual,2010,1.996
RICE_009007,Rice,Chhattisgarh,Dhamtari,Annual,2010,2.34
RICE_009008,Rice,Chhattisgarh,Durg,Annual,2010,1.775
RICE_009009,Rice,Chhattisgarh,Janjgir,Annual,2010,2.514
RICE_009010,Rice,Chhattisgarh,Jashpur,Annual,2010,1.377
RICE_009011,Rice,Chhattisgarh,Kanker,Annual,2010,2.191
RICE_009012,Rice,Chhattisgarh,Kawardha,Annual,2010,1.581
RICE_009013,Rice,Chhattisgarh,Korba,Annual,2010,1.184
RICE_009014,Rice,Chhattisgarh,Koriya,Annual,2010,1.141
RICE_009015,Rice,Chhattisgarh,Mahasmund,Annual,2010,1.714
RICE_009016,Rice,Chhattisgarh,Narayanpur,Annual,2010,0.862
RICE_009017,Rice,Chhattisgarh,Raigarh,Annual,2010,1.374
RICE_009018,Rice,Chhattisgarh,Raipur,Annual,2010,1.396
RICE_009019,Rice,Chhattisgarh,Rajnandgaon,Annual,2010,1.585
RICE_009020,Rice,Chhattisgarh,Surguja,Annual,2010,1.063
RICE_009021,Rice,Gujarat,Ahmedabad,Annual,2010,2.734
RICE_009022,Rice,Gujarat,Anand,Annual,2010,2.122
RICE_009023,Rice,Gujarat,Bharuch,Annual,2010,1.871
RICE_009024,Rice,Gujarat,Dahod,Annual,2010,0.894
RICE_009025,Rice,Gujarat,Dangs,Annual,2010,1.3
RICE_009026,Rice,Gujarat,Gandhinagar,Annual,2010,2.306
RICE_009027,Rice,Gujarat,Kheda,Annual,2010,2.426
RICE_009028,Rice,Gujarat,Mehsana,Annual,2010,2.122
RICE_009029,Rice,Gujarat,Narmada,Annual,2010,0.875
RICE_009030,Rice,Gujarat,Navsari,Annual,2010,2.704
RICE_009031,Rice,Gujarat,Panchmahal,Annual,2010,0.86
RICE_009032,Rice,Gujarat,Sabarkantha,Annual,2010,2.143
RICE_009033,Rice,Gujarat,Surat,Annual,2010,2.268
RICE_009034,Rice,Gujarat,Tapi,Annual,2010,2.1
RICE_009035,Rice,Gujarat,Vadodara,Annual,2010,1.236
RICE_009036,Rice,Gujarat,Valsad,Annual,2010,2.159
RICE_009037,Rice,Haryana,Ambala,Annual,2010,3.443
RICE_009038,Rice,Haryana,Bhiwani,Annual,2010,2.066
RICE_009039,Rice,Haryana,Faridabad,Annual,2010,1.895
RICE_009040,Rice,Haryana,Fatehabad,Annual,2010,3.973
RICE_009041,Rice,Haryana,Gurgaon,Annual,2010,2.692
RICE_009042,Rice,Haryana,Hissar,Annual,2010,2.528
RICE_009043,Rice,Haryana,Jhajjar,Annual,2010,2.0
RICE_009044,Rice,Haryana,Jind,Annual,2010,2.493
RICE_009045,Rice,Haryana,Kaithal,Annual,2010,2.747
RICE_009046,Rice,Haryana,Karnal,Annual,2010,2.669
RICE_009047,Rice,Haryana,Kurukshetra,Annual,2010,3.197
RICE_009048,Rice,Haryana,Mewat,Annual,2010,2.742
RICE_009049,Rice,Haryana,Palwal,Annual,2010,2.749
RICE_009050,Rice,Haryana,Panchkula,Annual,2010,3.297
RICE_009051,Rice,Haryana,Panipat,Annual,2010,2.263
RICE_009052,Rice,Haryana,Rewari,Annual,2010,2.963
RICE_009053,Rice,Haryana,Rohtak,Annual,2010,1.501
RICE_009054,Rice,Haryana,Sirsa,Annual,2010,3.176
RICE_009055,Rice,Haryana,Sonepat,Annual,2010,2.156
RICE_009056,Rice,Haryana,Yamunanagar,Annual,2010,3.271
RICE_009057,Rice,Himachal Pradesh,Bilashpur,Annual,2010,2.078
RICE_009058,Rice,Himachal Pradesh,Chamba,Annual,2010,1.204
RICE_009059,Rice,Himachal Pradesh,Hamirpur,Annual,2010,1.412
RICE_009060,Rice,Himachal Pradesh,Kangra,Annual,2010,1.507
RICE_009061,Rice,Himachal Pradesh,Kinnaur,Annual,2010,1.533
RICE_009062,Rice,Himachal Pradesh,Kullu,Annual,2010,1.307
RICE_009063,Rice,Himachal Pradesh,Mandi,Annual,2010,1.205
RICE_009064,Rice,Himachal Pradesh,Shimla,Annual,2010,0.917
RICE_009065,Rice,Himachal Pradesh,Sirmaur,Annual,2010,1.184
RICE_009066,Rice,Himachal Pradesh,Solan,Annual,2010,2.521
RICE_009067,Rice,Himachal Pradesh,Una,Annual,2010,2.309
RICE_009068,Rice,Jharkhand,Bokaro,Annual,2010,0.843
RICE_009069,Rice,Jharkhand,Chatra,Annual,2010,0.4
RICE_009070,Rice,Jharkhand,Devghar / Deogarh,Annual,2010,1.187
RICE_009071,Rice,Jharkhand,Dhanbad,Annual,2010,1.512
RICE_009072,Rice,Jharkhand,Gadva / Garhwa,Annual,2010,0.607
RICE_009073,Rice,Jharkhand,Giridih,Annual,2010,0.657
RICE_009074,Rice,Jharkhand,Godda,Annual,2010,1.179
RICE_009075,Rice,Jharkhand,Gumla,Annual,2010,0.999
RICE_009076,Rice,Jharkhand,Hazaribagh,Annual,2010,1.319
RICE_009077,Rice,Jharkhand,Jamtara,Annual,2010,0.899
RICE_009078,Rice,Jharkhand,Khodrama / Koderma,Annual,2010,1.462
RICE_009079,Rice,Jharkhand,Khunti,Annual,2010,1.082
RICE_009080,Rice,Jharkhand,Latehar,Annual,2010,0.607
RICE_009081,Rice,Jharkhand,Lohardagga,Annual,2010,0.939
RICE_009082,Rice,Jharkhand,Pakund / Pakur,Annual,2010,1.267
RICE_009083,Rice,Jharkhand,Palamau,Annual,2010,0.413
RICE_009084,Rice,Jharkhand,Ramgadh,Annual,2010,9.75
RICE_009085,Rice,Jharkhand,Ranchi,Annual,2010,1.018
RICE_009086,Rice,Jharkhand,Sahebganj,Annual,2010,1.366
RICE_009087,Rice,Jharkhand,Santhal Paragana / Dumka,Annual,2010,1.509
RICE_009088,Rice,Jharkhand,Sariakela / Kharsawan,Annual,2010,0.509
RICE_009089,Rice,Jharkhand,Simdega,Annual,2010,0.743
RICE_009090,Rice,Jharkhand,Singhbhum East,Annual,2010,0.502
RICE_009091,Rice,Jharkhand,Singhbhum West,Annual,2010,0.652
RICE_009092,Rice,Karnataka,Bagalkote,Annual,2010,2.771
RICE_009093,Rice,Karnataka,Bangalore (Rural),Annual,2010,3.084
RICE_009094,Rice,Karnataka,Bangalore (Urban),Annual,2010,2.889
RICE_009095,Rice,Karnataka,Belgaum,Annual,2010,1.985
RICE_009096,Rice,Karnataka,Bellary,Annual,2010,3.543
RICE_009097,Rice,Karnataka,Bidar,Annual,2010,0.785
RICE_009098,Rice,Karnataka,Bijapur,Annual,2010,2.704
RICE_009099,Rice,Karnataka,Chamaraja Nagar,Annual,2010,2.885
RICE_009100,Rice,Karnataka,Chickmagalur,Annual,2010,2.621
RICE_009101,Rice,Karnataka,Chikkaballapur,Annual,2010,3.087
RICE_009102,Rice,Karnataka,Chitradurga,Annual,2010,2.301
RICE_009103,Rice,Karnataka,Dakshina Kannada,Annual,2010,2.401
RICE_009104,Rice,Karnataka,Davanagere,Annual,2010,3.508
RICE_009105,Rice,Karnataka,Dharwad,Annual,2010,1.328
RICE_009106,Rice,Karnataka,Gadag,Annual,2010,2.691
RICE_009107,Rice,Karnataka,Gulbarga,Annual,2010,1.85
RICE_009108,Rice,Karnataka,Hassan,Annual,2010,2.884
RICE_009109,Rice,Karnataka,Haveri,Annual,2010,1.769
RICE_009110,Rice,Karnataka,Kodagu,Annual,2010,2.637
RICE_009111,Rice,Karnataka,Kolar,Annual,2010,1.994
RICE_009112,Rice,Karnataka,Koppal,Annual,2010,3.774
RICE_009113,Rice,Karnataka,Mandya,Annual,2010,3.419
RICE_009114,Rice,Karnataka,Mysore,Annual,2010,3.101
RICE_009115,Rice,Karnataka,Raichur,Annual,2010,2.819
RICE_009116,Rice,Karnataka,Ramanagaram,Annual,2010,2.526
RICE_009117,Rice,Karnataka,Shimoge,Annual,2010,2.769
RICE_009118,Rice,Karnataka,Tumkur,Annual,2010,2.847
RICE_009119,Rice,Karnataka,Udupi,Annual,2010,2.308
RICE_009120,Rice,Karnataka,Uttara Kannada,Annual,2010,1.907
RICE_009121,Rice,Karnataka,Yadagiri,Annual,2010,2.056
RICE_009122,Rice,Kerala,Alappuzha,Annual,2010,2.464
RICE_009123,Rice,Kerala,Eranakulam,Annual,2010,1.977
RICE_009124,Rice,Kerala,Idukki,Annual,2010,2.608
RICE_009125,Rice,Kerala,Kannur,Annual,2010,2.099
RICE_009126,Rice,Kerala,Kasaragod,Annual,2010,2.367
RICE_009127,Rice,Kerala,Kollam,Annual,2010,2.141
RICE_009128,Rice,Kerala,Kottayam,Annual,2010,2.773
RICE_009129,Rice,Kerala,Kozhikode,Annual,2010,1.27
RICE_009130,Rice,Kerala,Malappuram,Annual,2010,2.354
RICE_009131,Rice,Kerala,Palakkad,Annual,2010,2.493
RICE_009132,Rice,Kerala,Pathanamthitta,Annual,2010,2.22
RICE_009133,Rice,Kerala,Thiruvananthapuram,Annual,2010,2.372
RICE_009134,Rice,Kerala,Thrissur,Annual,2010,2.62
RICE_009135,Rice,Kerala,Wayanad,Annual,2010,2.525
RICE_009136,Rice,Madhya Pradesh,Alirajpur,Annual,2010,0.732
RICE_009137,Rice,Madhya Pradesh,Anuppur,Annual,2010,0.921
RICE_009138,Rice,Madhya Pradesh,Ashoknagar,Annual,2010,0.833
RICE_009139,Rice,Madhya Pradesh,Balaghat,Annual,2010,1.424
RICE_009140,Rice,Madhya Pradesh,Barwani,Annual,2010,0.733
RICE_009141,Rice,Madhya Pradesh,Betul,Annual,2010,1.391
RICE_009142,Rice,Madhya Pradesh,Bhind,Annual,2010,2.732
RICE_009143,Rice,Madhya Pradesh,Bhopal,Annual,2010,0.8
RICE_009144,Rice,Madhya Pradesh,Burhanpur,Annual,2010,1.471
RICE_009145,Rice,Madhya Pradesh,Chhatarpur,Annual,2010,0.618
RICE_009146,Rice,Madhya Pradesh,Chhindwara,Annual,2010,1.65
RICE_009147,Rice,Madhya Pradesh,Damoh,Annual,2010,1.034
RICE_009148,Rice,Madhya Pradesh,Datia,Annual,2010,1.246
RICE_009149,Rice,Madhya Pradesh,Dewas,Annual,2010,1.0
RICE_009150,Rice,Madhya Pradesh,Dhar,Annual,2010,0.75
RICE_009151,Rice,Madhya Pradesh,Dindori,Annual,2010,0.693
RICE_009152,Rice,Madhya Pradesh,Guna,Annual,2010,1.143
RICE_009153,Rice,Madhya Pradesh,Gwalior,Annual,2010,2.612
RICE_009154,Rice,Madhya Pradesh,Harda,Annual,2010,3.0
RICE_009155,Rice,Madhya Pradesh,Hoshangabad,Annual,2010,2.295
RICE_009156,Rice,Madhya Pradesh,Jabalpur,Annual,2010,1.237
RICE_009157,Rice,Madhya Pradesh,Jhabua,Annual,2010,0.656
RICE_009158,Rice,Madhya Pradesh,Katni,Annual,2010,0.855
RICE_009159,Rice,Madhya Pradesh,Khandwa,Annual,2010,1.333
RICE_009160,Rice,Madhya Pradesh,Khargone,Annual,2010,0.786
RICE_009161,Rice,Madhya Pradesh,Mandla,Annual,2010,0.916
RICE_009162,Rice,Madhya Pradesh,Morena,Annual,2010,2.5
RICE_009163,Rice,Madhya Pradesh,Narsinghpur,Annual,2010,1.56
RICE_009164,Rice,Madhya Pradesh,Panna,Annual,2010,0.961
RICE_009165,Rice,Madhya Pradesh,Raisen,Annual,2010,1.267
RICE_009166,Rice,Madhya Pradesh,Rajgarh,Annual,2010,0.8
RICE_009167,Rice,Madhya Pradesh,Ratlam,Annual,2010,0.765
RICE_009168,Rice,Madhya Pradesh,Rewa,Annual,2010,0.661
RICE_009169,Rice,Madhya Pradesh,Sagar,Annual,2010,0.75
RICE_009170,Rice,Madhya Pradesh,Satna,Annual,2010,1.036
RICE_009171,Rice,Madhya Pradesh,Sehore,Annual,2010,1.115
RICE_009172,Rice,Madhya Pradesh,Seoni,Annual,2010,1.323
RICE_009173,Rice,Madhya Pradesh,Shahdol,Annual,2010,1.278
RICE_009174,Rice,Madhya Pradesh,Shajapur,Annual,2010,1.0
RICE_009175,Rice,Madhya Pradesh,Sheopur Kalan,Annual,2010,2.979
RICE_009176,Rice,Madhya Pradesh,Shivpuri,Annual,2010,1.59
RICE_009177,Rice,Madhya Pradesh,Sidhi,Annual,2010,0.876
RICE_009178,Rice,Madhya Pradesh,Singrauli,Annual,2010,0.91
RICE_009179,Rice,Madhya Pradesh,Tikamgarh,Annual,2010,0.45
RICE_009180,Rice,Madhya Pradesh,Umaria,Annual,2010,0.645
RICE_009181,Rice,Madhya Pradesh,Vidisha,Annual,2010,1.0
RICE_009182,Rice,Maharashtra,Ahmednagar,Annual,2010,0.937
RICE_009183,Rice,Maharashtra,Amarawati,Annual,2010,0.726
RICE_009184,Rice,Maharashtra,Aurangabad,Annual,2010,2.0
RICE_009185,Rice,Maharashtra,Beed,Annual,2010,0.425
RICE_009186,Rice,Maharashtra,Bhandara,Annual,2010,1.46
RICE_009187,Rice,Maharashtra,Chandrapur,Annual,2010,1.407
RICE_009188,Rice,Maharashtra,Dhule,Annual,2010,1.334
RICE_009189,Rice,Maharashtra,Gadchiroli,Annual,2010,1.488
RICE_009190,Rice,Maharashtra,Gondia,Annual,2010,1.75
RICE_009191,Rice,Maharashtra,Hingoli,Annual,2010,0.591
RICE_009192,Rice,Maharashtra,Kolhapur,Annual,2010,2.885
RICE_009193,Rice,Maharashtra,Latur,Annual,2010,0.446
RICE_009194,Rice,Maharashtra,Nagpur,Annual,2010,0.983
RICE_009195,Rice,Maharashtra,Nanded,Annual,2010,0.521
RICE_009196,Rice,Maharashtra,Nandurbar,Annual,2010,1.056
RICE_009197,Rice,Maharashtra,Nasik,Annual,2010,0.407
RICE_009198,Rice,Maharashtra,Osmanabad,Annual,2010,0.302
RICE_009199,Rice,Maharashtra,Parbhani,Annual,2010,0.455
RICE_009200,Rice,Maharashtra,Pune,Annual,2010,1.181
RICE_009201,Rice,Maharashtra,Raigad,Annual,2010,2.37
RICE_009202,Rice,Maharashtra,Ratnagiri,Annual,2010,2.86
RICE_009203,Rice,Maharashtra,Sangli,Annual,2010,2.667
RICE_009204,Rice,Maharashtra,Satara,Annual,2010,1.619
RICE_009205,Rice,Maharashtra,Sindhudurg,Annual,2010,2.654
RICE_009206,Rice,Maharashtra,Solapur,Annual,2010,0.329
RICE_009207,Rice,Maharashtra,Thane,Annual,2010,2.029
RICE_009208,Rice,Orissa,Angul,Annual,2010,0.582
RICE_009209,Rice,Orissa,Balasore,Annual,2010,1.852
RICE_009210,Rice,Orissa,Bargarh,Annual,2010,2.326
RICE_009211,Rice,Orissa,Bhadrak,Annual,2010,1.854
RICE_009212,Rice,Orissa,Bolangir,Annual,2010,1.899
RICE_009213,Rice,Orissa,Boudh,Annual,2010,1.225
RICE_009214,Rice,Orissa,Cuttack,Annual,2010,1.835
RICE_009215,Rice,Orissa,Deogarh,Annual,2010,0.718
RICE_009216,Rice,Orissa,Dhenkanal,Annual,2010,1.399
RICE_009217,Rice,Orissa,Gajapati,Annual,2010,1.982
RICE_009218,Rice,Orissa,Ganjam,Annual,2010,1.602
RICE_009219,Rice,Orissa,Jagatsinghapur,Annual,2010,1.579
RICE_009220,Rice,Orissa,Jajapur,Annual,2010,1.402
RICE_009221,Rice,Orissa,Jharsuguda,Annual,2010,0.622
RICE_009222,Rice,Orissa,Kalahandi,Annual,2010,2.34
RICE_009223,Rice,Orissa,Kendrapara,Annual,2010,1.255
RICE_009224,Rice,Orissa,Keonjhar,Annual,2010,1.074
RICE_009225,Rice,Orissa,Khurda,Annual,2010,1.703
RICE_009226,Rice,Orissa,Koraput,Annual,2010,1.889
RICE_009227,Rice,Orissa,Malkangiri,Annual,2010,2.091
RICE_009228,Rice,Orissa,Mayurbhanja,Annual,2010,0.932
RICE_009229,Rice,Orissa,Nawarangpur,Annual,2010,1.96
RICE_009230,Rice,Orissa,Nayagarh,Annual,2010,1.682
RICE_009231,Rice,Orissa,Nuapada,Annual,2010,1.858
RICE_009232,Rice,Orissa,Phulbani ( Kandhamal ),Annual,2010,1.342
RICE_009233,Rice,Orissa,Puri,Annual,2010,1.713
RICE_009234,Rice,Orissa,Rayagada,Annual,2010,2.132
RICE_009235,Rice,Orissa,Sambalpur,Annual,2010,1.471
RICE_009236,Rice,Orissa,Sonepur,Annual,2010,2.448
RICE_009237,Rice,Orissa,Sundargarh,Annual,2010,0.662
RICE_009238,Rice,Punjab,Amritsar,Annual,2010,2.704
RICE_009239,Rice,Punjab,Barnala,Annual,2010,4.429
RICE_009240,Rice,Punjab,Bhatinda,Annual,2010,4.084
RICE_009241,Rice,Punjab,Faridkot,Annual,2010,4.05
RICE_009242,Rice,Punjab,Fatehgarh Sahib,Annual,2010,4.256
RICE_009243,Rice,Punjab,Ferozpur,Annual,2010,3.698
RICE_009244,Rice,Punjab,Gurdaspur,Annual,2010,3.456
RICE_009245,Rice,Punjab,Hoshiarpur,Annual,2010,3.575
RICE_009246,Rice,Punjab,Jalandhar,Annual,2010,3.607
RICE_009247,Rice,Punjab,Kapurthala,Annual,2010,3.89
RICE_009248,Rice,Punjab,Ludhiana,Annual,2010,4.409
RICE_009249,Rice,Punjab,Mansa,Annual,2010,4.051
RICE_009250,Rice,Punjab,Moga,Annual,2010,4.331
RICE_009251,Rice,Punjab,Patiala,Annual,2010,3.731
RICE_009252,Rice,Punjab,Roopnagar,Annual,2010,3.868
RICE_009253,Rice,Punjab,S.A.S Nagar,Annual,2010,3.432
RICE_009254,Rice,Punjab,S.B.S Nagar,Annual,2010,3.983
RICE_009255,Rice,Punjab,Sangrur,Annual,2010,4.357
RICE_009256,Rice,Punjab,Shri Mukatsar Sahib,Annual,2010,3.892
RICE_009257,Rice,Punjab,Taran Taran,Annual,2010,2.907
RICE_009258,Rice,Rajasthan,Ajmer,Annual,2010,2.0
RICE_009259,Rice,Rajasthan,Alwar,Annual,2010,2.026
RICE_009260,Rice,Rajasthan,Banswara,Annual,2010,0.652
RICE_009261,Rice,Rajasthan,Baran,Annual,2010,2.892
RICE_009262,Rice,Rajasthan,Bharatpur,Annual,2010,2.015
RICE_009263,Rice,Rajasthan,Bhilwara,Annual,2010,2.026
RICE_009264,Rice,Rajasthan,Bikaner,Annual,2010,2.027
RICE_009265,Rice,Rajasthan,Bundi,Annual,2010,1.877
RICE_009266,Rice,Rajasthan,Chittorgarh,Annual,2010,2.028
RICE_009267,Rice,Rajasthan,Dholpur,Annual,2010,2.025
RICE_009268,Rice,Rajasthan,Dungarpur,Annual,2010,0.66
RICE_009269,Rice,Rajasthan,Ganganagar,Annual,2010,2.498
RICE_009270,Rice,Rajasthan,Hanumangarh,Annual,2010,3.964
RICE_009271,Rice,Rajasthan,Jhalawar,Annual,2010,2.554
RICE_009272,Rice,Rajasthan,Karoli,Annual,2010,1.223
RICE_009273,Rice,Rajasthan,Kota,Annual,2010,2.738
RICE_009274,Rice,Rajasthan,Pratapgarh,Annual,2010,2.025
RICE_009275,Rice,Rajasthan,Rajsamand,Annual,2010,2.023
RICE_009276,Rice,Rajasthan,Swami Madhopur,Annual,2010,2.025
RICE_009277,Rice,Rajasthan,Tonk,Annual,2010,2.0
RICE_009278,Rice,Rajasthan,Udaipur,Annual,2010,1.079
RICE_009279,Rice,Tamil Nadu,Ariyalur,Annual,2010,3.882
RICE_009280,Rice,Tamil Nadu,Chengalpattu Mgr / Kancheepuram,Annual,2010,3.955
RICE_009281,Rice,Tamil Nadu,Chidambanar / Toothukudi,Annual,2010,4.471
RICE_009282,Rice,Tamil Nadu,Coimbatore,Annual,2010,3.908
RICE_009283,Rice,Tamil Nadu,Dharmapuri,Annual,2010,4.077
RICE_009284,Rice,Tamil Nadu,Dindigul Anna,Annual,2010,5.344
RICE_009285,Rice,Tamil Nadu,Kanyakumari,Annual,2010,4.732
RICE_009286,Rice,Tamil Nadu,Karur,Annual,2010,3.849
RICE_009287,Rice,Tamil Nadu,Krishnagiri,Annual,2010,4.292
RICE_009288,Rice,Tamil Nadu,Madurai,Annual,2010,4.259
RICE_009289,Rice,Tamil Nadu,Nagapattinam,Annual,2010,2.06
RICE_009290,Rice,Tamil Nadu,Namakkal,Annual,2010,3.838
RICE_009291,Rice,Tamil Nadu,North Arcot / Vellore,Annual,2010,3.536
RICE_009292,Rice,Tamil Nadu,Perambular,Annual,2010,3.841
RICE_009293,Rice,Tamil Nadu,Periyar (Erode),Annual,2010,4.216
RICE_009294,Rice,Tamil Nadu,Pudukkottai,Annual,2010,2.248
RICE_009295,Rice,Tamil Nadu,Ramananthapuram,Annual,2010,1.933
RICE_009296,Rice,Tamil Nadu,Salem,Annual,2010,4.438
RICE_009297,Rice,Tamil Nadu,Sivagangai / Pasumpon,Annual,2010,2.245
RICE_009298,Rice,Tamil Nadu,South Arcot / Cuddalore,Annual,2010,2.603
RICE_009299,Rice,Tamil Nadu,Thanjavur,Annual,2010,2.869
RICE_009300,Rice,Tamil Nadu,The Nilgiris,Annual,2010,3.571
RICE_009301,Rice,Tamil Nadu,Theni,Annual,2010,4.82
RICE_009302,Rice,Tamil Nadu,Thirunelveli,Annual,2010,4.411
RICE_009303,Rice,Tamil Nadu,Thiruppur,Annual,2010,3.979
RICE_009304,Rice,Tamil Nadu,Thiruvallur,Annual,2010,3.007
RICE_009305,Rice,Tamil Nadu,Thiruvannamalai,Annual,2010,2.85
RICE_009306,Rice,Tamil Nadu,Tiruchirapalli / Trichy,Annual,2010,3.992
RICE_009307,Rice,Tamil Nadu,Tiruvarur,Annual,2010,1.782
RICE_009308,Rice,Tamil Nadu,Villupuram,Annual,2010,3.415
RICE_009309,Rice,Tamil Nadu,Virudhunagar / Kamarajar,Annual,2010,3.092
RICE_009310,Rice,Telangana,Adilabad,Annual,2010,2.818
RICE_009311,Rice,Telangana,Karimnagar,Annual,2010,3.543
RICE_009312,Rice,Telangana,Khammam,Annual,2010,3.226
RICE_009313,Rice,Telangana,Mahabubnagar,Annual,2010,2.775
RICE_009314,Rice,Telangana,Medak,Annual,2010,3.562
RICE_009315,Rice,Telangana,Nalgonda,Annual,2010,3.266
RICE_009316,Rice,Telangana,Nizamabad,Annual,2010,3.809
RICE_009317,Rice,Telangana,Rangareddy,Annual,2010,2.599
RICE_009318,Rice,Telangana,Warangal,Annual,2010,3.21
RICE_009319,Rice,Uttar Pradesh,Agra,Annual,2010,2.159
RICE_009320,Rice,Uttar Pradesh,Aligarh,Annual,2010,2.043
RICE_009321,Rice,Uttar Pradesh,Allahabad,Annual,2010,2.327
RICE_009322,Rice,Uttar Pradesh,Ambedkar Nagar,Annual,2010,2.632
RICE_009323,Rice,Uttar Pradesh,Amethi/C.S.M. Nagar,Annual,2010,2.09
RICE_009324,Rice,Uttar Pradesh,Amroha/J.B.Fulenagar,Annual,2010,1.895
RICE_009325,Rice,Uttar Pradesh,Auraiya,Annual,2010,2.705
RICE_009326,Rice,Uttar Pradesh,Azamgarh,Annual,2010,2.051
RICE_009327,Rice,Uttar Pradesh,Bagpat,Annual,2010,2.414
RICE_009328,Rice,Uttar Pradesh,Bahraich,Annual,2010,2.071
RICE_009329,Rice,Uttar Pradesh,Ballia,Annual,2010,1.914
RICE_009330,Rice,Uttar Pradesh,Balrampur,Annual,2010,2.181
RICE_009331,Rice,Uttar Pradesh,Banda,Annual,2010,1.154
RICE_009332,Rice,Uttar Pradesh,Barabanki,Annual,2010,2.367
RICE_009333,Rice,Uttar Pradesh,Bareilly,Annual,2010,1.65
RICE_009334,Rice,Uttar Pradesh,Basti,Annual,2010,2.107
RICE_009335,Rice,Uttar Pradesh,Bijnor,Annual,2010,2.243
RICE_009336,Rice,Uttar Pradesh,Budaun,Annual,2010,1.885
RICE_009337,Rice,Uttar Pradesh,Buland Shahar,Annual,2010,2.261
RICE_009338,Rice,Uttar Pradesh,Chandauli,Annual,2010,2.75
RICE_009339,Rice,Uttar Pradesh,Chitrakoot,Annual,2010,0.81
RICE_009340,Rice,Uttar Pradesh,Deoria,Annual,2010,1.996
RICE_009341,Rice,Uttar Pradesh,Etah,Annual,2010,2.136
RICE_009342,Rice,Uttar Pradesh,Etawah,Annual,2010,2.525
RICE_009343,Rice,Uttar Pradesh,Faizabad,Annual,2010,2.193
RICE_009344,Rice,Uttar Pradesh,Farrukhabad,Annual,2010,1.504
RICE_009345,Rice,Uttar Pradesh,Fatehpur,Annual,2010,2.107
RICE_009346,Rice,Uttar Pradesh,Firozabad,Annual,2010,2.704
RICE_009347,Rice,Uttar Pradesh,G.B.Nagar,Annual,2010,2.045
RICE_009348,Rice,Uttar Pradesh,Ghaziabad,Annual,2010,2.54
RICE_009349,Rice,Uttar Pradesh,Ghazipur,Annual,2010,2.102
RICE_009350,Rice,Uttar Pradesh,Gonda,Annual,2010,2.26
RICE_009351,Rice,Uttar Pradesh,Gorakhpur,Annual,2010,2.027
RICE_009352,Rice,Uttar Pradesh,Hamirpur,Annual,2010,1.181
RICE_009353,Rice,Uttar Pradesh,Hardoi,Annual,2010,2.045
RICE_009354,Rice,Uttar Pradesh,Hathras,Annual,2010,1.732
RICE_009355,Rice,Uttar Pradesh,Jalaun,Annual,2010,1.942
RICE_009356,Rice,Uttar Pradesh,Jaunpur,Annual,2010,2.087
RICE_009357,Rice,Uttar Pradesh,Jhansi,Annual,2010,2.358
RICE_009358,Rice,Uttar Pradesh,Kannauj,Annual,2010,2.801
RICE_009359,Rice,Uttar Pradesh,Kanpur Dehat,Annual,2010,2.353
RICE_009360,Rice,Uttar Pradesh,Kanpur Nagar,Annual,2010,2.25
RICE_009361,Rice,Uttar Pradesh,Kasganj/Khansi Ram Nagar,Annual,2010,2.111
RICE_009362,Rice,Uttar Pradesh,Kheri,Annual,2010,2.129
RICE_009363,Rice,Uttar Pradesh,Kushambi,Annual,2010,2.018
RICE_009364,Rice,Uttar Pradesh,Kushi Nagar / Padrauna,Annual,2010,2.319
RICE_009365,Rice,Uttar Pradesh,Lalitpur,Annual,2010,0.68
RICE_009366,Rice,Uttar Pradesh,Lucknow,Annual,2010,1.913
RICE_009367,Rice,Uttar Pradesh,Mahoba,Annual,2010,1.184
RICE_009368,Rice,Uttar Pradesh,Mahrajgani,Annual,2010,2.171
RICE_009369,Rice,Uttar Pradesh,Mainpuri,Annual,2010,2.404
RICE_009370,Rice,Uttar Pradesh,Mathura,Annual,2010,2.131
RICE_009371,Rice,Uttar Pradesh,Mau,Annual,2010,1.853
RICE_009372,Rice,Uttar Pradesh,Meerut,Annual,2010,2.19
RICE_009373,Rice,Uttar Pradesh,Mirzpur,Annual,2010,1.961
RICE_009374,Rice,Uttar Pradesh,Moradabad,Annual,2010,1.8
RICE_009375,Rice,Uttar Pradesh,Muzaffarnagar,Annual,2010,2.237
RICE_009376,Rice,Uttar Pradesh,Pilibhit,Annual,2010,2.486
RICE_009377,Rice,Uttar Pradesh,Pratapgarh,Annual,2010,2.01
RICE_009378,Rice,Uttar Pradesh,Rae-Bareily,Annual,2010,2.136
RICE_009379,Rice,Uttar Pradesh,Rampur,Annual,2010,1.922
RICE_009380,Rice,Uttar Pradesh,Saharanpur,Annual,2010,2.185
RICE_009381,Rice,Uttar Pradesh,Santh Kabir Nagar,Annual,2010,1.925
RICE_009382,Rice,Uttar Pradesh,Santh Ravi Das Nagar / Bhadoi,Annual,2010,2.053
RICE_009383,Rice,Uttar Pradesh,Shahjahanpur,Annual,2010,2.138
RICE_009384,Rice,Uttar Pradesh,Shravasti,Annual,2010,1.905
RICE_009385,Rice,Uttar Pradesh,Sidharthnagar,Annual,2010,2.372
RICE_009386,Rice,Uttar Pradesh,Sitapur,Annual,2010,1.976
RICE_009387,Rice,Uttar Pradesh,Sonbhadra,Annual,2010,1.581
RICE_009388,Rice,Uttar Pradesh,Sultanpur,Annual,2010,2.406
RICE_009389,Rice,Uttar Pradesh,Unnao,Annual,2010,1.662
RICE_009390,Rice,Uttar Pradesh,Varanasi,Annual,2010,2.011
RICE_009391,Rice,Uttarakhand,Almorah,Annual,2010,1.031
RICE_009392,Rice,Uttarakhand,Bageshwar,Annual,2010,1.206
RICE_009393,Rice,Uttarakhand,Chamoli,Annual,2010,1.413
RICE_009394,Rice,Uttarakhand,Champavat,Annual,2010,1.032
RICE_009395,Rice,Uttarakhand,Dehradun,Annual,2010,1.95
RICE_009396,Rice,Uttarakhand,Garhwal,Annual,2010,1.085
RICE_009397,Rice,Uttarakhand,Haridwar,Annual,2010,1.606
RICE_009398,Rice,Uttarakhand,Nainital,Annual,2010,2.345
RICE_009399,Rice,Uttarakhand,Pithorgarh,Annual,2010,1.263
RICE_009400,Rice,Uttarakhand,Rudraprayag,Annual,2010,1.532
RICE_009401,Rice,Uttarakhand,Tehri Garhwal,Annual,2010,1.462
RICE_009402,Rice,Uttarakhand,Udham Singh Nagar,Annual,2010,2.569
RICE_009403,Rice,Uttarakhand,Uttar Kashi,Annual,2010,1.648
RICE_009404,Rice,West Bengal,24-Paraganas North,Annual,2010,2.711
RICE_009405,Rice,West Bengal,24-Paraganas South,Annual,2010,2.302
RICE_009406,Rice,West Bengal,Bankura,Annual,2010,2.563
RICE_009407,Rice,West Bengal,Birbhum,Annual,2010,3.003
RICE_009408,Rice,West Bengal,Burdwan,Annual,2010,2.96
RICE_009409,Rice,West Bengal,Cooch Behar,Annual,2010,2.386
RICE_009410,Rice,West Bengal,Dakshin Dinajpur,Annual,2010,2.955
RICE_009411,Rice,West Bengal,Darjeeling,Annual,2010,2.412
RICE_009412,Rice,West Bengal,East Midnapore / Purba Midnapore,Annual,2010,2.734
RICE_009413,Rice,West Bengal,Hooghly,Annual,2010,3.093
RICE_009414,Rice,West Bengal,Jalpaiguri,Annual,2010,2.203
RICE_009415,Rice,West Bengal,Jhargram,Annual,2010,2.639
RICE_009416,Rice,West Bengal,Malda,Annual,2010,3.14
RICE_009417,Rice,West Bengal,Murshidabad,Annual,2010,2.833
RICE_009418,Rice,West Bengal,Nadia,Annual,2010,2.759
RICE_009419,Rice,West Bengal,Purulia,Annual,2010,1.712
RICE_009420,Rice,West Bengal,Uttar Dinajpur,Annual,2010,2.627
RICE_009421,Rice,West Bengal,West Midnapore,Annual,2010,2.787
RICE_009422,Rice,Andhra Pradesh,Anantapur,Annual,2011,2.467
RICE_009423,Rice,Andhra Pradesh,Chittoor,Annual,2011,3.305
RICE_009424,Rice,Andhra Pradesh,East Godavari,Annual,2011,3.491
RICE_009425,Rice,Andhra Pradesh,Guntur,Annual,2011,3.825
RICE_009426,Rice,Andhra Pradesh,Kadapa Ysr,Annual,2011,2.944
RICE_009427,Rice,Andhra Pradesh,Krishna,Annual,2011,3.719
RICE_009428,Rice,Andhra Pradesh,Kurnool,Annual,2011,3.56
RICE_009429,Rice,Andhra Pradesh,Prakasam,Annual,2011,3.603
RICE_009430,Rice,Andhra Pradesh,S.P.S. Nellore,Annual,2011,4.052
RICE_009431,Rice,Andhra Pradesh,Srikakulam,Annual,2011,1.919
RICE_009432,Rice,Andhra Pradesh,Visakhapatnam,Annual,2011,1.514
RICE_009433,Rice,Andhra Pradesh,Vizianagaram,Annual,2011,2.149
RICE_009434,Rice,Andhra Pradesh,West Godavari,Annual,2011,3.597
RICE_009435,Rice,Assam,Baksa,Annual,2011,1.761
RICE_009436,Rice,Assam,Barpeta,Annual,2011,1.89
RICE_009437,Rice,Assam,Bongaigaon,Annual,2011,1.56
RICE_009438,Rice,Assam,Cachar,Annual,2011,1.937
RICE_009439,Rice,Assam,Chirang,Annual,2011,1.188
RICE_009440,Rice,Assam,Darrang,Annual,2011,2.276
RICE_009441,Rice,Assam,Dhemaji,Annual,2011,1.366
RICE_009442,Rice,Assam,Dhubri,Annual,2011,2.431
RICE_009443,Rice,Assam,Dibrugarh,Annual,2011,1.36
RICE_009444,Rice,Assam,Goalpara,Annual,2011,1.884
RICE_009445,Rice,Assam,Golaghat,Annual,2011,2.139
RICE_009446,Rice,Assam,Hailakandi,Annual,2011,2.218
RICE_009447,Rice,Assam,Jorhat,Annual,2011,1.812
RICE_009448,Rice,Assam,Kamrup,Annual,2011,1.922
RICE_009449,Rice,Assam,Kamrup (Metro),Annual,2011,2.185
RICE_009450,Rice,Assam,Karbi Anglong,Annual,2011,1.435
RICE_009451,Rice,Assam,Karimganj,Annual,2011,2.683
RICE_009452,Rice,Assam,Kokrajhar,Annual,2011,1.748
RICE_009453,Rice,Assam,Lakhimpur,Annual,2011,1.73
RICE_009454,Rice,Assam,Marigaon,Annual,2011,2.289
RICE_009455,Rice,Assam,Nagaon,Annual,2011,1.688
RICE_009456,Rice,Assam,Nalbari,Annual,2011,1.768
RICE_009457,Rice,Assam,North Cachar Hil,Annual,2011,2.318
RICE_009458,Rice,Assam,Sibsagar,Annual,2011,2.206
RICE_009459,Rice,Assam,Sonitpur,Annual,2011,1.791
RICE_009460,Rice,Assam,Tinsukia,Annual,2011,1.826
RICE_009461,Rice,Assam,Udalguri,Annual,2011,1.402
RICE_009462,Rice,Bihar,Araria,Annual,2011,1.953
RICE_009463,Rice,Bihar,Arwal,Annual,2011,3.066
RICE_009464,Rice,Bihar,Aurangabad,Annual,2011,3.304
RICE_009465,Rice,Bihar,Banka,Annual,2011,3.915
RICE_009466,Rice,Bihar,Begusarai,Annual,2011,1.748
RICE_009467,Rice,Bihar,Bhabhua / Kaimur,Annual,2011,3.493
RICE_009468,Rice,Bihar,Bhagalpur,Annual,2011,3.043
RICE_009469,Rice,Bihar,Bhojpur,Annual,2011,3.295
RICE_009470,Rice,Bihar,Buxar,Annual,2011,3.523
RICE_009471,Rice,Bihar,Champaran (East),Annual,2011,1.989
RICE_009472,Rice,Bihar,Champaran (West),Annual,2011,2.405
RICE_009473,Rice,Bihar,Darbhanga,Annual,2011,1.804
RICE_009474,Rice,Bihar,Gaya,Annual,2011,3.221
RICE_009475,Rice,Bihar,Gopalganj,Annual,2011,2.041
RICE_009476,Rice,Bihar,Jamui,Annual,2011,2.083
RICE_009477,Rice,Bihar,Jehanabad,Annual,2011,2.822
RICE_009478,Rice,Bihar,Katihar,Annual,2011,2.016
RICE_009479,Rice,Bihar,Khagaria,Annual,2011,1.468
RICE_009480,Rice,Bihar,Kishanganj,Annual,2011,2.133
RICE_009481,Rice,Bihar,Lakhisarai,Annual,2011,1.921
RICE_009482,Rice,Bihar,Madhepura,Annual,2011,1.406
RICE_009483,Rice,Bihar,Madhubani,Annual,2011,1.635
RICE_009484,Rice,Bihar,Mungair,Annual,2011,2.122
RICE_009485,Rice,Bihar,Muzaffarpur,Annual,2011,2.278
RICE_009486,Rice,Bihar,Nalanda,Annual,2011,2.749
RICE_009487,Rice,Bihar,Nawada,Annual,2011,2.939
RICE_009488,Rice,Bihar,Patna,Annual,2011,2.784
RICE_009489,Rice,Bihar,Purnea,Annual,2011,1.995
RICE_009490,Rice,Bihar,Rohtas,Annual,2011,4.326
RICE_009491,Rice,Bihar,Saharsa,Annual,2011,1.938
RICE_009492,Rice,Bihar,Samastipur,Annual,2011,2.041
RICE_009493,Rice,Bihar,Saran,Annual,2011,1.752
RICE_009494,Rice,Bihar,Sheikapura,Annual,2011,2.253
RICE_009495,Rice,Bihar,Sheohar,Annual,2011,2.554
RICE_009496,Rice,Bihar,Sitamarhi,Annual,2011,1.611
RICE_009497,Rice,Bihar,Siwan,Annual,2011,1.91
RICE_009498,Rice,Bihar,Supaul,Annual,2011,1.443
RICE_009499,Rice,Bihar,Vaishali,Annual,2011,2.267
RICE_009500,Rice,Chhattisgarh,Balod,Annual,2011,1.849
RICE_009501,Rice,Chhattisgarh,Baloda Bazar,Annual,2011,1.175
RICE_009502,Rice,Chhattisgarh,Balrampur,Annual,2011,1.37
RICE_009503,Rice,Chhattisgarh,Bastar,Annual,2011,1.061
RICE_009504,Rice,Chhattisgarh,Bemetra,Annual,2011,1.746
RICE_009505,Rice,Chhattisgarh,Bijapur,Annual,2011,1.422
RICE_009506,Rice,Chhattisgarh,Bilaspur,Annual,2011,1.835
RICE_009507,Rice,Chhattisgarh,Dantewara,Annual,2011,1.273
RICE_009508,Rice,Chhattisgarh,Dhamtari,Annual,2011,2.494
RICE_009509,Rice,Chhattisgarh,Durg,Annual,2011,1.922
RICE_009510,Rice,Chhattisgarh,Gariaband,Annual,2011,1.144
RICE_009511,Rice,Chhattisgarh,Janjgir,Annual,2011,2.629
RICE_009512,Rice,Chhattisgarh,Jashpur,Annual,2011,1.486
RICE_009513,Rice,Chhattisgarh,Kanker,Annual,2011,1.388
RICE_009514,Rice,Chhattisgarh,Kawardha,Annual,2011,1.62
RICE_009515,Rice,Chhattisgarh,Kondagaon,Annual,2011,1.057
RICE_009516,Rice,Chhattisgarh,Korba,Annual,2011,1.391
RICE_009517,Rice,Chhattisgarh,Koriya,Annual,2011,1.499
RICE_009518,Rice,Chhattisgarh,Mahasmund,Annual,2011,1.417
RICE_009519,Rice,Chhattisgarh,Mungli,Annual,2011,1.975
RICE_009520,Rice,Chhattisgarh,Narayanpur,Annual,2011,1.09
RICE_009521,Rice,Chhattisgarh,Raigarh,Annual,2011,1.389
RICE_009522,Rice,Chhattisgarh,Raipur,Annual,2011,1.301
RICE_009523,Rice,Chhattisgarh,Rajnandgaon,Annual,2011,1.658
RICE_009524,Rice,Chhattisgarh,Sukma,Annual,2011,1.279
RICE_009525,Rice,Chhattisgarh,Surajpur,Annual,2011,1.38
RICE_009526,Rice,Chhattisgarh,Surguja,Annual,2011,1.398
RICE_009527,Rice,Gujarat,Ahmedabad,Annual,2011,2.747
RICE_009528,Rice,Gujarat,Anand,Annual,2011,2.231
RICE_009529,Rice,Gujarat,Bharuch,Annual,2011,1.939
RICE_009530,Rice,Gujarat,Dahod,Annual,2011,0.876
RICE_009531,Rice,Gujarat,Dangs,Annual,2011,1.706
RICE_009532,Rice,Gujarat,Gandhinagar,Annual,2011,2.284
RICE_009533,Rice,Gujarat,Junagadh,Annual,2011,2.5
RICE_009534,Rice,Gujarat,Kheda,Annual,2011,2.251
RICE_009535,Rice,Gujarat,Mehsana,Annual,2011,1.796
RICE_009536,Rice,Gujarat,Narmada,Annual,2011,0.821
RICE_009537,Rice,Gujarat,Navsari,Annual,2011,2.696
RICE_009538,Rice,Gujarat,Panchmahal,Annual,2011,1.274
RICE_009539,Rice,Gujarat,Sabarkantha,Annual,2011,2.373
RICE_009540,Rice,Gujarat,Surat,Annual,2011,2.676
RICE_009541,Rice,Gujarat,Surendranagar,Annual,2011,2.4
RICE_009542,Rice,Gujarat,Tapi,Annual,2011,2.156
RICE_009543,Rice,Gujarat,Vadodara,Annual,2011,1.245
RICE_009544,Rice,Gujarat,Valsad,Annual,2011,2.197
RICE_009545,Rice,Haryana,Ambala,Annual,2011,3.898
RICE_009546,Rice,Haryana,Bhiwani,Annual,2011,2.629
RICE_009547,Rice,Haryana,Faridabad,Annual,2011,2.435
RICE_009548,Rice,Haryana,Fatehabad,Annual,2011,3.731
RICE_009549,Rice,Haryana,Gurgaon,Annual,2011,3.125
RICE_009550,Rice,Haryana,Hissar,Annual,2011,2.587
RICE_009551,Rice,Haryana,Jhajjar,Annual,2011,2.161
RICE_009552,Rice,Haryana,Jind,Annual,2011,2.587
RICE_009553,Rice,Haryana,Kaithal,Annual,2011,2.901
RICE_009554,Rice,Haryana,Karnal,Annual,2011,3.036
RICE_009555,Rice,Haryana,Kurukshetra,Annual,2011,3.787
RICE_009556,Rice,Haryana,Mewat,Annual,2011,2.951
RICE_009557,Rice,Haryana,Palwal,Annual,2011,2.716
RICE_009558,Rice,Haryana,Panchkula,Annual,2011,2.717
RICE_009559,Rice,Haryana,Panipat,Annual,2011,2.645
RICE_009560,Rice,Haryana,Rewari,Annual,2011,2.727
RICE_009561,Rice,Haryana,Rohtak,Annual,2011,2.137
RICE_009562,Rice,Haryana,Sirsa,Annual,2011,3.217
RICE_009563,Rice,Haryana,Sonepat,Annual,2011,2.418
RICE_009564,Rice,Haryana,Yamunanagar,Annual,2011,3.686
RICE_009565,Rice,Himachal Pradesh,Bilashpur,Annual,2011,2.073
RICE_009566,Rice,Himachal Pradesh,Chamba,Annual,2011,1.203
RICE_009567,Rice,Himachal Pradesh,Hamirpur,Annual,2011,1.413
RICE_009568,Rice,Himachal Pradesh,Kangra,Annual,2011,1.507
RICE_009569,Rice,Himachal Pradesh,Kinnaur,Annual,2011,1.0
RICE_009570,Rice,Himachal Pradesh,Kullu,Annual,2011,1.305
RICE_009571,Rice,Himachal Pradesh,Mandi,Annual,2011,1.205
RICE_009572,Rice,Himachal Pradesh,Shimla,Annual,2011,0.916
RICE_009573,Rice,Himachal Pradesh,Sirmaur,Annual,2011,1.0
RICE_009574,Rice,Himachal Pradesh,Solan,Annual,2011,2.521
RICE_009575,Rice,Himachal Pradesh,Una,Annual,2011,2.304
RICE_009576,Rice,Jharkhand,Bokaro,Annual,2011,2.327
RICE_009577,Rice,Jharkhand,Chatra,Annual,2011,2.02
RICE_009578,Rice,Jharkhand,Devghar / Deogarh,Annual,2011,2.849
RICE_009579,Rice,Jharkhand,Dhanbad,Annual,2011,3.482
RICE_009580,Rice,Jharkhand,Gadva / Garhwa,Annual,2011,1.985
RICE_009581,Rice,Jharkhand,Giridih,Annual,2011,2.154
RICE_009582,Rice,Jharkhand,Godda,Annual,2011,1.779
RICE_009583,Rice,Jharkhand,Gumla,Annual,2011,1.788
RICE_009584,Rice,Jharkhand,Hazaribagh,Annual,2011,2.239
RICE_009585,Rice,Jharkhand,Jamtara,Annual,2011,2.561
RICE_009586,Rice,Jharkhand,Khodrama / Koderma,Annual,2011,2.135
RICE_009587,Rice,Jharkhand,Khunti,Annual,2011,1.489
RICE_009588,Rice,Jharkhand,Latehar,Annual,2011,1.098
RICE_009589,Rice,Jharkhand,Lohardagga,Annual,2011,2.868
RICE_009590,Rice,Jharkhand,Pakund / Pakur,Annual,2011,1.657
RICE_009591,Rice,Jharkhand,Palamau,Annual,2011,2.594
RICE_009592,Rice,Jharkhand,Ramgadh,Annual,2011,2.855
RICE_009593,Rice,Jharkhand,Ranchi,Annual,2011,2.59
RICE_009594,Rice,Jharkhand,Sahebganj,Annual,2011,1.551
RICE_009595,Rice,Jharkhand,Santhal Paragana / Dumka,Annual,2011,2.212
RICE_009596,Rice,Jharkhand,Sariakela / Kharsawan,Annual,2011,1.781
RICE_009597,Rice,Jharkhand,Simdega,Annual,2011,2.28
RICE_009598,Rice,Jharkhand,Singhbhum East,Annual,2011,2.27
RICE_009599,Rice,Jharkhand,Singhbhum West,Annual,2011,1.679
RICE_009600,Rice,Karnataka,Bagalkote,Annual,2011,2.753
RICE_009601,Rice,Karnataka,Bangalore (Rural),Annual,2011,3.349
RICE_009602,Rice,Karnataka,Bangalore (Urban),Annual,2011,3.623
RICE_009603,Rice,Karnataka,Belgaum,Annual,2011,1.94
RICE_009604,Rice,Karnataka,Bellary,Annual,2011,3.535
RICE_009605,Rice,Karnataka,Bidar,Annual,2011,0.687
RICE_009606,Rice,Karnataka,Bijapur,Annual,2011,2.716
RICE_009607,Rice,Karnataka,Chamaraja Nagar,Annual,2011,3.018
RICE_009608,Rice,Karnataka,Chickmagalur,Annual,2011,2.573
RICE_009609,Rice,Karnataka,Chikkaballapur,Annual,2011,3.273
RICE_009610,Rice,Karnataka,Chitradurga,Annual,2011,2.174
RICE_009611,Rice,Karnataka,Dakshina Kannada,Annual,2011,2.493
RICE_009612,Rice,Karnataka,Davanagere,Annual,2011,3.468
RICE_009613,Rice,Karnataka,Dharwad,Annual,2011,1.171
RICE_009614,Rice,Karnataka,Gadag,Annual,2011,2.438
RICE_009615,Rice,Karnataka,Gulbarga,Annual,2011,1.581
RICE_009616,Rice,Karnataka,Hassan,Annual,2011,2.473
RICE_009617,Rice,Karnataka,Haveri,Annual,2011,2.081
RICE_009618,Rice,Karnataka,Kodagu,Annual,2011,2.725
RICE_009619,Rice,Karnataka,Kolar,Annual,2011,1.674
RICE_009620,Rice,Karnataka,Koppal,Annual,2011,3.313
RICE_009621,Rice,Karnataka,Mandya,Annual,2011,3.393
RICE_009622,Rice,Karnataka,Mysore,Annual,2011,3.182
RICE_009623,Rice,Karnataka,Raichur,Annual,2011,2.862
RICE_009624,Rice,Karnataka,Ramanagaram,Annual,2011,2.688
RICE_009625,Rice,Karnataka,Shimoge,Annual,2011,2.92
RICE_009626,Rice,Karnataka,Tumkur,Annual,2011,2.801
RICE_009627,Rice,Karnataka,Udupi,Annual,2011,2.359
RICE_009628,Rice,Karnataka,Uttara Kannada,Annual,2011,2.051
RICE_009629,Rice,Karnataka,Yadagiri,Annual,2011,1.923
RICE_009630,Rice,Kerala,Alappuzha,Annual,2011,3.089
RICE_009631,Rice,Kerala,Eranakulam,Annual,2011,2.144
RICE_009632,Rice,Kerala,Idukki,Annual,2011,2.48
RICE_009633,Rice,Kerala,Kannur,Annual,2011,2.12
RICE_009634,Rice,Kerala,Kasaragod,Annual,2011,2.218
RICE_009635,Rice,Kerala,Kollam,Annual,2011,2.274
RICE_009636,Rice,Kerala,Kottayam,Annual,2011,2.97
RICE_009637,Rice,Kerala,Kozhikode,Annual,2011,1.464
RICE_009638,Rice,Kerala,Malappuram,Annual,2011,2.468
RICE_009639,Rice,Kerala,Palakkad,Annual,2011,2.672
RICE_009640,Rice,Kerala,Pathanamthitta,Annual,2011,3.208
RICE_009641,Rice,Kerala,Thiruvananthapuram,Annual,2011,2.563
RICE_009642,Rice,Kerala,Thrissur,Annual,2011,2.943
RICE_009643,Rice,Kerala,Wayanad,Annual,2011,2.615
RICE_009644,Rice,Madhya Pradesh,Alirajpur,Annual,2011,0.736
RICE_009645,Rice,Madhya Pradesh,Anuppur,Annual,2011,1.066
RICE_009646,Rice,Madhya Pradesh,Ashoknagar,Annual,2011,1.0
RICE_009647,Rice,Madhya Pradesh,Balaghat,Annual,2011,1.363
RICE_009648,Rice,Madhya Pradesh,Barwani,Annual,2011,0.8
RICE_009649,Rice,Madhya Pradesh,Betul,Annual,2011,1.563
RICE_009650,Rice,Madhya Pradesh,Bhind,Annual,2011,3.25
RICE_009651,Rice,Madhya Pradesh,Bhopal,Annual,2011,1.571
RICE_009652,Rice,Madhya Pradesh,Burhanpur,Annual,2011,1.471
RICE_009653,Rice,Madhya Pradesh,Chhatarpur,Annual,2011,0.868
RICE_009654,Rice,Madhya Pradesh,Chhindwara,Annual,2011,2.129
RICE_009655,Rice,Madhya Pradesh,Damoh,Annual,2011,1.066
RICE_009656,Rice,Madhya Pradesh,Datia,Annual,2011,1.24
RICE_009657,Rice,Madhya Pradesh,Dewas,Annual,2011,1.0
RICE_009658,Rice,Madhya Pradesh,Dhar,Annual,2011,0.846
RICE_009659,Rice,Madhya Pradesh,Dindori,Annual,2011,1.0
RICE_009660,Rice,Madhya Pradesh,Guna,Annual,2011,1.286
RICE_009661,Rice,Madhya Pradesh,Gwalior,Annual,2011,3.205
RICE_009662,Rice,Madhya Pradesh,Harda,Annual,2011,3.0
RICE_009663,Rice,Madhya Pradesh,Hoshangabad,Annual,2011,2.0
RICE_009664,Rice,Madhya Pradesh,Jabalpur,Annual,2011,1.213
RICE_009665,Rice,Madhya Pradesh,Jhabua,Annual,2011,0.693
RICE_009666,Rice,Madhya Pradesh,Katni,Annual,2011,1.355
RICE_009667,Rice,Madhya Pradesh,Khandwa,Annual,2011,1.169
RICE_009668,Rice,Madhya Pradesh,Khargone,Annual,2011,0.81
RICE_009669,Rice,Madhya Pradesh,Mandla,Annual,2011,1.027
RICE_009670,Rice,Madhya Pradesh,Morena,Annual,2011,2.75
RICE_009671,Rice,Madhya Pradesh,Narsinghpur,Annual,2011,1.792
RICE_009672,Rice,Madhya Pradesh,Panna,Annual,2011,0.995
RICE_009673,Rice,Madhya Pradesh,Raisen,Annual,2011,1.428
RICE_009674,Rice,Madhya Pradesh,Rajgarh,Annual,2011,0.833
RICE_009675,Rice,Madhya Pradesh,Ratlam,Annual,2011,0.947
RICE_009676,Rice,Madhya Pradesh,Rewa,Annual,2011,1.178
RICE_009677,Rice,Madhya Pradesh,Sagar,Annual,2011,0.794
RICE_009678,Rice,Madhya Pradesh,Satna,Annual,2011,1.649
RICE_009679,Rice,Madhya Pradesh,Sehore,Annual,2011,1.694
RICE_009680,Rice,Madhya Pradesh,Seoni,Annual,2011,1.455
RICE_009681,Rice,Madhya Pradesh,Shahdol,Annual,2011,1.841
RICE_009682,Rice,Madhya Pradesh,Shajapur,Annual,2011,1.0
RICE_009683,Rice,Madhya Pradesh,Sheopur Kalan,Annual,2011,2.98
RICE_009684,Rice,Madhya Pradesh,Shivpuri,Annual,2011,1.578
RICE_009685,Rice,Madhya Pradesh,Sidhi,Annual,2011,1.077
RICE_009686,Rice,Madhya Pradesh,Singrauli,Annual,2011,0.661
RICE_009687,Rice,Madhya Pradesh,Tikamgarh,Annual,2011,0.726
RICE_009688,Rice,Madhya Pradesh,Umaria,Annual,2011,1.008
RICE_009689,Rice,Madhya Pradesh,Vidisha,Annual,2011,1.0
RICE_009690,Rice,Maharashtra,Ahmednagar,Annual,2011,0.987
RICE_009691,Rice,Maharashtra,Amarawati,Annual,2011,0.756
RICE_009692,Rice,Maharashtra,Beed,Annual,2011,0.466
RICE_009693,Rice,Maharashtra,Bhandara,Annual,2011,1.732
RICE_009694,Rice,Maharashtra,Chandrapur,Annual,2011,1.271
RICE_009695,Rice,Maharashtra,Dhule,Annual,2011,0.671
RICE_009696,Rice,Maharashtra,Gadchiroli,Annual,2011,1.206
RICE_009697,Rice,Maharashtra,Gondia,Annual,2011,1.734
RICE_009698,Rice,Maharashtra,Hingoli,Annual,2011,0.333
RICE_009699,Rice,Maharashtra,Jalgaon,Annual,2011,1.5
RICE_009700,Rice,Maharashtra,Kolhapur,Annual,2011,2.678
RICE_009701,Rice,Maharashtra,Latur,Annual,2011,0.478
RICE_009702,Rice,Maharashtra,Nagpur,Annual,2011,1.515
RICE_009703,Rice,Maharashtra,Nanded,Annual,2011,0.375
RICE_009704,Rice,Maharashtra,Nandurbar,Annual,2011,1.634
RICE_009705,Rice,Maharashtra,Nasik,Annual,2011,1.237
RICE_009706,Rice,Maharashtra,Osmanabad,Annual,2011,0.383
RICE_009707,Rice,Maharashtra,Parbhani,Annual,2011,0.353
RICE_009708,Rice,Maharashtra,Pune,Annual,2011,1.381
RICE_009709,Rice,Maharashtra,Raigad,Annual,2011,2.415
RICE_009710,Rice,Maharashtra,Ratnagiri,Annual,2011,2.921
RICE_009711,Rice,Maharashtra,Sangli,Annual,2011,1.862
RICE_009712,Rice,Maharashtra,Satara,Annual,2011,1.644
RICE_009713,Rice,Maharashtra,Sindhudurg,Annual,2011,2.706
RICE_009714,Rice,Maharashtra,Solapur,Annual,2011,0.286
RICE_009715,Rice,Maharashtra,Thane,Annual,2011,2.45
RICE_009716,Rice,Maharashtra,Washim,Annual,2011,1.0
RICE_009717,Rice,Maharashtra,Yeotmal,Annual,2011,1.0
RICE_009718,Rice,Orissa,Angul,Annual,2011,0.989
RICE_009719,Rice,Orissa,Balasore,Annual,2011,2.149
RICE_009720,Rice,Orissa,Bargarh,Annual,2011,2.157
RICE_009721,Rice,Orissa,Bhadrak,Annual,2011,1.666
RICE_009722,Rice,Orissa,Bolangir,Annual,2011,0.43
RICE_009723,Rice,Orissa,Boudh,Annual,2011,1.194
RICE_009724,Rice,Orissa,Cuttack,Annual,2011,1.916
RICE_009725,Rice,Orissa,Deogarh,Annual,2011,1.641
RICE_009726,Rice,Orissa,Dhenkanal,Annual,2011,2.103
RICE_009727,Rice,Orissa,Gajapati,Annual,2011,1.031
RICE_009728,Rice,Orissa,Ganjam,Annual,2011,0.594
RICE_009729,Rice,Orissa,Jagatsinghapur,Annual,2011,2.435
RICE_009730,Rice,Orissa,Jajapur,Annual,2011,1.117
RICE_009731,Rice,Orissa,Jharsuguda,Annual,2011,1.22
RICE_009732,Rice,Orissa,Kalahandi,Annual,2011,0.966
RICE_009733,Rice,Orissa,Kendrapara,Annual,2011,1.527
RICE_009734,Rice,Orissa,Keonjhar,Annual,2011,1.713
RICE_009735,Rice,Orissa,Khurda,Annual,2011,1.567
RICE_009736,Rice,Orissa,Koraput,Annual,2011,1.471
RICE_009737,Rice,Orissa,Malkangiri,Annual,2011,0.571
RICE_009738,Rice,Orissa,Mayurbhanja,Annual,2011,1.884
RICE_009739,Rice,Orissa,Nawarangpur,Annual,2011,0.704
RICE_009740,Rice,Orissa,Nayagarh,Annual,2011,0.648
RICE_009741,Rice,Orissa,Nuapada,Annual,2011,0.792
RICE_009742,Rice,Orissa,Phulbani ( Kandhamal ),Annual,2011,1.145
RICE_009743,Rice,Orissa,Puri,Annual,2011,1.513
RICE_009744,Rice,Orissa,Rayagada,Annual,2011,1.256
RICE_009745,Rice,Orissa,Sambalpur,Annual,2011,1.816
RICE_009746,Rice,Orissa,Sonepur,Annual,2011,2.202
RICE_009747,Rice,Orissa,Sundargarh,Annual,2011,1.794
RICE_009748,Rice,Punjab,Amritsar,Annual,2011,2.62
RICE_009749,Rice,Punjab,Barnala,Annual,2011,4.371
RICE_009750,Rice,Punjab,Bhatinda,Annual,2011,4.05
RICE_009751,Rice,Punjab,Faridkot,Annual,2011,4.01
RICE_009752,Rice,Punjab,Fatehgarh Sahib,Annual,2011,4.233
RICE_009753,Rice,Punjab,Ferozpur,Annual,2011,3.459
RICE_009754,Rice,Punjab,Gurdaspur,Annual,2011,3.722
RICE_009755,Rice,Punjab,Hoshiarpur,Annual,2011,3.635
RICE_009756,Rice,Punjab,Jalandhar,Annual,2011,3.533
RICE_009757,Rice,Punjab,Kapurthala,Annual,2011,3.669
RICE_009758,Rice,Punjab,Ludhiana,Annual,2011,4.257
RICE_009759,Rice,Punjab,Mansa,Annual,2011,3.946
RICE_009760,Rice,Punjab,Moga,Annual,2011,4.362
RICE_009761,Rice,Punjab,Patiala,Annual,2011,3.859
RICE_009762,Rice,Punjab,Roopnagar,Annual,2011,3.342
RICE_009763,Rice,Punjab,S.A.S Nagar,Annual,2011,3.719
RICE_009764,Rice,Punjab,S.B.S Nagar,Annual,2011,3.965
RICE_009765,Rice,Punjab,Sangrur,Annual,2011,4.336
RICE_009766,Rice,Punjab,Shri Mukatsar Sahib,Annual,2011,3.558
RICE_009767,Rice,Punjab,Taran Taran,Annual,2011,2.832
RICE_009768,Rice,Rajasthan,Ajmer,Annual,2011,1.889
RICE_009769,Rice,Rajasthan,Alwar,Annual,2011,1.885
RICE_009770,Rice,Rajasthan,Banswara,Annual,2011,1.29
RICE_009771,Rice,Rajasthan,Baran,Annual,2011,2.241
RICE_009772,Rice,Rajasthan,Bharatpur,Annual,2011,2.536
RICE_009773,Rice,Rajasthan,Bhilwara,Annual,2011,1.885
RICE_009774,Rice,Rajasthan,Bikaner,Annual,2011,1.882
RICE_009775,Rice,Rajasthan,Bundi,Annual,2011,1.631
RICE_009776,Rice,Rajasthan,Chittorgarh,Annual,2011,1.887
RICE_009777,Rice,Rajasthan,Dholpur,Annual,2011,1.886
RICE_009778,Rice,Rajasthan,Dungarpur,Annual,2011,0.777
RICE_009779,Rice,Rajasthan,Ganganagar,Annual,2011,3.507
RICE_009780,Rice,Rajasthan,Hanumangarh,Annual,2011,3.025
RICE_009781,Rice,Rajasthan,Jhalawar,Annual,2011,4.091
RICE_009782,Rice,Rajasthan,Karoli,Annual,2011,1.213
RICE_009783,Rice,Rajasthan,Kota,Annual,2011,2.33
RICE_009784,Rice,Rajasthan,Pratapgarh,Annual,2011,1.886
RICE_009785,Rice,Rajasthan,Rajsamand,Annual,2011,1.885
RICE_009786,Rice,Rajasthan,Swami Madhopur,Annual,2011,1.886
RICE_009787,Rice,Rajasthan,Udaipur,Annual,2011,1.044
RICE_009788,Rice,Tamil Nadu,Ariyalur,Annual,2011,4.036
RICE_009789,Rice,Tamil Nadu,Chengalpattu Mgr / Kancheepuram,Annual,2011,4.373
RICE_009790,Rice,Tamil Nadu,Chidambanar / Toothukudi,Annual,2011,3.427
RICE_009791,Rice,Tamil Nadu,Coimbatore,Annual,2011,3.989
RICE_009792,Rice,Tamil Nadu,Dharmapuri,Annual,2011,4.737
RICE_009793,Rice,Tamil Nadu,Dindigul Anna,Annual,2011,5.396
RICE_009794,Rice,Tamil Nadu,Kanyakumari,Annual,2011,5.423
RICE_009795,Rice,Tamil Nadu,Karur,Annual,2011,3.847
RICE_009796,Rice,Tamil Nadu,Krishnagiri,Annual,2011,4.547
RICE_009797,Rice,Tamil Nadu,Madurai,Annual,2011,4.635
RICE_009798,Rice,Tamil Nadu,Nagapattinam,Annual,2011,3.393
RICE_009799,Rice,Tamil Nadu,Namakkal,Annual,2011,4.397
RICE_009800,Rice,Tamil Nadu,North Arcot / Vellore,Annual,2011,3.982
RICE_009801,Rice,Tamil Nadu,Perambular,Annual,2011,4.464
RICE_009802,Rice,Tamil Nadu,Periyar (Erode),Annual,2011,4.281
RICE_009803,Rice,Tamil Nadu,Pudukkottai,Annual,2011,3.61
RICE_009804,Rice,Tamil Nadu,Ramananthapuram,Annual,2011,3.398
RICE_009805,Rice,Tamil Nadu,Salem,Annual,2011,4.517
RICE_009806,Rice,Tamil Nadu,Sivagangai / Pasumpon,Annual,2011,3.702
RICE_009807,Rice,Tamil Nadu,South Arcot / Cuddalore,Annual,2011,2.052
RICE_009808,Rice,Tamil Nadu,Thanjavur,Annual,2011,3.995
RICE_009809,Rice,Tamil Nadu,The Nilgiris,Annual,2011,4.125
RICE_009810,Rice,Tamil Nadu,Theni,Annual,2011,5.37
RICE_009811,Rice,Tamil Nadu,Thirunelveli,Annual,2011,4.852
RICE_009812,Rice,Tamil Nadu,Thiruppur,Annual,2011,4.611
RICE_009813,Rice,Tamil Nadu,Thiruvallur,Annual,2011,3.952
RICE_009814,Rice,Tamil Nadu,Thiruvannamalai,Annual,2011,4.731
RICE_009815,Rice,Tamil Nadu,Tiruchirapalli / Trichy,Annual,2011,4.731
RICE_009816,Rice,Tamil Nadu,Tiruvarur,Annual,2011,5.297
RICE_009817,Rice,Tamil Nadu,Villupuram,Annual,2011,3.632
RICE_009818,Rice,Tamil Nadu,Virudhunagar / Kamarajar,Annual,2011,3.995
RICE_009819,Rice,Telangana,Adilabad,Annual,2011,2.617
RICE_009820,Rice,Telangana,Karimnagar,Annual,2011,3.262
RICE_009821,Rice,Telangana,Khammam,Annual,2011,2.49
RICE_009822,Rice,Telangana,Mahabubnagar,Annual,2011,2.305
RICE_009823,Rice,Telangana,Medak,Annual,2011,2.97
RICE_009824,Rice,Telangana,Nalgonda,Annual,2011,2.941
RICE_009825,Rice,Telangana,Nizamabad,Annual,2011,3.742
RICE_009826,Rice,Telangana,Rangareddy,Annual,2011,2.361
RICE_009827,Rice,Telangana,Warangal,Annual,2011,2.558
RICE_009828,Rice,Uttar Pradesh,Agra,Annual,2011,2.498
RICE_009829,Rice,Uttar Pradesh,Aligarh,Annual,2011,2.18
RICE_009830,Rice,Uttar Pradesh,Allahabad,Annual,2011,2.556
RICE_009831,Rice,Uttar Pradesh,Ambedkar Nagar,Annual,2011,2.696
RICE_009832,Rice,Uttar Pradesh,Amethi/C.S.M. Nagar,Annual,2011,2.279
RICE_009833,Rice,Uttar Pradesh,Amroha/J.B.Fulenagar,Annual,2011,2.046
RICE_009834,Rice,Uttar Pradesh,Auraiya,Annual,2011,2.887
RICE_009835,Rice,Uttar Pradesh,Azamgarh,Annual,2011,2.229
RICE_009836,Rice,Uttar Pradesh,Bagpat,Annual,2011,2.815
RICE_009837,Rice,Uttar Pradesh,Bahraich,Annual,2011,2.206
RICE_009838,Rice,Uttar Pradesh,Ballia,Annual,2011,2.54
RICE_009839,Rice,Uttar Pradesh,Balrampur,Annual,2011,2.196
RICE_009840,Rice,Uttar Pradesh,Banda,Annual,2011,1.479
RICE_009841,Rice,Uttar Pradesh,Barabanki,Annual,2011,2.762
RICE_009842,Rice,Uttar Pradesh,Bareilly,Annual,2011,2.51
RICE_009843,Rice,Uttar Pradesh,Basti,Annual,2011,2.597
RICE_009844,Rice,Uttar Pradesh,Bijnor,Annual,2011,2.395
RICE_009845,Rice,Uttar Pradesh,Budaun,Annual,2011,2.133
RICE_009846,Rice,Uttar Pradesh,Buland Shahar,Annual,2011,2.388
RICE_009847,Rice,Uttar Pradesh,Chandauli,Annual,2011,2.718
RICE_009848,Rice,Uttar Pradesh,Chitrakoot,Annual,2011,1.019
RICE_009849,Rice,Uttar Pradesh,Deoria,Annual,2011,2.203
RICE_009850,Rice,Uttar Pradesh,Etah,Annual,2011,2.526
RICE_009851,Rice,Uttar Pradesh,Etawah,Annual,2011,2.714
RICE_009852,Rice,Uttar Pradesh,Faizabad,Annual,2011,2.385
RICE_009853,Rice,Uttar Pradesh,Farrukhabad,Annual,2011,2.256
RICE_009854,Rice,Uttar Pradesh,Fatehpur,Annual,2011,2.338
RICE_009855,Rice,Uttar Pradesh,Firozabad,Annual,2011,2.844
RICE_009856,Rice,Uttar Pradesh,G.B.Nagar,Annual,2011,2.247
RICE_009857,Rice,Uttar Pradesh,Ghaziabad,Annual,2011,2.616
RICE_009858,Rice,Uttar Pradesh,Ghazipur,Annual,2011,2.286
RICE_009859,Rice,Uttar Pradesh,Gonda,Annual,2011,2.292
RICE_009860,Rice,Uttar Pradesh,Gorakhpur,Annual,2011,2.193
RICE_009861,Rice,Uttar Pradesh,Hamirpur,Annual,2011,1.39
RICE_009862,Rice,Uttar Pradesh,Hapur,Annual,2011,2.774
RICE_009863,Rice,Uttar Pradesh,Hardoi,Annual,2011,2.251
RICE_009864,Rice,Uttar Pradesh,Hathras,Annual,2011,2.103
RICE_009865,Rice,Uttar Pradesh,Jalaun,Annual,2011,1.845
RICE_009866,Rice,Uttar Pradesh,Jaunpur,Annual,2011,2.239
RICE_009867,Rice,Uttar Pradesh,Jhansi,Annual,2011,1.988
RICE_009868,Rice,Uttar Pradesh,Kannauj,Annual,2011,2.911
RICE_009869,Rice,Uttar Pradesh,Kanpur Dehat,Annual,2011,2.675
RICE_009870,Rice,Uttar Pradesh,Kanpur Nagar,Annual,2011,2.714
RICE_009871,Rice,Uttar Pradesh,Kasganj/Khansi Ram Nagar,Annual,2011,2.586
RICE_009872,Rice,Uttar Pradesh,Kheri,Annual,2011,2.441
RICE_009873,Rice,Uttar Pradesh,Kushambi,Annual,2011,2.427
RICE_009874,Rice,Uttar Pradesh,Kushi Nagar / Padrauna,Annual,2011,2.384
RICE_009875,Rice,Uttar Pradesh,Lalitpur,Annual,2011,0.575
RICE_009876,Rice,Uttar Pradesh,Lucknow,Annual,2011,2.008
RICE_009877,Rice,Uttar Pradesh,Mahoba,Annual,2011,1.378
RICE_009878,Rice,Uttar Pradesh,Mahrajgani,Annual,2011,2.352
RICE_009879,Rice,Uttar Pradesh,Mainpuri,Annual,2011,2.527
RICE_009880,Rice,Uttar Pradesh,Mathura,Annual,2011,2.262
RICE_009881,Rice,Uttar Pradesh,Mau,Annual,2011,2.388
RICE_009882,Rice,Uttar Pradesh,Meerut,Annual,2011,2.563
RICE_009883,Rice,Uttar Pradesh,Mirzpur,Annual,2011,2.169
RICE_009884,Rice,Uttar Pradesh,Moradabad,Annual,2011,2.034
RICE_009885,Rice,Uttar Pradesh,Muzaffarnagar,Annual,2011,2.248
RICE_009886,Rice,Uttar Pradesh,Pilibhit,Annual,2011,2.807
RICE_009887,Rice,Uttar Pradesh,Pratapgarh,Annual,2011,2.317
RICE_009888,Rice,Uttar Pradesh,Rae-Bareily,Annual,2011,2.27
RICE_009889,Rice,Uttar Pradesh,Rampur,Annual,2011,2.185
RICE_009890,Rice,Uttar Pradesh,Saharanpur,Annual,2011,2.286
RICE_009891,Rice,Uttar Pradesh,Sambhal,Annual,2011,2.269
RICE_009892,Rice,Uttar Pradesh,Santh Kabir Nagar,Annual,2011,2.116
RICE_009893,Rice,Uttar Pradesh,Santh Ravi Das Nagar / Bhadoi,Annual,2011,2.429
RICE_009894,Rice,Uttar Pradesh,Shahjahanpur,Annual,2011,2.604
RICE_009895,Rice,Uttar Pradesh,Shamli,Annual,2011,2.418
RICE_009896,Rice,Uttar Pradesh,Shravasti,Annual,2011,1.835
RICE_009897,Rice,Uttar Pradesh,Sidharthnagar,Annual,2011,2.576
RICE_009898,Rice,Uttar Pradesh,Sitapur,Annual,2011,2.221
RICE_009899,Rice,Uttar Pradesh,Sonbhadra,Annual,2011,1.975
RICE_009900,Rice,Uttar Pradesh,Sultanpur,Annual,2011,2.446
RICE_009901,Rice,Uttar Pradesh,Unnao,Annual,2011,1.777
RICE_009902,Rice,Uttar Pradesh,Varanasi,Annual,2011,2.22
RICE_009903,Rice,Uttarakhand,Almorah,Annual,2011,1.134
RICE_009904,Rice,Uttarakhand,Bageshwar,Annual,2011,1.417
RICE_009905,Rice,Uttarakhand,Chamoli,Annual,2011,1.323
RICE_009906,Rice,Uttarakhand,Champavat,Annual,2011,1.24
RICE_009907,Rice,Uttarakhand,Dehradun,Annual,2011,2.117
RICE_009908,Rice,Uttarakhand,Garhwal,Annual,2011,1.154
RICE_009909,Rice,Uttarakhand,Haridwar,Annual,2011,1.985
RICE_009910,Rice,Uttarakhand,Nainital,Annual,2011,2.829
RICE_009911,Rice,Uttarakhand,Pithorgarh,Annual,2011,1.289
RICE_009912,Rice,Uttarakhand,Rudraprayag,Annual,2011,1.404
RICE_009913,Rice,Uttarakhand,Tehri Garhwal,Annual,2011,1.488
RICE_009914,Rice,Uttarakhand,Udham Singh Nagar,Annual,2011,2.954
RICE_009915,Rice,Uttarakhand,Uttar Kashi,Annual,2011,1.616
RICE_009916,Rice,West Bengal,24-Paraganas North,Annual,2011,2.698
RICE_009917,Rice,West Bengal,24-Paraganas South,Annual,2011,2.322
RICE_009918,Rice,West Bengal,Bankura,Annual,2011,2.97
RICE_009919,Rice,West Bengal,Birbhum,Annual,2011,2.913
RICE_009920,Rice,West Bengal,Burdwan,Annual,2011,2.951
RICE_009921,Rice,West Bengal,Cooch Behar,Annual,2011,2.198
RICE_009922,Rice,West Bengal,Dakshin Dinajpur,Annual,2011,2.573
RICE_009923,Rice,West Bengal,Darjeeling,Annual,2011,2.349
RICE_009924,Rice,West Bengal,East Midnapore / Purba Midnapore,Annual,2011,2.527
RICE_009925,Rice,West Bengal,Hooghly,Annual,2011,2.911
RICE_009926,Rice,West Bengal,Jalpaiguri,Annual,2011,2.091
RICE_009927,Rice,West Bengal,Jhargram,Annual,2011,2.105
RICE_009928,Rice,West Bengal,Malda,Annual,2011,2.986
RICE_009929,Rice,West Bengal,Murshidabad,Annual,2011,2.727
RICE_009930,Rice,West Bengal,Nadia,Annual,2011,2.953
RICE_009931,Rice,West Bengal,Purulia,Annual,2011,2.706
RICE_009932,Rice,West Bengal,Uttar Dinajpur,Annual,2011,2.699
RICE_009933,Rice,West Bengal,West Midnapore,Annual,2011,2.706
RICE_009934,Rice,Andhra Pradesh,Anantapur,Annual,2012,2.631
RICE_009935,Rice,Andhra Pradesh,Chittoor,Annual,2012,3.608
RICE_009936,Rice,Andhra Pradesh,East Godavari,Annual,2012,2.748
RICE_009937,Rice,Andhra Pradesh,Guntur,Annual,2012,3.483
RICE_009938,Rice,Andhra Pradesh,Kadapa Ysr,Annual,2012,2.628
RICE_009939,Rice,Andhra Pradesh,Krishna,Annual,2012,3.593
RICE_009940,Rice,Andhra Pradesh,Kurnool,Annual,2012,3.765
RICE_009941,Rice,Andhra Pradesh,Prakasam,Annual,2012,3.67
RICE_009942,Rice,Andhra Pradesh,S.P.S. Nellore,Annual,2012,4.085
RICE_009943,Rice,Andhra Pradesh,Srikakulam,Annual,2012,2.533
RICE_009944,Rice,Andhra Pradesh,Visakhapatnam,Annual,2012,1.463
RICE_009945,Rice,Andhra Pradesh,Vizianagaram,Annual,2012,2.551
RICE_009946,Rice,Andhra Pradesh,West Godavari,Annual,2012,3.052
RICE_009947,Rice,Assam,Baksa,Annual,2012,1.802
RICE_009948,Rice,Assam,Barpeta,Annual,2012,2.157
RICE_009949,Rice,Assam,Bongaigaon,Annual,2012,1.777
RICE_009950,Rice,Assam,Cachar,Annual,2012,2.175
RICE_009951,Rice,Assam,Chirang,Annual,2012,1.461
RICE_009952,Rice,Assam,Darrang,Annual,2012,2.35
RICE_009953,Rice,Assam,Dhemaji,Annual,2012,1.599
RICE_009954,Rice,Assam,Dhubri,Annual,2012,2.679
RICE_009955,Rice,Assam,Dibrugarh,Annual,2012,2.079
RICE_009956,Rice,Assam,Goalpara,Annual,2012,2.238
RICE_009957,Rice,Assam,Golaghat,Annual,2012,2.343
RICE_009958,Rice,Assam,Hailakandi,Annual,2012,2.448
RICE_009959,Rice,Assam,Jorhat,Annual,2012,2.194
RICE_009960,Rice,Assam,Kamrup,Annual,2012,2.037
RICE_009961,Rice,Assam,Kamrup (Metro),Annual,2012,2.321
RICE_009962,Rice,Assam,Karbi Anglong,Annual,2012,1.551
RICE_009963,Rice,Assam,Karimganj,Annual,2012,1.949
RICE_009964,Rice,Assam,Kokrajhar,Annual,2012,1.655
RICE_009965,Rice,Assam,Lakhimpur,Annual,2012,2.141
RICE_009966,Rice,Assam,Marigaon,Annual,2012,2.403
RICE_009967,Rice,Assam,Nagaon,Annual,2012,2.072
RICE_009968,Rice,Assam,Nalbari,Annual,2012,2.086
RICE_009969,Rice,Assam,North Cachar Hil,Annual,2012,2.283
RICE_009970,Rice,Assam,Sibsagar,Annual,2012,2.473
RICE_009971,Rice,Assam,Sonitpur,Annual,2012,2.147
RICE_009972,Rice,Assam,Tinsukia,Annual,2012,1.62
RICE_009973,Rice,Assam,Udalguri,Annual,2012,1.731
RICE_009974,Rice,Bihar,Araria,Annual,2012,2.445
RICE_009975,Rice,Bihar,Arwal,Annual,2012,3.061
RICE_009976,Rice,Bihar,Aurangabad,Annual,2012,3.419
RICE_009977,Rice,Bihar,Banka,Annual,2012,3.021
RICE_009978,Rice,Bihar,Begusarai,Annual,2012,2.001
RICE_009979,Rice,Bihar,Bhabhua / Kaimur,Annual,2012,3.857
RICE_009980,Rice,Bihar,Bhagalpur,Annual,2012,1.915
RICE_009981,Rice,Bihar,Bhojpur,Annual,2012,3.418
RICE_009982,Rice,Bihar,Buxar,Annual,2012,3.52
RICE_009983,Rice,Bihar,Champaran (East),Annual,2012,1.875
RICE_009984,Rice,Bihar,Champaran (West),Annual,2012,2.2
RICE_009985,Rice,Bihar,Darbhanga,Annual,2012,1.624
RICE_009986,Rice,Bihar,Gaya,Annual,2012,3.27
RICE_009987,Rice,Bihar,Gopalganj,Annual,2012,2.396
RICE_009988,Rice,Bihar,Jamui,Annual,2012,1.468
RICE_009989,Rice,Bihar,Jehanabad,Annual,2012,3.823
RICE_009990,Rice,Bihar,Katihar,Annual,2012,3.207
RICE_009991,Rice,Bihar,Khagaria,Annual,2012,1.857
RICE_009992,Rice,Bihar,Kishanganj,Annual,2012,1.381
RICE_009993,Rice,Bihar,Lakhisarai,Annual,2012,3.502
RICE_009994,Rice,Bihar,Madhepura,Annual,2012,2.448
RICE_009995,Rice,Bihar,Madhubani,Annual,2012,1.093
RICE_009996,Rice,Bihar,Mungair,Annual,2012,2.811
RICE_009997,Rice,Bihar,Muzaffarpur,Annual,2012,2.18
RICE_009998,Rice,Bihar,Nalanda,Annual,2012,2.508
RICE_009999,Rice,Bihar,Nawada,Annual,2012,2.9
RICE_010000,Rice,Bihar,Patna,Annual,2012,3.208
RICE_010001,Rice,Bihar,Purnea,Annual,2012,1.971
RICE_010002,Rice,Bihar,Rohtas,Annual,2012,4.013
RICE_010003,Rice,Bihar,Saharsa,Annual,2012,1.916
RICE_010004,Rice,Bihar,Samastipur,Annual,2012,1.791
RICE_010005,Rice,Bihar,Saran,Annual,2012,2.35
RICE_010006,Rice,Bihar,Sheikapura,Annual,2012,3.098
RICE_010007,Rice,Bihar,Sheohar,Annual,2012,2.138
RICE_010008,Rice,Bihar,Sitamarhi,Annual,2012,2.157
RICE_010009,Rice,Bihar,Siwan,Annual,2012,2.159
RICE_010010,Rice,Bihar,Supaul,Annual,2012,1.566
RICE_010011,Rice,Bihar,Vaishali,Annual,2012,2.414
RICE_010012,Rice,Chhattisgarh,Balod,Annual,2012,2.018
RICE_010013,Rice,Chhattisgarh,Baloda Bazar,Annual,2012,1.72
RICE_010014,Rice,Chhattisgarh,Balrampur,Annual,2012,1.947
RICE_010015,Rice,Chhattisgarh,Bastar,Annual,2012,1.778
RICE_010016,Rice,Chhattisgarh,Bemetra,Annual,2012,1.726
RICE_010017,Rice,Chhattisgarh,Bijapur,Annual,2012,1.904
RICE_010018,Rice,Chhattisgarh,Bilaspur,Annual,2012,1.986
RICE_010019,Rice,Chhattisgarh,Dantewara,Annual,2012,2.429
RICE_010020,Rice,Chhattisgarh,Dhamtari,Annual,2012,2.645
RICE_010021,Rice,Chhattisgarh,Durg,Annual,2012,2.282
RICE_010022,Rice,Chhattisgarh,Gariaband,Annual,2012,1.565
RICE_010023,Rice,Chhattisgarh,Janjgir,Annual,2012,3.012
RICE_010024,Rice,Chhattisgarh,Jashpur,Annual,2012,1.526
RICE_010025,Rice,Chhattisgarh,Kanker,Annual,2012,2.594
RICE_010026,Rice,Chhattisgarh,Kawardha,Annual,2012,1.491
RICE_010027,Rice,Chhattisgarh,Kondagaon,Annual,2012,1.729
RICE_010028,Rice,Chhattisgarh,Korba,Annual,2012,1.602
RICE_010029,Rice,Chhattisgarh,Koriya,Annual,2012,1.759
RICE_010030,Rice,Chhattisgarh,Mahasmund,Annual,2012,1.926
RICE_010031,Rice,Chhattisgarh,Mungli,Annual,2012,2.257
RICE_010032,Rice,Chhattisgarh,Narayanpur,Annual,2012,1.441
RICE_010033,Rice,Chhattisgarh,Raigarh,Annual,2012,1.511
RICE_010034,Rice,Chhattisgarh,Raipur,Annual,2012,2.042
RICE_010035,Rice,Chhattisgarh,Rajnandgaon,Annual,2012,1.847
RICE_010036,Rice,Chhattisgarh,Sukma,Annual,2012,2.137
RICE_010037,Rice,Chhattisgarh,Surajpur,Annual,2012,1.283
RICE_010038,Rice,Chhattisgarh,Surguja,Annual,2012,1.669
RICE_010039,Rice,Gujarat,Ahmedabad,Annual,2012,2.006
RICE_010040,Rice,Gujarat,Anand,Annual,2012,2.535
RICE_010041,Rice,Gujarat,Bharuch,Annual,2012,1.744
RICE_010042,Rice,Gujarat,Dahod,Annual,2012,1.126
RICE_010043,Rice,Gujarat,Dangs,Annual,2012,1.58
RICE_010044,Rice,Gujarat,Gandhinagar,Annual,2012,2.314
RICE_010045,Rice,Gujarat,Kheda,Annual,2012,2.406
RICE_010046,Rice,Gujarat,Mehsana,Annual,2012,2.286
RICE_010047,Rice,Gujarat,Narmada,Annual,2012,1.103
RICE_010048,Rice,Gujarat,Navsari,Annual,2012,2.602
RICE_010049,Rice,Gujarat,Panchmahal,Annual,2012,1.773
RICE_010050,Rice,Gujarat,Sabarkantha,Annual,2012,2.216
RICE_010051,Rice,Gujarat,Surat,Annual,2012,2.284
RICE_010052,Rice,Gujarat,Surendranagar,Annual,2012,2.0
RICE_010053,Rice,Gujarat,Tapi,Annual,2012,2.619
RICE_010054,Rice,Gujarat,Vadodara,Annual,2012,1.417
RICE_010055,Rice,Gujarat,Valsad,Annual,2012,2.261
RICE_010056,Rice,Haryana,Ambala,Annual,2012,4.151
RICE_010057,Rice,Haryana,Bhiwani,Annual,2012,2.67
RICE_010058,Rice,Haryana,Faridabad,Annual,2012,2.334
RICE_010059,Rice,Haryana,Fatehabad,Annual,2012,4.128
RICE_010060,Rice,Haryana,Gurgaon,Annual,2012,2.921
RICE_010061,Rice,Haryana,Hissar,Annual,2012,2.425
RICE_010062,Rice,Haryana,Jhajjar,Annual,2012,2.291
RICE_010063,Rice,Haryana,Jind,Annual,2012,2.789
RICE_010064,Rice,Haryana,Kaithal,Annual,2012,3.152
RICE_010065,Rice,Haryana,Karnal,Annual,2012,3.361
RICE_010066,Rice,Haryana,Kurukshetra,Annual,2012,4.308
RICE_010067,Rice,Haryana,Mewat,Annual,2012,3.21
RICE_010068,Rice,Haryana,Palwal,Annual,2012,2.765
RICE_010069,Rice,Haryana,Panchkula,Annual,2012,2.646
RICE_010070,Rice,Haryana,Panipat,Annual,2012,2.775
RICE_010071,Rice,Haryana,Rewari,Annual,2012,3.483
RICE_010072,Rice,Haryana,Rohtak,Annual,2012,1.51
RICE_010073,Rice,Haryana,Sirsa,Annual,2012,3.527
RICE_010074,Rice,Haryana,Sonepat,Annual,2012,2.445
RICE_010075,Rice,Haryana,Yamunanagar,Annual,2012,3.955
RICE_010076,Rice,Himachal Pradesh,Bilashpur,Annual,2012,2.107
RICE_010077,Rice,Himachal Pradesh,Chamba,Annual,2012,1.218
RICE_010078,Rice,Himachal Pradesh,Hamirpur,Annual,2012,1.426
RICE_010079,Rice,Himachal Pradesh,Kangra,Annual,2012,1.522
RICE_010080,Rice,Himachal Pradesh,Kinnaur,Annual,2012,1.0
RICE_010081,Rice,Himachal Pradesh,Kullu,Annual,2012,1.317
RICE_010082,Rice,Himachal Pradesh,Mandi,Annual,2012,1.217
RICE_010083,Rice,Himachal Pradesh,Shimla,Annual,2012,0.925
RICE_010084,Rice,Himachal Pradesh,Sirmaur,Annual,2012,1.195
RICE_010085,Rice,Himachal Pradesh,Solan,Annual,2012,2.545
RICE_010086,Rice,Himachal Pradesh,Una,Annual,2012,2.339
RICE_010087,Rice,Jharkhand,Bokaro,Annual,2012,2.696
RICE_010088,Rice,Jharkhand,Chatra,Annual,2012,2.227
RICE_010089,Rice,Jharkhand,Devghar / Deogarh,Annual,2012,0.99
RICE_010090,Rice,Jharkhand,Dhanbad,Annual,2012,1.138
RICE_010091,Rice,Jharkhand,Gadva / Garhwa,Annual,2012,1.76
RICE_010092,Rice,Jharkhand,Giridih,Annual,2012,1.518
RICE_010093,Rice,Jharkhand,Godda,Annual,2012,1.65
RICE_010094,Rice,Jharkhand,Gumla,Annual,2012,0.951
RICE_010095,Rice,Jharkhand,Hazaribagh,Annual,2012,1.83
RICE_010096,Rice,Jharkhand,Jamtara,Annual,2012,1.941
RICE_010097,Rice,Jharkhand,Khodrama / Koderma,Annual,2012,0.91
RICE_010098,Rice,Jharkhand,Khunti,Annual,2012,2.217
RICE_010099,Rice,Jharkhand,Latehar,Annual,2012,1.199
RICE_010100,Rice,Jharkhand,Lohardagga,Annual,2012,2.259
RICE_010101,Rice,Jharkhand,Pakund / Pakur,Annual,2012,2.439
RICE_010102,Rice,Jharkhand,Palamau,Annual,2012,2.898
RICE_010103,Rice,Jharkhand,Ramgadh,Annual,2012,2.441
RICE_010104,Rice,Jharkhand,Ranchi,Annual,2012,2.509
RICE_010105,Rice,Jharkhand,Sahebganj,Annual,2012,1.476
RICE_010106,Rice,Jharkhand,Santhal Paragana / Dumka,Annual,2012,2.472
RICE_010107,Rice,Jharkhand,Sariakela / Kharsawan,Annual,2012,2.192
RICE_010108,Rice,Jharkhand,Simdega,Annual,2012,2.153
RICE_010109,Rice,Jharkhand,Singhbhum East,Annual,2012,2.886
RICE_010110,Rice,Jharkhand,Singhbhum West,Annual,2012,1.179
RICE_010111,Rice,Karnataka,Bagalkote,Annual,2012,2.6
RICE_010112,Rice,Karnataka,Bangalore (Rural),Annual,2012,2.898
RICE_010113,Rice,Karnataka,Bangalore (Urban),Annual,2012,3.151
RICE_010114,Rice,Karnataka,Belgaum,Annual,2012,1.493
RICE_010115,Rice,Karnataka,Bellary,Annual,2012,3.553
RICE_010116,Rice,Karnataka,Bidar,Annual,2012,0.988
RICE_010117,Rice,Karnataka,Bijapur,Annual,2012,2.5
RICE_010118,Rice,Karnataka,Chamaraja Nagar,Annual,2012,3.466
RICE_010119,Rice,Karnataka,Chickmagalur,Annual,2012,2.302
RICE_010120,Rice,Karnataka,Chikkaballapur,Annual,2012,2.811
RICE_010121,Rice,Karnataka,Chitradurga,Annual,2012,2.251
RICE_010122,Rice,Karnataka,Dakshina Kannada,Annual,2012,2.633
RICE_010123,Rice,Karnataka,Davanagere,Annual,2012,3.314
RICE_010124,Rice,Karnataka,Dharwad,Annual,2012,0.884
RICE_010125,Rice,Karnataka,Gadag,Annual,2012,2.392
RICE_010126,Rice,Karnataka,Gulbarga,Annual,2012,1.605
RICE_010127,Rice,Karnataka,Hassan,Annual,2012,2.187
RICE_010128,Rice,Karnataka,Haveri,Annual,2012,0.92
RICE_010129,Rice,Karnataka,Kodagu,Annual,2012,2.479
RICE_010130,Rice,Karnataka,Kolar,Annual,2012,2.188
RICE_010131,Rice,Karnataka,Koppal,Annual,2012,3.441
RICE_010132,Rice,Karnataka,Mandya,Annual,2012,3.116
RICE_010133,Rice,Karnataka,Mysore,Annual,2012,3.143
RICE_010134,Rice,Karnataka,Raichur,Annual,2012,3.103
RICE_010135,Rice,Karnataka,Ramanagaram,Annual,2012,2.409
RICE_010136,Rice,Karnataka,Shimoge,Annual,2012,2.667
RICE_010137,Rice,Karnataka,Tumkur,Annual,2012,2.533
RICE_010138,Rice,Karnataka,Udupi,Annual,2012,2.444
RICE_010139,Rice,Karnataka,Uttara Kannada,Annual,2012,2.02
RICE_010140,Rice,Karnataka,Yadagiri,Annual,2012,1.337
RICE_010141,Rice,Kerala,Alappuzha,Annual,2012,2.89
RICE_010142,Rice,Kerala,Eranakulam,Annual,2012,2.166
RICE_010143,Rice,Kerala,Idukki,Annual,2012,2.707
RICE_010144,Rice,Kerala,Kannur,Annual,2012,2.13
RICE_010145,Rice,Kerala,Kasaragod,Annual,2012,2.31
RICE_010146,Rice,Kerala,Kollam,Annual,2012,2.111
RICE_010147,Rice,Kerala,Kottayam,Annual,2012,2.904
RICE_010148,Rice,Kerala,Kozhikode,Annual,2012,1.517
RICE_010149,Rice,Kerala,Malappuram,Annual,2012,2.304
RICE_010150,Rice,Kerala,Palakkad,Annual,2012,2.389
RICE_010151,Rice,Kerala,Pathanamthitta,Annual,2012,2.65
RICE_010152,Rice,Kerala,Thiruvananthapuram,Annual,2012,2.256
RICE_010153,Rice,Kerala,Thrissur,Annual,2012,2.925
RICE_010154,Rice,Kerala,Wayanad,Annual,2012,2.742
RICE_010155,Rice,Madhya Pradesh,Alirajpur,Annual,2012,0.545
RICE_010156,Rice,Madhya Pradesh,Anuppur,Annual,2012,1.122
RICE_010157,Rice,Madhya Pradesh,Ashoknagar,Annual,2012,2.917
RICE_010158,Rice,Madhya Pradesh,Balaghat,Annual,2012,1.865
RICE_010159,Rice,Madhya Pradesh,Barwani,Annual,2012,1.043
RICE_010160,Rice,Madhya Pradesh,Betul,Annual,2012,2.714
RICE_010161,Rice,Madhya Pradesh,Bhind,Annual,2012,2.699
RICE_010162,Rice,Madhya Pradesh,Bhopal,Annual,2012,1.147
RICE_010163,Rice,Madhya Pradesh,Burhanpur,Annual,2012,1.678
RICE_010164,Rice,Madhya Pradesh,Chhatarpur,Annual,2012,0.375
RICE_010165,Rice,Madhya Pradesh,Chhindwara,Annual,2012,2.753
RICE_010166,Rice,Madhya Pradesh,Damoh,Annual,2012,0.993
RICE_010167,Rice,Madhya Pradesh,Datia,Annual,2012,2.046
RICE_010168,Rice,Madhya Pradesh,Dewas,Annual,2012,0.857
RICE_010169,Rice,Madhya Pradesh,Dhar,Annual,2012,0.868
RICE_010170,Rice,Madhya Pradesh,Dindori,Annual,2012,1.544
RICE_010171,Rice,Madhya Pradesh,Guna,Annual,2012,1.185
RICE_010172,Rice,Madhya Pradesh,Gwalior,Annual,2012,1.819
RICE_010173,Rice,Madhya Pradesh,Harda,Annual,2012,2.808
RICE_010174,Rice,Madhya Pradesh,Hoshangabad,Annual,2012,6.64
RICE_010175,Rice,Madhya Pradesh,Jabalpur,Annual,2012,2.078
RICE_010176,Rice,Madhya Pradesh,Jhabua,Annual,2012,0.486
RICE_010177,Rice,Madhya Pradesh,Katni,Annual,2012,1.227
RICE_010178,Rice,Madhya Pradesh,Khandwa,Annual,2012,1.481
RICE_010179,Rice,Madhya Pradesh,Khargone,Annual,2012,0.653
RICE_010180,Rice,Madhya Pradesh,Mandla,Annual,2012,0.672
RICE_010181,Rice,Madhya Pradesh,Morena,Annual,2012,3.042
RICE_010182,Rice,Madhya Pradesh,Narsinghpur,Annual,2012,1.333
RICE_010183,Rice,Madhya Pradesh,Neemuch,Annual,2012,0.5
RICE_010184,Rice,Madhya Pradesh,Panna,Annual,2012,1.02
RICE_010185,Rice,Madhya Pradesh,Raisen,Annual,2012,1.284
RICE_010186,Rice,Madhya Pradesh,Rajgarh,Annual,2012,0.81
RICE_010187,Rice,Madhya Pradesh,Ratlam,Annual,2012,1.14
RICE_010188,Rice,Madhya Pradesh,Rewa,Annual,2012,1.616
RICE_010189,Rice,Madhya Pradesh,Sagar,Annual,2012,0.633
RICE_010190,Rice,Madhya Pradesh,Satna,Annual,2012,2.315
RICE_010191,Rice,Madhya Pradesh,Sehore,Annual,2012,2.606
RICE_010192,Rice,Madhya Pradesh,Seoni,Annual,2012,2.058
RICE_010193,Rice,Madhya Pradesh,Shahdol,Annual,2012,1.983
RICE_010194,Rice,Madhya Pradesh,Shajapur,Annual,2012,0.571
RICE_010195,Rice,Madhya Pradesh,Sheopur Kalan,Annual,2012,3.707
RICE_010196,Rice,Madhya Pradesh,Shivpuri,Annual,2012,1.484
RICE_010197,Rice,Madhya Pradesh,Sidhi,Annual,2012,1.399
RICE_010198,Rice,Madhya Pradesh,Singrauli,Annual,2012,3.008
RICE_010199,Rice,Madhya Pradesh,Tikamgarh,Annual,2012,0.476
RICE_010200,Rice,Madhya Pradesh,Umaria,Annual,2012,1.079
RICE_010201,Rice,Madhya Pradesh,Vidisha,Annual,2012,1.0
RICE_010202,Rice,Maharashtra,Ahmednagar,Annual,2012,0.614
RICE_010203,Rice,Maharashtra,Amarawati,Annual,2012,0.408
RICE_010204,Rice,Maharashtra,Beed,Annual,2012,0.442
RICE_010205,Rice,Maharashtra,Bhandara,Annual,2012,2.057
RICE_010206,Rice,Maharashtra,Chandrapur,Annual,2012,1.591
RICE_010207,Rice,Maharashtra,Dhule,Annual,2012,0.96
RICE_010208,Rice,Maharashtra,Gadchiroli,Annual,2012,1.522
RICE_010209,Rice,Maharashtra,Gondia,Annual,2012,1.909
RICE_010210,Rice,Maharashtra,Hingoli,Annual,2012,0.339
RICE_010211,Rice,Maharashtra,Kolhapur,Annual,2012,2.617
RICE_010212,Rice,Maharashtra,Latur,Annual,2012,0.605
RICE_010213,Rice,Maharashtra,Nagpur,Annual,2012,1.497
RICE_010214,Rice,Maharashtra,Nanded,Annual,2012,0.523
RICE_010215,Rice,Maharashtra,Nandurbar,Annual,2012,1.455
RICE_010216,Rice,Maharashtra,Nasik,Annual,2012,1.19
RICE_010217,Rice,Maharashtra,Osmanabad,Annual,2012,0.239
RICE_010218,Rice,Maharashtra,Parbhani,Annual,2012,0.096
RICE_010219,Rice,Maharashtra,Pune,Annual,2012,1.368
RICE_010220,Rice,Maharashtra,Raigad,Annual,2012,2.606
RICE_010221,Rice,Maharashtra,Ratnagiri,Annual,2012,2.909
RICE_010222,Rice,Maharashtra,Sangli,Annual,2012,1.928
RICE_010223,Rice,Maharashtra,Satara,Annual,2012,1.373
RICE_010224,Rice,Maharashtra,Sindhudurg,Annual,2012,2.776
RICE_010225,Rice,Maharashtra,Solapur,Annual,2012,0.219
RICE_010226,Rice,Maharashtra,Thane,Annual,2012,2.6
RICE_010227,Rice,Maharashtra,Yeotmal,Annual,2012,0.408
RICE_010228,Rice,Orissa,Angul,Annual,2012,2.08
RICE_010229,Rice,Orissa,Balasore,Annual,2012,1.765
RICE_010230,Rice,Orissa,Bargarh,Annual,2012,3.195
RICE_010231,Rice,Orissa,Bhadrak,Annual,2012,2.12
RICE_010232,Rice,Orissa,Bolangir,Annual,2012,3.195
RICE_010233,Rice,Orissa,Boudh,Annual,2012,2.564
RICE_010234,Rice,Orissa,Cuttack,Annual,2012,2.928
RICE_010235,Rice,Orissa,Deogarh,Annual,2012,2.644
RICE_010236,Rice,Orissa,Dhenkanal,Annual,2012,2.712
RICE_010237,Rice,Orissa,Gajapati,Annual,2012,2.051
RICE_010238,Rice,Orissa,Ganjam,Annual,2012,1.787
RICE_010239,Rice,Orissa,Jagatsinghapur,Annual,2012,2.918
RICE_010240,Rice,Orissa,Jajapur,Annual,2012,1.761
RICE_010241,Rice,Orissa,Jharsuguda,Annual,2012,2.676
RICE_010242,Rice,Orissa,Kalahandi,Annual,2012,2.545
RICE_010243,Rice,Orissa,Kendrapara,Annual,2012,1.868
RICE_010244,Rice,Orissa,Keonjhar,Annual,2012,1.664
RICE_010245,Rice,Orissa,Khurda,Annual,2012,2.292
RICE_010246,Rice,Orissa,Koraput,Annual,2012,2.01
RICE_010247,Rice,Orissa,Malkangiri,Annual,2012,1.876
RICE_010248,Rice,Orissa,Mayurbhanja,Annual,2012,1.726
RICE_010249,Rice,Orissa,Nawarangpur,Annual,2012,2.276
RICE_010250,Rice,Orissa,Nayagarh,Annual,2012,2.195
RICE_010251,Rice,Orissa,Nuapada,Annual,2012,2.1
RICE_010252,Rice,Orissa,Phulbani ( Kandhamal ),Annual,2012,1.616
RICE_010253,Rice,Orissa,Puri,Annual,2012,2.459
RICE_010254,Rice,Orissa,Rayagada,Annual,2012,2.119
RICE_010255,Rice,Orissa,Sambalpur,Annual,2012,3.003
RICE_010256,Rice,Orissa,Sonepur,Annual,2012,4.22
RICE_010257,Rice,Orissa,Sundargarh,Annual,2012,2.321
RICE_010258,Rice,Punjab,Amritsar,Annual,2012,2.941
RICE_010259,Rice,Punjab,Barnala,Annual,2012,4.623
RICE_010260,Rice,Punjab,Bhatinda,Annual,2012,4.28
RICE_010261,Rice,Punjab,Faridkot,Annual,2012,4.353
RICE_010262,Rice,Punjab,Fatehgarh Sahib,Annual,2012,4.465
RICE_010263,Rice,Punjab,Fazilka,Annual,2012,3.424
RICE_010264,Rice,Punjab,Ferozpur,Annual,2012,4.209
RICE_010265,Rice,Punjab,Gurdaspur,Annual,2012,3.115
RICE_010266,Rice,Punjab,Hoshiarpur,Annual,2012,3.6
RICE_010267,Rice,Punjab,Jalandhar,Annual,2012,3.788
RICE_010268,Rice,Punjab,Kapurthala,Annual,2012,3.803
RICE_010269,Rice,Punjab,Ludhiana,Annual,2012,4.549
RICE_010270,Rice,Punjab,Mansa,Annual,2012,4.115
RICE_010271,Rice,Punjab,Moga,Annual,2012,4.511
RICE_010272,Rice,Punjab,Pathankot,Annual,2012,2.815
RICE_010273,Rice,Punjab,Patiala,Annual,2012,3.957
RICE_010274,Rice,Punjab,Roopnagar,Annual,2012,3.816
RICE_010275,Rice,Punjab,S.A.S Nagar,Annual,2012,3.774
RICE_010276,Rice,Punjab,S.B.S Nagar,Annual,2012,4.14
RICE_010277,Rice,Punjab,Sangrur,Annual,2012,4.707
RICE_010278,Rice,Punjab,Shri Mukatsar Sahib,Annual,2012,3.992
RICE_010279,Rice,Punjab,Taran Taran,Annual,2012,3.346
RICE_010280,Rice,Rajasthan,Ajmer,Annual,2012,1.0
RICE_010281,Rice,Rajasthan,Alwar,Annual,2012,1.759
RICE_010282,Rice,Rajasthan,Banswara,Annual,2012,1.063
RICE_010283,Rice,Rajasthan,Baran,Annual,2012,2.789
RICE_010284,Rice,Rajasthan,Bharatpur,Annual,2012,2.08
RICE_010285,Rice,Rajasthan,Bhilwara,Annual,2012,1.731
RICE_010286,Rice,Rajasthan,Bikaner,Annual,2012,1.667
RICE_010287,Rice,Rajasthan,Bundi,Annual,2012,1.977
RICE_010288,Rice,Rajasthan,Chittorgarh,Annual,2012,1.75
RICE_010289,Rice,Rajasthan,Dholpur,Annual,2012,1.787
RICE_010290,Rice,Rajasthan,Dungarpur,Annual,2012,0.945
RICE_010291,Rice,Rajasthan,Ganganagar,Annual,2012,2.97
RICE_010292,Rice,Rajasthan,Hanumangarh,Annual,2012,2.667
RICE_010293,Rice,Rajasthan,Jhalawar,Annual,2012,1.765
RICE_010294,Rice,Rajasthan,Karoli,Annual,2012,1.43
RICE_010295,Rice,Rajasthan,Kota,Annual,2012,2.649
RICE_010296,Rice,Rajasthan,Pratapgarh,Annual,2012,1.772
RICE_010297,Rice,Rajasthan,Rajsamand,Annual,2012,1.75
RICE_010298,Rice,Rajasthan,Swami Madhopur,Annual,2012,1.786
RICE_010299,Rice,Rajasthan,Udaipur,Annual,2012,1.036
RICE_010300,Rice,Tamil Nadu,Ariyalur,Annual,2012,2.077
RICE_010301,Rice,Tamil Nadu,Chengalpattu Mgr / Kancheepuram,Annual,2012,4.434
RICE_010302,Rice,Tamil Nadu,Chidambanar / Toothukudi,Annual,2012,3.91
RICE_010303,Rice,Tamil Nadu,Coimbatore,Annual,2012,3.66
RICE_010304,Rice,Tamil Nadu,Dharmapuri,Annual,2012,4.471
RICE_010305,Rice,Tamil Nadu,Dindigul Anna,Annual,2012,3.251
RICE_010306,Rice,Tamil Nadu,Kanyakumari,Annual,2012,4.663
RICE_010307,Rice,Tamil Nadu,Karur,Annual,2012,4.041
RICE_010308,Rice,Tamil Nadu,Krishnagiri,Annual,2012,4.066
RICE_010309,Rice,Tamil Nadu,Madurai,Annual,2012,3.606
RICE_010310,Rice,Tamil Nadu,Nagapattinam,Annual,2012,1.417
RICE_010311,Rice,Tamil Nadu,Namakkal,Annual,2012,3.653
RICE_010312,Rice,Tamil Nadu,North Arcot / Vellore,Annual,2012,4.279
RICE_010313,Rice,Tamil Nadu,Perambular,Annual,2012,2.862
RICE_010314,Rice,Tamil Nadu,Periyar (Erode),Annual,2012,4.411
RICE_010315,Rice,Tamil Nadu,Pudukkottai,Annual,2012,2.876
RICE_010316,Rice,Tamil Nadu,Ramananthapuram,Annual,2012,0.588
RICE_010317,Rice,Tamil Nadu,Salem,Annual,2012,4.096
RICE_010318,Rice,Tamil Nadu,Sivagangai / Pasumpon,Annual,2012,1.845
RICE_010319,Rice,Tamil Nadu,South Arcot / Cuddalore,Annual,2012,3.03
RICE_010320,Rice,Tamil Nadu,Thanjavur,Annual,2012,2.934
RICE_010321,Rice,Tamil Nadu,The Nilgiris,Annual,2012,3.972
RICE_010322,Rice,Tamil Nadu,Theni,Annual,2012,4.615
RICE_010323,Rice,Tamil Nadu,Thirunelveli,Annual,2012,4.023
RICE_010324,Rice,Tamil Nadu,Thiruppur,Annual,2012,2.465
RICE_010325,Rice,Tamil Nadu,Thiruvallur,Annual,2012,3.835
RICE_010326,Rice,Tamil Nadu,Thiruvannamalai,Annual,2012,3.547
RICE_010327,Rice,Tamil Nadu,Tiruchirapalli / Trichy,Annual,2012,3.052
RICE_010328,Rice,Tamil Nadu,Tiruvarur,Annual,2012,1.214
RICE_010329,Rice,Tamil Nadu,Villupuram,Annual,2012,3.43
RICE_010330,Rice,Tamil Nadu,Virudhunagar / Kamarajar,Annual,2012,1.762
RICE_010331,Rice,Telangana,Adilabad,Annual,2012,2.647
RICE_010332,Rice,Telangana,Karimnagar,Annual,2012,3.548
RICE_010333,Rice,Telangana,Khammam,Annual,2012,3.075
RICE_010334,Rice,Telangana,Mahabubnagar,Annual,2012,2.679
RICE_010335,Rice,Telangana,Medak,Annual,2012,3.376
RICE_010336,Rice,Telangana,Nalgonda,Annual,2012,3.28
RICE_010337,Rice,Telangana,Nizamabad,Annual,2012,3.815
RICE_010338,Rice,Telangana,Rangareddy,Annual,2012,2.405
RICE_010339,Rice,Telangana,Warangal,Annual,2012,3.286
RICE_010340,Rice,Uttar Pradesh,Agra,Annual,2012,2.526
RICE_010341,Rice,Uttar Pradesh,Aligarh,Annual,2012,2.26
RICE_010342,Rice,Uttar Pradesh,Allahabad,Annual,2012,2.869
RICE_010343,Rice,Uttar Pradesh,Ambedkar Nagar,Annual,2012,2.759
RICE_010344,Rice,Uttar Pradesh,Amethi/C.S.M. Nagar,Annual,2012,2.609
RICE_010345,Rice,Uttar Pradesh,Amroha/J.B.Fulenagar,Annual,2012,1.816
RICE_010346,Rice,Uttar Pradesh,Auraiya,Annual,2012,3.126
RICE_010347,Rice,Uttar Pradesh,Azamgarh,Annual,2012,2.151
RICE_010348,Rice,Uttar Pradesh,Bagpat,Annual,2012,3.041
RICE_010349,Rice,Uttar Pradesh,Bahraich,Annual,2012,2.39
RICE_010350,Rice,Uttar Pradesh,Ballia,Annual,2012,2.178
RICE_010351,Rice,Uttar Pradesh,Balrampur,Annual,2012,2.322
RICE_010352,Rice,Uttar Pradesh,Banda,Annual,2012,1.75
RICE_010353,Rice,Uttar Pradesh,Barabanki,Annual,2012,3.057
RICE_010354,Rice,Uttar Pradesh,Bareilly,Annual,2012,2.283
RICE_010355,Rice,Uttar Pradesh,Basti,Annual,2012,2.455
RICE_010356,Rice,Uttar Pradesh,Bijnor,Annual,2012,2.747
RICE_010357,Rice,Uttar Pradesh,Budaun,Annual,2012,1.748
RICE_010358,Rice,Uttar Pradesh,Buland Shahar,Annual,2012,2.583
RICE_010359,Rice,Uttar Pradesh,Chandauli,Annual,2012,2.793
RICE_010360,Rice,Uttar Pradesh,Chitrakoot,Annual,2012,1.5
RICE_010361,Rice,Uttar Pradesh,Deoria,Annual,2012,2.235
RICE_010362,Rice,Uttar Pradesh,Etah,Annual,2012,2.725
RICE_010363,Rice,Uttar Pradesh,Etawah,Annual,2012,2.959
RICE_010364,Rice,Uttar Pradesh,Faizabad,Annual,2012,2.541
RICE_010365,Rice,Uttar Pradesh,Farrukhabad,Annual,2012,2.779
RICE_010366,Rice,Uttar Pradesh,Fatehpur,Annual,2012,2.456
RICE_010367,Rice,Uttar Pradesh,Firozabad,Annual,2012,2.836
RICE_010368,Rice,Uttar Pradesh,G.B.Nagar,Annual,2012,2.956
RICE_010369,Rice,Uttar Pradesh,Ghaziabad,Annual,2012,2.582
RICE_010370,Rice,Uttar Pradesh,Ghazipur,Annual,2012,2.337
RICE_010371,Rice,Uttar Pradesh,Gonda,Annual,2012,2.355
RICE_010372,Rice,Uttar Pradesh,Gorakhpur,Annual,2012,2.278
RICE_010373,Rice,Uttar Pradesh,Hamirpur,Annual,2012,1.866
RICE_010374,Rice,Uttar Pradesh,Hapur,Annual,2012,2.956
RICE_010375,Rice,Uttar Pradesh,Hardoi,Annual,2012,2.454
RICE_010376,Rice,Uttar Pradesh,Hathras,Annual,2012,2.649
RICE_010377,Rice,Uttar Pradesh,Jalaun,Annual,2012,1.084
RICE_010378,Rice,Uttar Pradesh,Jaunpur,Annual,2012,2.337
RICE_010379,Rice,Uttar Pradesh,Jhansi,Annual,2012,1.981
RICE_010380,Rice,Uttar Pradesh,Kannauj,Annual,2012,3.025
RICE_010381,Rice,Uttar Pradesh,Kanpur Dehat,Annual,2012,3.009
RICE_010382,Rice,Uttar Pradesh,Kanpur Nagar,Annual,2012,2.342
RICE_010383,Rice,Uttar Pradesh,Kasganj/Khansi Ram Nagar,Annual,2012,2.524
RICE_010384,Rice,Uttar Pradesh,Kheri,Annual,2012,2.563
RICE_010385,Rice,Uttar Pradesh,Kushambi,Annual,2012,2.175
RICE_010386,Rice,Uttar Pradesh,Kushi Nagar / Padrauna,Annual,2012,2.471
RICE_010387,Rice,Uttar Pradesh,Lalitpur,Annual,2012,1.085
RICE_010388,Rice,Uttar Pradesh,Lucknow,Annual,2012,2.05
RICE_010389,Rice,Uttar Pradesh,Mahoba,Annual,2012,1.875
RICE_010390,Rice,Uttar Pradesh,Mahrajgani,Annual,2012,2.459
RICE_010391,Rice,Uttar Pradesh,Mainpuri,Annual,2012,2.634
RICE_010392,Rice,Uttar Pradesh,Mathura,Annual,2012,2.836
RICE_010393,Rice,Uttar Pradesh,Mau,Annual,2012,2.139
RICE_010394,Rice,Uttar Pradesh,Meerut,Annual,2012,3.043
RICE_010395,Rice,Uttar Pradesh,Mirzpur,Annual,2012,2.34
RICE_010396,Rice,Uttar Pradesh,Moradabad,Annual,2012,2.38
RICE_010397,Rice,Uttar Pradesh,Muzaffarnagar,Annual,2012,2.502
RICE_010398,Rice,Uttar Pradesh,Pilibhit,Annual,2012,2.524
RICE_010399,Rice,Uttar Pradesh,Pratapgarh,Annual,2012,2.43
RICE_010400,Rice,Uttar Pradesh,Rae-Bareily,Annual,2012,2.423
RICE_010401,Rice,Uttar Pradesh,Rampur,Annual,2012,2.273
RICE_010402,Rice,Uttar Pradesh,Saharanpur,Annual,2012,2.617
RICE_010403,Rice,Uttar Pradesh,Sambhal,Annual,2012,2.408
RICE_010404,Rice,Uttar Pradesh,Santh Kabir Nagar,Annual,2012,2.282
RICE_010405,Rice,Uttar Pradesh,Santh Ravi Das Nagar / Bhadoi,Annual,2012,2.551
RICE_010406,Rice,Uttar Pradesh,Shahjahanpur,Annual,2012,2.771
RICE_010407,Rice,Uttar Pradesh,Shamli,Annual,2012,2.583
RICE_010408,Rice,Uttar Pradesh,Shravasti,Annual,2012,2.229
RICE_010409,Rice,Uttar Pradesh,Sidharthnagar,Annual,2012,2.555
RICE_010410,Rice,Uttar Pradesh,Sitapur,Annual,2012,2.395
RICE_010411,Rice,Uttar Pradesh,Sonbhadra,Annual,2012,2.082
RICE_010412,Rice,Uttar Pradesh,Sultanpur,Annual,2012,2.515
RICE_010413,Rice,Uttar Pradesh,Unnao,Annual,2012,1.962
RICE_010414,Rice,Uttar Pradesh,Varanasi,Annual,2012,2.428
RICE_010415,Rice,Uttarakhand,Almorah,Annual,2012,1.075
RICE_010416,Rice,Uttarakhand,Bageshwar,Annual,2012,1.487
RICE_010417,Rice,Uttarakhand,Chamoli,Annual,2012,1.37
RICE_010418,Rice,Uttarakhand,Champavat,Annual,2012,1.357
RICE_010419,Rice,Uttarakhand,Dehradun,Annual,2012,2.055
RICE_010420,Rice,Uttarakhand,Garhwal,Annual,2012,1.173
RICE_010421,Rice,Uttarakhand,Haridwar,Annual,2012,2.26
RICE_010422,Rice,Uttarakhand,Nainital,Annual,2012,2.949
RICE_010423,Rice,Uttarakhand,Pithorgarh,Annual,2012,1.288
RICE_010424,Rice,Uttarakhand,Rudraprayag,Annual,2012,1.342
RICE_010425,Rice,Uttarakhand,Tehri Garhwal,Annual,2012,1.441
RICE_010426,Rice,Uttarakhand,Udham Singh Nagar,Annual,2012,3.1
RICE_010427,Rice,Uttarakhand,Uttar Kashi,Annual,2012,1.876
RICE_010428,Rice,West Bengal,24-Paraganas North,Annual,2012,2.985
RICE_010429,Rice,West Bengal,24-Paraganas South,Annual,2012,2.39
RICE_010430,Rice,West Bengal,Bankura,Annual,2012,2.747
RICE_010431,Rice,West Bengal,Birbhum,Annual,2012,2.914
RICE_010432,Rice,West Bengal,Burdwan,Annual,2012,3.24
RICE_010433,Rice,West Bengal,Cooch Behar,Annual,2012,2.413
RICE_010434,Rice,West Bengal,Dakshin Dinajpur,Annual,2012,2.816
RICE_010435,Rice,West Bengal,Darjeeling,Annual,2012,2.084
RICE_010436,Rice,West Bengal,East Midnapore / Purba Midnapore,Annual,2012,2.635
RICE_010437,Rice,West Bengal,Hooghly,Annual,2012,2.9
RICE_010438,Rice,West Bengal,Jalpaiguri,Annual,2012,2.161
RICE_010439,Rice,West Bengal,Jhargram,Annual,2012,2.579
RICE_010440,Rice,West Bengal,Malda,Annual,2012,3.105
RICE_010441,Rice,West Bengal,Murshidabad,Annual,2012,2.763
RICE_010442,Rice,West Bengal,Nadia,Annual,2012,2.87
RICE_010443,Rice,West Bengal,Purulia,Annual,2012,2.527
RICE_010444,Rice,West Bengal,Uttar Dinajpur,Annual,2012,2.53
RICE_010445,Rice,West Bengal,West Midnapore,Annual,2012,2.721
RICE_010446,Rice,Andhra Pradesh,Anantapur,Annual,2013,2.177
RICE_010447,Rice,Andhra Pradesh,Chittoor,Annual,2013,3.39
RICE_010448,Rice,Andhra Pradesh,East Godavari,Annual,2013,2.994
RICE_010449,Rice,Andhra Pradesh,Guntur,Annual,2013,3.34
RICE_010450,Rice,Andhra Pradesh,Kadapa Ysr,Annual,2013,2.843
RICE_010451,Rice,Andhra Pradesh,Krishna,Annual,2013,3.235
RICE_010452,Rice,Andhra Pradesh,Kurnool,Annual,2013,3.67
RICE_010453,Rice,Andhra Pradesh,Prakasam,Annual,2013,3.841
RICE_010454,Rice,Andhra Pradesh,S.P.S. Nellore,Annual,2013,4.051
RICE_010455,Rice,Andhra Pradesh,Srikakulam,Annual,2013,1.749
RICE_010456,Rice,Andhra Pradesh,Visakhapatnam,Annual,2013,1.752
RICE_010457,Rice,Andhra Pradesh,Vizianagaram,Annual,2013,2.491
RICE_010458,Rice,Andhra Pradesh,West Godavari,Annual,2013,3.191
RICE_010459,Rice,Assam,Baksa,Annual,2013,1.865
RICE_010460,Rice,Assam,Barpeta,Annual,2013,2.212
RICE_010461,Rice,Assam,Bongaigaon,Annual,2013,2.157
RICE_010462,Rice,Assam,Cachar,Annual,2013,1.827
RICE_010463,Rice,Assam,Chirang,Annual,2013,1.621
RICE_010464,Rice,Assam,Darrang,Annual,2013,2.315
RICE_010465,Rice,Assam,Dhemaji,Annual,2013,1.568
RICE_010466,Rice,Assam,Dhubri,Annual,2013,2.729
RICE_010467,Rice,Assam,Dibrugarh,Annual,2013,1.896
RICE_010468,Rice,Assam,Goalpara,Annual,2013,2.505
RICE_010469,Rice,Assam,Golaghat,Annual,2013,2.377
RICE_010470,Rice,Assam,Hailakandi,Annual,2013,2.439
RICE_010471,Rice,Assam,Jorhat,Annual,2013,2.005
RICE_010472,Rice,Assam,Kamrup,Annual,2013,2.26
RICE_010473,Rice,Assam,Kamrup (Metro),Annual,2013,2.379
RICE_010474,Rice,Assam,Karbi Anglong,Annual,2013,1.689
RICE_010475,Rice,Assam,Karimganj,Annual,2013,1.987
RICE_010476,Rice,Assam,Kokrajhar,Annual,2013,2.038
RICE_010477,Rice,Assam,Lakhimpur,Annual,2013,1.847
RICE_010478,Rice,Assam,Marigaon,Annual,2013,2.757
RICE_010479,Rice,Assam,Nagaon,Annual,2013,2.218
RICE_010480,Rice,Assam,Nalbari,Annual,2013,1.968
RICE_010481,Rice,Assam,North Cachar Hil,Annual,2013,2.013
RICE_010482,Rice,Assam,Sibsagar,Annual,2013,2.147
RICE_010483,Rice,Assam,Sonitpur,Annual,2013,2.052
RICE_010484,Rice,Assam,Tinsukia,Annual,2013,1.698
RICE_010485,Rice,Assam,Udalguri,Annual,2013,1.444
RICE_010486,Rice,Bihar,Araria,Annual,2013,2.673
RICE_010487,Rice,Bihar,Arwal,Annual,2013,2.914
RICE_010488,Rice,Bihar,Aurangabad,Annual,2013,3.683
RICE_010489,Rice,Bihar,Banka,Annual,2013,2.977
RICE_010490,Rice,Bihar,Begusarai,Annual,2013,1.107
RICE_010491,Rice,Bihar,Bhabhua / Kaimur,Annual,2013,3.296
RICE_010492,Rice,Bihar,Bhagalpur,Annual,2013,1.921
RICE_010493,Rice,Bihar,Bhojpur,Annual,2013,2.838
RICE_010494,Rice,Bihar,Buxar,Annual,2013,3.075
RICE_010495,Rice,Bihar,Champaran (East),Annual,2013,1.244
RICE_010496,Rice,Bihar,Champaran (West),Annual,2013,2.051
RICE_010497,Rice,Bihar,Darbhanga,Annual,2013,1.569
RICE_010498,Rice,Bihar,Gaya,Annual,2013,1.983
RICE_010499,Rice,Bihar,Gopalganj,Annual,2013,1.567
RICE_010500,Rice,Bihar,Jamui,Annual,2013,1.82
RICE_010501,Rice,Bihar,Jehanabad,Annual,2013,2.797
RICE_010502,Rice,Bihar,Katihar,Annual,2013,2.793
RICE_010503,Rice,Bihar,Khagaria,Annual,2013,1.063
RICE_010504,Rice,Bihar,Kishanganj,Annual,2013,2.463
RICE_010505,Rice,Bihar,Lakhisarai,Annual,2013,2.139
RICE_010506,Rice,Bihar,Madhepura,Annual,2013,1.485
RICE_010507,Rice,Bihar,Madhubani,Annual,2013,0.918
RICE_010508,Rice,Bihar,Mungair,Annual,2013,2.582
RICE_010509,Rice,Bihar,Muzaffarpur,Annual,2013,0.763
RICE_010510,Rice,Bihar,Nalanda,Annual,2013,2.275
RICE_010511,Rice,Bihar,Nawada,Annual,2013,2.088
RICE_010512,Rice,Bihar,Patna,Annual,2013,2.423
RICE_010513,Rice,Bihar,Purnea,Annual,2013,1.874
RICE_010514,Rice,Bihar,Rohtas,Annual,2013,3.937
RICE_010515,Rice,Bihar,Saharsa,Annual,2013,1.526
RICE_010516,Rice,Bihar,Samastipur,Annual,2013,1.2
RICE_010517,Rice,Bihar,Saran,Annual,2013,1.747
RICE_010518,Rice,Bihar,Sheikapura,Annual,2013,2.492
RICE_010519,Rice,Bihar,Sheohar,Annual,2013,0.975
RICE_010520,Rice,Bihar,Sitamarhi,Annual,2013,0.947
RICE_010521,Rice,Bihar,Siwan,Annual,2013,1.681
RICE_010522,Rice,Bihar,Supaul,Annual,2013,1.705
RICE_010523,Rice,Bihar,Vaishali,Annual,2013,1.459
RICE_010524,Rice,Chhattisgarh,Balod,Annual,2013,1.607
RICE_010525,Rice,Chhattisgarh,Baloda Bazar,Annual,2013,1.456
RICE_010526,Rice,Chhattisgarh,Balrampur,Annual,2013,1.676
RICE_010527,Rice,Chhattisgarh,Bastar,Annual,2013,1.665
RICE_010528,Rice,Chhattisgarh,Bemetra,Annual,2013,1.472
RICE_010529,Rice,Chhattisgarh,Bijapur,Annual,2013,1.61
RICE_010530,Rice,Chhattisgarh,Bilaspur,Annual,2013,2.064
RICE_010531,Rice,Chhattisgarh,Dantewara,Annual,2013,1.657
RICE_010532,Rice,Chhattisgarh,Dhamtari,Annual,2013,2.24
RICE_010533,Rice,Chhattisgarh,Durg,Annual,2013,1.942
RICE_010534,Rice,Chhattisgarh,Gariaband,Annual,2013,1.48
RICE_010535,Rice,Chhattisgarh,Janjgir,Annual,2013,2.88
RICE_010536,Rice,Chhattisgarh,Jashpur,Annual,2013,1.537
RICE_010537,Rice,Chhattisgarh,Kanker,Annual,2013,2.431
RICE_010538,Rice,Chhattisgarh,Kawardha,Annual,2013,1.331
RICE_010539,Rice,Chhattisgarh,Kondagaon,Annual,2013,1.815
RICE_010540,Rice,Chhattisgarh,Korba,Annual,2013,1.378
RICE_010541,Rice,Chhattisgarh,Koriya,Annual,2013,1.614
RICE_010542,Rice,Chhattisgarh,Mahasmund,Annual,2013,1.748
RICE_010543,Rice,Chhattisgarh,Mungli,Annual,2013,1.726
RICE_010544,Rice,Chhattisgarh,Narayanpur,Annual,2013,1.596
RICE_010545,Rice,Chhattisgarh,Raigarh,Annual,2013,1.275
RICE_010546,Rice,Chhattisgarh,Raipur,Annual,2013,1.696
RICE_010547,Rice,Chhattisgarh,Rajnandgaon,Annual,2013,1.521
RICE_010548,Rice,Chhattisgarh,Sukma,Annual,2013,2.356
RICE_010549,Rice,Chhattisgarh,Surajpur,Annual,2013,1.753
RICE_010550,Rice,Chhattisgarh,Surguja,Annual,2013,1.732
RICE_010551,Rice,Gujarat,Ahmedabad,Annual,2013,2.371
RICE_010552,Rice,Gujarat,Anand,Annual,2013,2.604
RICE_010553,Rice,Gujarat,Bharuch,Annual,2013,1.594
RICE_010554,Rice,Gujarat,Dahod,Annual,2013,0.892
RICE_010555,Rice,Gujarat,Dangs,Annual,2013,2.569
RICE_010556,Rice,Gujarat,Gandhinagar,Annual,2013,2.358
RICE_010557,Rice,Gujarat,Kheda,Annual,2013,2.349
RICE_010558,Rice,Gujarat,Mehsana,Annual,2013,2.006
RICE_010559,Rice,Gujarat,Narmada,Annual,2013,0.82
RICE_010560,Rice,Gujarat,Navsari,Annual,2013,2.517
RICE_010561,Rice,Gujarat,Panchmahal,Annual,2013,1.528
RICE_010562,Rice,Gujarat,Sabarkantha,Annual,2013,2.119
RICE_010563,Rice,Gujarat,Surat,Annual,2013,2.232
RICE_010564,Rice,Gujarat,Surendranagar,Annual,2013,1.565
RICE_010565,Rice,Gujarat,Tapi,Annual,2013,2.62
RICE_010566,Rice,Gujarat,Vadodara,Annual,2013,1.332
RICE_010567,Rice,Gujarat,Valsad,Annual,2013,2.099
RICE_010568,Rice,Haryana,Ambala,Annual,2013,3.899
RICE_010569,Rice,Haryana,Bhiwani,Annual,2013,2.188
RICE_010570,Rice,Haryana,Faridabad,Annual,2013,2.636
RICE_010571,Rice,Haryana,Fatehabad,Annual,2013,3.87
RICE_010572,Rice,Haryana,Gurgaon,Annual,2013,3.2
RICE_010573,Rice,Haryana,Hissar,Annual,2013,2.711
RICE_010574,Rice,Haryana,Jhajjar,Annual,2013,2.387
RICE_010575,Rice,Haryana,Jind,Annual,2013,2.7
RICE_010576,Rice,Haryana,Kaithal,Annual,2013,3.291
RICE_010577,Rice,Haryana,Karnal,Annual,2013,3.519
RICE_010578,Rice,Haryana,Kurukshetra,Annual,2013,4.144
RICE_010579,Rice,Haryana,Mewat,Annual,2013,3.2
RICE_010580,Rice,Haryana,Palwal,Annual,2013,2.588
RICE_010581,Rice,Haryana,Panchkula,Annual,2013,3.8
RICE_010582,Rice,Haryana,Panipat,Annual,2013,2.56
RICE_010583,Rice,Haryana,Rewari,Annual,2013,3.5
RICE_010584,Rice,Haryana,Rohtak,Annual,2013,1.953
RICE_010585,Rice,Haryana,Sirsa,Annual,2013,3.928
RICE_010586,Rice,Haryana,Sonepat,Annual,2013,2.48
RICE_010587,Rice,Haryana,Yamunanagar,Annual,2013,3.681
RICE_010588,Rice,Himachal Pradesh,Bilashpur,Annual,2013,2.075
RICE_010589,Rice,Himachal Pradesh,Chamba,Annual,2013,1.205
RICE_010590,Rice,Himachal Pradesh,Hamirpur,Annual,2013,1.414
RICE_010591,Rice,Himachal Pradesh,Kangra,Annual,2013,1.508
RICE_010592,Rice,Himachal Pradesh,Kinnaur,Annual,2013,2.0
RICE_010593,Rice,Himachal Pradesh,Kullu,Annual,2013,1.314
RICE_010594,Rice,Himachal Pradesh,Mandi,Annual,2013,1.206
RICE_010595,Rice,Himachal Pradesh,Shimla,Annual,2013,0.922
RICE_010596,Rice,Himachal Pradesh,Sirmaur,Annual,2013,1.184
RICE_010597,Rice,Himachal Pradesh,Solan,Annual,2013,2.525
RICE_010598,Rice,Himachal Pradesh,Una,Annual,2013,2.313
RICE_010599,Rice,Jharkhand,Bokaro,Annual,2013,3.188
RICE_010600,Rice,Jharkhand,Chatra,Annual,2013,2.527
RICE_010601,Rice,Jharkhand,Devghar / Deogarh,Annual,2013,1.833
RICE_010602,Rice,Jharkhand,Dhanbad,Annual,2013,2.344
RICE_010603,Rice,Jharkhand,Gadva / Garhwa,Annual,2013,1.622
RICE_010604,Rice,Jharkhand,Giridih,Annual,2013,2.42
RICE_010605,Rice,Jharkhand,Godda,Annual,2013,1.544
RICE_010606,Rice,Jharkhand,Gumla,Annual,2013,1.623
RICE_010607,Rice,Jharkhand,Hazaribagh,Annual,2013,2.294
RICE_010608,Rice,Jharkhand,Jamtara,Annual,2013,1.416
RICE_010609,Rice,Jharkhand,Khodrama / Koderma,Annual,2013,2.115
RICE_010610,Rice,Jharkhand,Khunti,Annual,2013,2.304
RICE_010611,Rice,Jharkhand,Latehar,Annual,2013,1.28
RICE_010612,Rice,Jharkhand,Lohardagga,Annual,2013,2.099
RICE_010613,Rice,Jharkhand,Pakund / Pakur,Annual,2013,1.993
RICE_010614,Rice,Jharkhand,Palamau,Annual,2013,1.595
RICE_010615,Rice,Jharkhand,Ramgadh,Annual,2013,2.187
RICE_010616,Rice,Jharkhand,Ranchi,Annual,2013,2.34
RICE_010617,Rice,Jharkhand,Sahebganj,Annual,2013,1.787
RICE_010618,Rice,Jharkhand,Santhal Paragana / Dumka,Annual,2013,2.058
RICE_010619,Rice,Jharkhand,Sariakela / Kharsawan,Annual,2013,2.01
RICE_010620,Rice,Jharkhand,Simdega,Annual,2013,1.76
RICE_010621,Rice,Jharkhand,Singhbhum East,Annual,2013,2.658
RICE_010622,Rice,Jharkhand,Singhbhum West,Annual,2013,1.968
RICE_010623,Rice,Karnataka,Bagalkote,Annual,2013,3.2
RICE_010624,Rice,Karnataka,Bangalore (Rural),Annual,2013,3.244
RICE_010625,Rice,Karnataka,Bangalore (Urban),Annual,2013,3.534
RICE_010626,Rice,Karnataka,Belgaum,Annual,2013,2.111
RICE_010627,Rice,Karnataka,Bellary,Annual,2013,3.787
RICE_010628,Rice,Karnataka,Bidar,Annual,2013,1.552
RICE_010629,Rice,Karnataka,Bijapur,Annual,2013,3.0
RICE_010630,Rice,Karnataka,Chamaraja Nagar,Annual,2013,3.711
RICE_010631,Rice,Karnataka,Chickmagalur,Annual,2013,2.731
RICE_010632,Rice,Karnataka,Chikkaballapur,Annual,2013,2.862
RICE_010633,Rice,Karnataka,Chitradurga,Annual,2013,2.3
RICE_010634,Rice,Karnataka,Dakshina Kannada,Annual,2013,2.717
RICE_010635,Rice,Karnataka,Davanagere,Annual,2013,3.537
RICE_010636,Rice,Karnataka,Dharwad,Annual,2013,1.131
RICE_010637,Rice,Karnataka,Gadag,Annual,2013,2.754
RICE_010638,Rice,Karnataka,Gulbarga,Annual,2013,2.563
RICE_010639,Rice,Karnataka,Hassan,Annual,2013,3.062
RICE_010640,Rice,Karnataka,Haveri,Annual,2013,2.525
RICE_010641,Rice,Karnataka,Kodagu,Annual,2013,2.879
RICE_010642,Rice,Karnataka,Kolar,Annual,2013,1.758
RICE_010643,Rice,Karnataka,Koppal,Annual,2013,3.467
RICE_010644,Rice,Karnataka,Mandya,Annual,2013,3.492
RICE_010645,Rice,Karnataka,Mysore,Annual,2013,3.42
RICE_010646,Rice,Karnataka,Raichur,Annual,2013,3.212
RICE_010647,Rice,Karnataka,Ramanagaram,Annual,2013,2.562
RICE_010648,Rice,Karnataka,Shimoge,Annual,2013,3.056
RICE_010649,Rice,Karnataka,Tumkur,Annual,2013,2.952
RICE_010650,Rice,Karnataka,Udupi,Annual,2013,2.672
RICE_010651,Rice,Karnataka,Uttara Kannada,Annual,2013,2.434
RICE_010652,Rice,Karnataka,Yadagiri,Annual,2013,1.937
RICE_010653,Rice,Kerala,Alappuzha,Annual,2013,2.857
RICE_010654,Rice,Kerala,Eranakulam,Annual,2013,2.237
RICE_010655,Rice,Kerala,Idukki,Annual,2013,2.727
RICE_010656,Rice,Kerala,Kannur,Annual,2013,2.222
RICE_010657,Rice,Kerala,Kasaragod,Annual,2013,2.242
RICE_010658,Rice,Kerala,Kollam,Annual,2013,2.375
RICE_010659,Rice,Kerala,Kottayam,Annual,2013,3.221
RICE_010660,Rice,Kerala,Kozhikode,Annual,2013,1.584
RICE_010661,Rice,Kerala,Malappuram,Annual,2013,2.611
RICE_010662,Rice,Kerala,Palakkad,Annual,2013,2.872
RICE_010663,Rice,Kerala,Pathanamthitta,Annual,2013,3.057
RICE_010664,Rice,Kerala,Thiruvananthapuram,Annual,2013,2.665
RICE_010665,Rice,Kerala,Thrissur,Annual,2013,2.993
RICE_010666,Rice,Kerala,Wayanad,Annual,2013,2.679
RICE_010667,Rice,Madhya Pradesh,Alirajpur,Annual,2013,0.627
RICE_010668,Rice,Madhya Pradesh,Anuppur,Annual,2013,1.814
RICE_010669,Rice,Madhya Pradesh,Ashoknagar,Annual,2013,1.66
RICE_010670,Rice,Madhya Pradesh,Balaghat,Annual,2013,1.678
RICE_010671,Rice,Madhya Pradesh,Barwani,Annual,2013,0.376
RICE_010672,Rice,Madhya Pradesh,Betul,Annual,2013,2.255
RICE_010673,Rice,Madhya Pradesh,Bhind,Annual,2013,4.335
RICE_010674,Rice,Madhya Pradesh,Bhopal,Annual,2013,1.308
RICE_010675,Rice,Madhya Pradesh,Burhanpur,Annual,2013,0.989
RICE_010676,Rice,Madhya Pradesh,Chhatarpur,Annual,2013,0.885
RICE_010677,Rice,Madhya Pradesh,Chhindwara,Annual,2013,2.031
RICE_010678,Rice,Madhya Pradesh,Damoh,Annual,2013,1.12
RICE_010679,Rice,Madhya Pradesh,Datia,Annual,2013,1.145
RICE_010680,Rice,Madhya Pradesh,Dewas,Annual,2013,0.727
RICE_010681,Rice,Madhya Pradesh,Dhar,Annual,2013,0.758
RICE_010682,Rice,Madhya Pradesh,Dindori,Annual,2013,1.537
RICE_010683,Rice,Madhya Pradesh,Guna,Annual,2013,1.627
RICE_010684,Rice,Madhya Pradesh,Gwalior,Annual,2013,2.349
RICE_010685,Rice,Madhya Pradesh,Harda,Annual,2013,1.465
RICE_010686,Rice,Madhya Pradesh,Hoshangabad,Annual,2013,1.579
RICE_010687,Rice,Madhya Pradesh,Jabalpur,Annual,2013,0.94
RICE_010688,Rice,Madhya Pradesh,Jhabua,Annual,2013,1.682
RICE_010689,Rice,Madhya Pradesh,Katni,Annual,2013,2.686
RICE_010690,Rice,Madhya Pradesh,Khandwa,Annual,2013,0.76
RICE_010691,Rice,Madhya Pradesh,Khargone,Annual,2013,0.46
RICE_010692,Rice,Madhya Pradesh,Mandla,Annual,2013,0.892
RICE_010693,Rice,Madhya Pradesh,Morena,Annual,2013,1.944
RICE_010694,Rice,Madhya Pradesh,Narsinghpur,Annual,2013,1.361
RICE_010695,Rice,Madhya Pradesh,Neemuch,Annual,2013,0.25
RICE_010696,Rice,Madhya Pradesh,Panna,Annual,2013,1.135
RICE_010697,Rice,Madhya Pradesh,Raisen,Annual,2013,0.864
RICE_010698,Rice,Madhya Pradesh,Rajgarh,Annual,2013,0.667
RICE_010699,Rice,Madhya Pradesh,Ratlam,Annual,2013,1.202
RICE_010700,Rice,Madhya Pradesh,Rewa,Annual,2013,1.79
RICE_010701,Rice,Madhya Pradesh,Sagar,Annual,2013,0.437
RICE_010702,Rice,Madhya Pradesh,Satna,Annual,2013,2.298
RICE_010703,Rice,Madhya Pradesh,Sehore,Annual,2013,3.115
RICE_010704,Rice,Madhya Pradesh,Seoni,Annual,2013,2.935
RICE_010705,Rice,Madhya Pradesh,Shahdol,Annual,2013,2.21
RICE_010706,Rice,Madhya Pradesh,Shajapur,Annual,2013,0.5
RICE_010707,Rice,Madhya Pradesh,Sheopur Kalan,Annual,2013,3.699
RICE_010708,Rice,Madhya Pradesh,Shivpuri,Annual,2013,1.166
RICE_010709,Rice,Madhya Pradesh,Sidhi,Annual,2013,1.482
RICE_010710,Rice,Madhya Pradesh,Singrauli,Annual,2013,1.49
RICE_010711,Rice,Madhya Pradesh,Tikamgarh,Annual,2013,0.351
RICE_010712,Rice,Madhya Pradesh,Umaria,Annual,2013,1.173
RICE_010713,Rice,Madhya Pradesh,Vidisha,Annual,2013,0.56
RICE_010714,Rice,Maharashtra,Ahmednagar,Annual,2013,2.405
RICE_010715,Rice,Maharashtra,Amarawati,Annual,2013,0.17
RICE_010716,Rice,Maharashtra,Beed,Annual,2013,0.6
RICE_010717,Rice,Maharashtra,Bhandara,Annual,2013,1.666
RICE_010718,Rice,Maharashtra,Chandrapur,Annual,2013,1.335
RICE_010719,Rice,Maharashtra,Dhule,Annual,2013,1.26
RICE_010720,Rice,Maharashtra,Gadchiroli,Annual,2013,1.487
RICE_010721,Rice,Maharashtra,Gondia,Annual,2013,1.614
RICE_010722,Rice,Maharashtra,Kolhapur,Annual,2013,3.119
RICE_010723,Rice,Maharashtra,Latur,Annual,2013,0.671
RICE_010724,Rice,Maharashtra,Nagpur,Annual,2013,1.352
RICE_010725,Rice,Maharashtra,Nanded,Annual,2013,0.5
RICE_010726,Rice,Maharashtra,Nandurbar,Annual,2013,0.902
RICE_010727,Rice,Maharashtra,Nasik,Annual,2013,1.285
RICE_010728,Rice,Maharashtra,Osmanabad,Annual,2013,0.489
RICE_010729,Rice,Maharashtra,Parbhani,Annual,2013,0.429
RICE_010730,Rice,Maharashtra,Pune,Annual,2013,1.866
RICE_010731,Rice,Maharashtra,Raigad,Annual,2013,2.861
RICE_010732,Rice,Maharashtra,Ratnagiri,Annual,2013,2.957
RICE_010733,Rice,Maharashtra,Sangli,Annual,2013,1.759
RICE_010734,Rice,Maharashtra,Satara,Annual,2013,1.5
RICE_010735,Rice,Maharashtra,Sindhudurg,Annual,2013,3.104
RICE_010736,Rice,Maharashtra,Solapur,Annual,2013,0.25
RICE_010737,Rice,Maharashtra,Thane,Annual,2013,2.393
RICE_010738,Rice,Orissa,Angul,Annual,2013,1.929
RICE_010739,Rice,Orissa,Balasore,Annual,2013,1.248
RICE_010740,Rice,Orissa,Bargarh,Annual,2013,2.274
RICE_010741,Rice,Orissa,Bhadrak,Annual,2013,1.466
RICE_010742,Rice,Orissa,Bolangir,Annual,2013,3.192
RICE_010743,Rice,Orissa,Boudh,Annual,2013,1.803
RICE_010744,Rice,Orissa,Cuttack,Annual,2013,1.462
RICE_010745,Rice,Orissa,Deogarh,Annual,2013,2.421
RICE_010746,Rice,Orissa,Dhenkanal,Annual,2013,2.661
RICE_010747,Rice,Orissa,Gajapati,Annual,2013,0.891
RICE_010748,Rice,Orissa,Ganjam,Annual,2013,0.367
RICE_010749,Rice,Orissa,Jagatsinghapur,Annual,2013,2.001
RICE_010750,Rice,Orissa,Jajapur,Annual,2013,1.062
RICE_010751,Rice,Orissa,Jharsuguda,Annual,2013,1.283
RICE_010752,Rice,Orissa,Kalahandi,Annual,2013,2.498
RICE_010753,Rice,Orissa,Kendrapara,Annual,2013,1.172
RICE_010754,Rice,Orissa,Keonjhar,Annual,2013,1.555
RICE_010755,Rice,Orissa,Khurda,Annual,2013,0.811
RICE_010756,Rice,Orissa,Koraput,Annual,2013,2.678
RICE_010757,Rice,Orissa,Malkangiri,Annual,2013,1.752
RICE_010758,Rice,Orissa,Mayurbhanja,Annual,2013,1.39
RICE_010759,Rice,Orissa,Nawarangpur,Annual,2013,2.869
RICE_010760,Rice,Orissa,Nayagarh,Annual,2013,0.844
RICE_010761,Rice,Orissa,Nuapada,Annual,2013,2.006
RICE_010762,Rice,Orissa,Phulbani ( Kandhamal ),Annual,2013,1.55
RICE_010763,Rice,Orissa,Puri,Annual,2013,1.474
RICE_010764,Rice,Orissa,Rayagada,Annual,2013,2.481
RICE_010765,Rice,Orissa,Sambalpur,Annual,2013,1.985
RICE_010766,Rice,Orissa,Sonepur,Annual,2013,3.068
RICE_010767,Rice,Orissa,Sundargarh,Annual,2013,1.952
RICE_010768,Rice,Punjab,Amritsar,Annual,2013,2.846
RICE_010769,Rice,Punjab,Barnala,Annual,2013,4.673
RICE_010770,Rice,Punjab,Bhatinda,Annual,2013,4.514
RICE_010771,Rice,Punjab,Faridkot,Annual,2013,4.26
RICE_010772,Rice,Punjab,Fatehgarh Sahib,Annual,2013,4.081
RICE_010773,Rice,Punjab,Fazilka,Annual,2013,3.185
RICE_010774,Rice,Punjab,Ferozpur,Annual,2013,4.186
RICE_010775,Rice,Punjab,Gurdaspur,Annual,2013,2.931
RICE_010776,Rice,Punjab,Hoshiarpur,Annual,2013,3.6
RICE_010777,Rice,Punjab,Jalandhar,Annual,2013,3.569
RICE_010778,Rice,Punjab,Kapurthala,Annual,2013,3.855
RICE_010779,Rice,Punjab,Ludhiana,Annual,2013,4.424
RICE_010780,Rice,Punjab,Mansa,Annual,2013,4.123
RICE_010781,Rice,Punjab,Moga,Annual,2013,4.631
RICE_010782,Rice,Punjab,Pathankot,Annual,2013,2.69
RICE_010783,Rice,Punjab,Patiala,Annual,2013,4.152
RICE_010784,Rice,Punjab,Roopnagar,Annual,2013,3.459
RICE_010785,Rice,Punjab,S.A.S Nagar,Annual,2013,3.519
RICE_010786,Rice,Punjab,S.B.S Nagar,Annual,2013,3.607
RICE_010787,Rice,Punjab,Sangrur,Annual,2013,4.725
RICE_010788,Rice,Punjab,Shri Mukatsar Sahib,Annual,2013,3.974
RICE_010789,Rice,Punjab,Taran Taran,Annual,2013,3.356
RICE_010790,Rice,Rajasthan,Ajmer,Annual,2013,1.0
RICE_010791,Rice,Rajasthan,Alwar,Annual,2013,2.15
RICE_010792,Rice,Rajasthan,Banswara,Annual,2013,0.968
RICE_010793,Rice,Rajasthan,Baran,Annual,2013,2.713
RICE_010794,Rice,Rajasthan,Bharatpur,Annual,2013,1.954
RICE_010795,Rice,Rajasthan,Bhilwara,Annual,2013,2.172
RICE_010796,Rice,Rajasthan,Bikaner,Annual,2013,2.0
RICE_010797,Rice,Rajasthan,Bundi,Annual,2013,2.441
RICE_010798,Rice,Rajasthan,Chittorgarh,Annual,2013,2.125
RICE_010799,Rice,Rajasthan,Dholpur,Annual,2013,2.145
RICE_010800,Rice,Rajasthan,Dungarpur,Annual,2013,1.096
RICE_010801,Rice,Rajasthan,Ganganagar,Annual,2013,2.683
RICE_010802,Rice,Rajasthan,Hanumangarh,Annual,2013,4.195
RICE_010803,Rice,Rajasthan,Jhalawar,Annual,2013,2.146
RICE_010804,Rice,Rajasthan,Karoli,Annual,2013,1.363
RICE_010805,Rice,Rajasthan,Kota,Annual,2013,2.197
RICE_010806,Rice,Rajasthan,Pratapgarh,Annual,2013,2.142
RICE_010807,Rice,Rajasthan,Rajsamand,Annual,2013,2.333
RICE_010808,Rice,Rajasthan,Swami Madhopur,Annual,2013,2.149
RICE_010809,Rice,Rajasthan,Udaipur,Annual,2013,1.148
RICE_010810,Rice,Tamil Nadu,Ariyalur,Annual,2013,5.387
RICE_010811,Rice,Tamil Nadu,Chengalpattu Mgr / Kancheepuram,Annual,2013,4.58
RICE_010812,Rice,Tamil Nadu,Chidambanar / Toothukudi,Annual,2013,4.727
RICE_010813,Rice,Tamil Nadu,Coimbatore,Annual,2013,4.694
RICE_010814,Rice,Tamil Nadu,Dharmapuri,Annual,2013,4.966
RICE_010815,Rice,Tamil Nadu,Dindigul Anna,Annual,2013,6.09
RICE_010816,Rice,Tamil Nadu,Kanyakumari,Annual,2013,4.897
RICE_010817,Rice,Tamil Nadu,Karur,Annual,2013,5.561
RICE_010818,Rice,Tamil Nadu,Krishnagiri,Annual,2013,4.828
RICE_010819,Rice,Tamil Nadu,Madurai,Annual,2013,4.649
RICE_010820,Rice,Tamil Nadu,Nagapattinam,Annual,2013,3.912
RICE_010821,Rice,Tamil Nadu,Namakkal,Annual,2013,5.553
RICE_010822,Rice,Tamil Nadu,North Arcot / Vellore,Annual,2013,4.89
RICE_010823,Rice,Tamil Nadu,Perambular,Annual,2013,5.036
RICE_010824,Rice,Tamil Nadu,Periyar (Erode),Annual,2013,5.277
RICE_010825,Rice,Tamil Nadu,Pudukkottai,Annual,2013,1.65
RICE_010826,Rice,Tamil Nadu,Ramananthapuram,Annual,2013,0.295
RICE_010827,Rice,Tamil Nadu,Salem,Annual,2013,4.816
RICE_010828,Rice,Tamil Nadu,Sivagangai / Pasumpon,Annual,2013,0.704
RICE_010829,Rice,Tamil Nadu,South Arcot / Cuddalore,Annual,2013,4.439
RICE_010830,Rice,Tamil Nadu,Thanjavur,Annual,2013,4.97
RICE_010831,Rice,Tamil Nadu,The Nilgiris,Annual,2013,4.303
RICE_010832,Rice,Tamil Nadu,Theni,Annual,2013,4.065
RICE_010833,Rice,Tamil Nadu,Thirunelveli,Annual,2013,5.828
RICE_010834,Rice,Tamil Nadu,Thiruppur,Annual,2013,5.776
RICE_010835,Rice,Tamil Nadu,Thiruvallur,Annual,2013,4.712
RICE_010836,Rice,Tamil Nadu,Thiruvannamalai,Annual,2013,4.35
RICE_010837,Rice,Tamil Nadu,Tiruchirapalli / Trichy,Annual,2013,4.717
RICE_010838,Rice,Tamil Nadu,Tiruvarur,Annual,2013,4.706
RICE_010839,Rice,Tamil Nadu,Villupuram,Annual,2013,4.674
RICE_010840,Rice,Tamil Nadu,Virudhunagar / Kamarajar,Annual,2013,4.138
RICE_010841,Rice,Telangana,Adilabad,Annual,2013,2.745
RICE_010842,Rice,Telangana,Karimnagar,Annual,2013,3.591
RICE_010843,Rice,Telangana,Khammam,Annual,2013,3.0
RICE_010844,Rice,Telangana,Mahabubnagar,Annual,2013,2.839
RICE_010845,Rice,Telangana,Medak,Annual,2013,3.653
RICE_010846,Rice,Telangana,Nalgonda,Annual,2013,3.061
RICE_010847,Rice,Telangana,Nizamabad,Annual,2013,4.004
RICE_010848,Rice,Telangana,Rangareddy,Annual,2013,2.284
RICE_010849,Rice,Telangana,Warangal,Annual,2013,3.141
RICE_010850,Rice,Uttar Pradesh,Agra,Annual,2013,2.586
RICE_010851,Rice,Uttar Pradesh,Aligarh,Annual,2013,2.241
RICE_010852,Rice,Uttar Pradesh,Allahabad,Annual,2013,2.639
RICE_010853,Rice,Uttar Pradesh,Ambedkar Nagar,Annual,2013,2.726
RICE_010854,Rice,Uttar Pradesh,Amethi/C.S.M. Nagar,Annual,2013,2.275
RICE_010855,Rice,Uttar Pradesh,Amroha/J.B.Fulenagar,Annual,2013,2.104
RICE_010856,Rice,Uttar Pradesh,Auraiya,Annual,2013,3.286
RICE_010857,Rice,Uttar Pradesh,Azamgarh,Annual,2013,2.202
RICE_010858,Rice,Uttar Pradesh,Bagpat,Annual,2013,3.042
RICE_010859,Rice,Uttar Pradesh,Bahraich,Annual,2013,2.364
RICE_010860,Rice,Uttar Pradesh,Ballia,Annual,2013,2.22
RICE_010861,Rice,Uttar Pradesh,Balrampur,Annual,2013,2.209
RICE_010862,Rice,Uttar Pradesh,Banda,Annual,2013,1.808
RICE_010863,Rice,Uttar Pradesh,Barabanki,Annual,2013,2.858
RICE_010864,Rice,Uttar Pradesh,Bareilly,Annual,2013,2.25
RICE_010865,Rice,Uttar Pradesh,Basti,Annual,2013,2.517
RICE_010866,Rice,Uttar Pradesh,Bijnor,Annual,2013,2.329
RICE_010867,Rice,Uttar Pradesh,Budaun,Annual,2013,2.203
RICE_010868,Rice,Uttar Pradesh,Buland Shahar,Annual,2013,2.632
RICE_010869,Rice,Uttar Pradesh,Chandauli,Annual,2013,2.675
RICE_010870,Rice,Uttar Pradesh,Chitrakoot,Annual,2013,1.793
RICE_010871,Rice,Uttar Pradesh,Deoria,Annual,2013,2.459
RICE_010872,Rice,Uttar Pradesh,Etah,Annual,2013,2.332
RICE_010873,Rice,Uttar Pradesh,Etawah,Annual,2013,2.911
RICE_010874,Rice,Uttar Pradesh,Faizabad,Annual,2013,2.623
RICE_010875,Rice,Uttar Pradesh,Farrukhabad,Annual,2013,2.675
RICE_010876,Rice,Uttar Pradesh,Fatehpur,Annual,2013,2.605
RICE_010877,Rice,Uttar Pradesh,Firozabad,Annual,2013,2.748
RICE_010878,Rice,Uttar Pradesh,G.B.Nagar,Annual,2013,2.448
RICE_010879,Rice,Uttar Pradesh,Ghaziabad,Annual,2013,2.718
RICE_010880,Rice,Uttar Pradesh,Ghazipur,Annual,2013,2.136
RICE_010881,Rice,Uttar Pradesh,Gonda,Annual,2013,2.45
RICE_010882,Rice,Uttar Pradesh,Gorakhpur,Annual,2013,2.403
RICE_010883,Rice,Uttar Pradesh,Hamirpur,Annual,2013,1.81
RICE_010884,Rice,Uttar Pradesh,Hapur,Annual,2013,2.924
RICE_010885,Rice,Uttar Pradesh,Hardoi,Annual,2013,2.516
RICE_010886,Rice,Uttar Pradesh,Hathras,Annual,2013,2.355
RICE_010887,Rice,Uttar Pradesh,Jalaun,Annual,2013,1.796
RICE_010888,Rice,Uttar Pradesh,Jaunpur,Annual,2013,2.29
RICE_010889,Rice,Uttar Pradesh,Jhansi,Annual,2013,1.947
RICE_010890,Rice,Uttar Pradesh,Kannauj,Annual,2013,2.953
RICE_010891,Rice,Uttar Pradesh,Kanpur Dehat,Annual,2013,2.709
RICE_010892,Rice,Uttar Pradesh,Kanpur Nagar,Annual,2013,2.559
RICE_010893,Rice,Uttar Pradesh,Kasganj/Khansi Ram Nagar,Annual,2013,2.232
RICE_010894,Rice,Uttar Pradesh,Kheri,Annual,2013,2.696
RICE_010895,Rice,Uttar Pradesh,Kushambi,Annual,2013,2.209
RICE_010896,Rice,Uttar Pradesh,Kushi Nagar / Padrauna,Annual,2013,2.617
RICE_010897,Rice,Uttar Pradesh,Lalitpur,Annual,2013,0.711
RICE_010898,Rice,Uttar Pradesh,Lucknow,Annual,2013,2.026
RICE_010899,Rice,Uttar Pradesh,Mahoba,Annual,2013,1.792
RICE_010900,Rice,Uttar Pradesh,Mahrajgani,Annual,2013,2.472
RICE_010901,Rice,Uttar Pradesh,Mainpuri,Annual,2013,2.64
RICE_010902,Rice,Uttar Pradesh,Mathura,Annual,2013,2.404
RICE_010903,Rice,Uttar Pradesh,Mau,Annual,2013,2.098
RICE_010904,Rice,Uttar Pradesh,Meerut,Annual,2013,2.712
RICE_010905,Rice,Uttar Pradesh,Mirzpur,Annual,2013,2.303
RICE_010906,Rice,Uttar Pradesh,Moradabad,Annual,2013,2.183
RICE_010907,Rice,Uttar Pradesh,Muzaffarnagar,Annual,2013,2.337
RICE_010908,Rice,Uttar Pradesh,Pilibhit,Annual,2013,2.797
RICE_010909,Rice,Uttar Pradesh,Pratapgarh,Annual,2013,2.396
RICE_010910,Rice,Uttar Pradesh,Rae-Bareily,Annual,2013,2.454
RICE_010911,Rice,Uttar Pradesh,Rampur,Annual,2013,2.241
RICE_010912,Rice,Uttar Pradesh,Saharanpur,Annual,2013,2.446
RICE_010913,Rice,Uttar Pradesh,Sambhal,Annual,2013,2.302
RICE_010914,Rice,Uttar Pradesh,Santh Kabir Nagar,Annual,2013,2.314
RICE_010915,Rice,Uttar Pradesh,Santh Ravi Das Nagar / Bhadoi,Annual,2013,2.559
RICE_010916,Rice,Uttar Pradesh,Shahjahanpur,Annual,2013,2.684
RICE_010917,Rice,Uttar Pradesh,Shamli,Annual,2013,2.641
RICE_010918,Rice,Uttar Pradesh,Shravasti,Annual,2013,2.059
RICE_010919,Rice,Uttar Pradesh,Sidharthnagar,Annual,2013,2.743
RICE_010920,Rice,Uttar Pradesh,Sitapur,Annual,2013,2.439
RICE_010921,Rice,Uttar Pradesh,Sonbhadra,Annual,2013,2.162
RICE_010922,Rice,Uttar Pradesh,Sultanpur,Annual,2013,2.437
RICE_010923,Rice,Uttar Pradesh,Unnao,Annual,2013,2.13
RICE_010924,Rice,Uttar Pradesh,Varanasi,Annual,2013,2.151
RICE_010925,Rice,Uttarakhand,Almorah,Annual,2013,1.189
RICE_010926,Rice,Uttarakhand,Bageshwar,Annual,2013,1.435
RICE_010927,Rice,Uttarakhand,Chamoli,Annual,2013,1.293
RICE_010928,Rice,Uttarakhand,Champavat,Annual,2013,1.47
RICE_010929,Rice,Uttarakhand,Dehradun,Annual,2013,2.131
RICE_010930,Rice,Uttarakhand,Garhwal,Annual,2013,1.287
RICE_010931,Rice,Uttarakhand,Haridwar,Annual,2013,1.972
RICE_010932,Rice,Uttarakhand,Nainital,Annual,2013,2.616
RICE_010933,Rice,Uttarakhand,Pithorgarh,Annual,2013,1.373
RICE_010934,Rice,Uttarakhand,Rudraprayag,Annual,2013,1.342
RICE_010935,Rice,Uttarakhand,Tehri Garhwal,Annual,2013,1.551
RICE_010936,Rice,Uttarakhand,Udham Singh Nagar,Annual,2013,3.165
RICE_010937,Rice,Uttarakhand,Uttar Kashi,Annual,2013,1.774
RICE_010938,Rice,West Bengal,24-Paraganas North,Annual,2013,3.051
RICE_010939,Rice,West Bengal,24-Paraganas South,Annual,2013,2.515
RICE_010940,Rice,West Bengal,Bankura,Annual,2013,2.768
RICE_010941,Rice,West Bengal,Birbhum,Annual,2013,3.313
RICE_010942,Rice,West Bengal,Burdwan,Annual,2013,3.338
RICE_010943,Rice,West Bengal,Cooch Behar,Annual,2013,2.665
RICE_010944,Rice,West Bengal,Dakshin Dinajpur,Annual,2013,2.861
RICE_010945,Rice,West Bengal,Darjeeling,Annual,2013,2.248
RICE_010946,Rice,West Bengal,East Midnapore / Purba Midnapore,Annual,2013,2.254
RICE_010947,Rice,West Bengal,Hooghly,Annual,2013,2.824
RICE_010948,Rice,West Bengal,Jalpaiguri,Annual,2013,2.278
RICE_010949,Rice,West Bengal,Jhargram,Annual,2013,2.532
RICE_010950,Rice,West Bengal,Malda,Annual,2013,3.544
RICE_010951,Rice,West Bengal,Murshidabad,Annual,2013,3.184
RICE_010952,Rice,West Bengal,Nadia,Annual,2013,3.073
RICE_010953,Rice,West Bengal,Purulia,Annual,2013,2.415
RICE_010954,Rice,West Bengal,Uttar Dinajpur,Annual,2013,2.436
RICE_010955,Rice,West Bengal,West Midnapore,Annual,2013,2.431
RICE_010956,Rice,Andhra Pradesh,Anantapur,Annual,2014,2.825
RICE_010957,Rice,Andhra Pradesh,Chittoor,Annual,2014,3.232
RICE_010958,Rice,Andhra Pradesh,East Godavari,Annual,2014,3.966
RICE_010959,Rice,Andhra Pradesh,Guntur,Annual,2014,3.897
RICE_010960,Rice,Andhra Pradesh,Kadapa Ysr,Annual,2014,3.614
RICE_010961,Rice,Andhra Pradesh,Krishna,Annual,2014,3.468
RICE_010962,Rice,Andhra Pradesh,Kurnool,Annual,2014,3.866
RICE_010963,Rice,Andhra Pradesh,Prakasam,Annual,2014,3.855
RICE_010964,Rice,Andhra Pradesh,S.P.S. Nellore,Annual,2014,4.026
RICE_010965,Rice,Andhra Pradesh,Srikakulam,Annual,2014,2.13
RICE_010966,Rice,Andhra Pradesh,Visakhapatnam,Annual,2014,1.687
RICE_010967,Rice,Andhra Pradesh,Vizianagaram,Annual,2014,2.663
RICE_010968,Rice,Andhra Pradesh,West Godavari,Annual,2014,3.969
RICE_010969,Rice,Assam,Baksa,Annual,2014,2.2
RICE_010970,Rice,Assam,Barpeta,Annual,2014,1.931
RICE_010971,Rice,Assam,Bongaigaon,Annual,2014,2.194
RICE_010972,Rice,Assam,Cachar,Annual,2014,2.279
RICE_010973,Rice,Assam,Chirang,Annual,2014,1.6
RICE_010974,Rice,Assam,Darrang,Annual,2014,2.506
RICE_010975,Rice,Assam,Dhemaji,Annual,2014,1.54
RICE_010976,Rice,Assam,Dhubri,Annual,2014,2.748
RICE_010977,Rice,Assam,Dibrugarh,Annual,2014,1.727
RICE_010978,Rice,Assam,Goalpara,Annual,2014,2.3
RICE_010979,Rice,Assam,Golaghat,Annual,2014,2.235
RICE_010980,Rice,Assam,Hailakandi,Annual,2014,2.786
RICE_010981,Rice,Assam,Jorhat,Annual,2014,1.921
RICE_010982,Rice,Assam,Kamrup,Annual,2014,2.296
RICE_010983,Rice,Assam,Kamrup (Metro),Annual,2014,2.217
RICE_010984,Rice,Assam,Karbi Anglong,Annual,2014,1.705
RICE_010985,Rice,Assam,Karimganj,Annual,2014,1.851
RICE_010986,Rice,Assam,Kokrajhar,Annual,2014,1.965
RICE_010987,Rice,Assam,Lakhimpur,Annual,2014,2.1
RICE_010988,Rice,Assam,Marigaon,Annual,2014,2.382
RICE_010989,Rice,Assam,Nagaon,Annual,2014,2.035
RICE_010990,Rice,Assam,Nalbari,Annual,2014,2.415
RICE_010991,Rice,Assam,North Cachar Hil,Annual,2014,2.348
RICE_010992,Rice,Assam,Sibsagar,Annual,2014,2.106
RICE_010993,Rice,Assam,Sonitpur,Annual,2014,2.201
RICE_010994,Rice,Assam,Tinsukia,Annual,2014,1.662
RICE_010995,Rice,Assam,Udalguri,Annual,2014,1.745
RICE_010996,Rice,Bihar,Araria,Annual,2014,2.201
RICE_010997,Rice,Bihar,Arwal,Annual,2014,4.397
RICE_010998,Rice,Bihar,Aurangabad,Annual,2014,3.775
RICE_010999,Rice,Bihar,Banka,Annual,2014,3.523
RICE_011000,Rice,Bihar,Begusarai,Annual,2014,1.677
RICE_011001,Rice,Bihar,Bhabhua / Kaimur,Annual,2014,2.753
RICE_011002,Rice,Bihar,Bhagalpur,Annual,2014,2.962
RICE_011003,Rice,Bihar,Bhojpur,Annual,2014,2.885
RICE_011004,Rice,Bihar,Buxar,Annual,2014,2.784
RICE_011005,Rice,Bihar,Champaran (East),Annual,2014,1.743
RICE_011006,Rice,Bihar,Champaran (West),Annual,2014,2.407
RICE_011007,Rice,Bihar,Darbhanga,Annual,2014,1.707
RICE_011008,Rice,Bihar,Gaya,Annual,2014,3.211
RICE_011009,Rice,Bihar,Gopalganj,Annual,2014,1.956
RICE_011010,Rice,Bihar,Jamui,Annual,2014,2.041
RICE_011011,Rice,Bihar,Jehanabad,Annual,2014,3.293
RICE_011012,Rice,Bihar,Katihar,Annual,2014,2.639
RICE_011013,Rice,Bihar,Khagaria,Annual,2014,1.66
RICE_011014,Rice,Bihar,Kishanganj,Annual,2014,2.849
RICE_011015,Rice,Bihar,Lakhisarai,Annual,2014,3.687
RICE_011016,Rice,Bihar,Madhepura,Annual,2014,2.17
RICE_011017,Rice,Bihar,Madhubani,Annual,2014,1.558
RICE_011018,Rice,Bihar,Mungair,Annual,2014,2.776
RICE_011019,Rice,Bihar,Muzaffarpur,Annual,2014,2.033
RICE_011020,Rice,Bihar,Nalanda,Annual,2014,2.586
RICE_011021,Rice,Bihar,Nawada,Annual,2014,3.069
RICE_011022,Rice,Bihar,Patna,Annual,2014,2.562
RICE_011023,Rice,Bihar,Purnea,Annual,2014,2.68
RICE_011024,Rice,Bihar,Rohtas,Annual,2014,4.178
RICE_011025,Rice,Bihar,Saharsa,Annual,2014,1.842
RICE_011026,Rice,Bihar,Samastipur,Annual,2014,2.098
RICE_011027,Rice,Bihar,Saran,Annual,2014,2.27
RICE_011028,Rice,Bihar,Sheikapura,Annual,2014,3.809
RICE_011029,Rice,Bihar,Sheohar,Annual,2014,1.836
RICE_011030,Rice,Bihar,Sitamarhi,Annual,2014,1.884
RICE_011031,Rice,Bihar,Siwan,Annual,2014,2.061
RICE_011032,Rice,Bihar,Supaul,Annual,2014,1.793
RICE_011033,Rice,Bihar,Vaishali,Annual,2014,2.128
RICE_011034,Rice,Chhattisgarh,Balod,Annual,2014,1.897
RICE_011035,Rice,Chhattisgarh,Baloda Bazar,Annual,2014,1.61
RICE_011036,Rice,Chhattisgarh,Balrampur,Annual,2014,1.823
RICE_011037,Rice,Chhattisgarh,Bastar,Annual,2014,1.824
RICE_011038,Rice,Chhattisgarh,Bemetra,Annual,2014,1.708
RICE_011039,Rice,Chhattisgarh,Bijapur,Annual,2014,1.873
RICE_011040,Rice,Chhattisgarh,Bilaspur,Annual,2014,2.006
RICE_011041,Rice,Chhattisgarh,Dantewara,Annual,2014,1.865
RICE_011042,Rice,Chhattisgarh,Dhamtari,Annual,2014,3.131
RICE_011043,Rice,Chhattisgarh,Durg,Annual,2014,1.855
RICE_011044,Rice,Chhattisgarh,Gariaband,Annual,2014,1.696
RICE_011045,Rice,Chhattisgarh,Janjgir,Annual,2014,3.163
RICE_011046,Rice,Chhattisgarh,Jashpur,Annual,2014,1.607
RICE_011047,Rice,Chhattisgarh,Kanker,Annual,2014,2.671
RICE_011048,Rice,Chhattisgarh,Kawardha,Annual,2014,1.357
RICE_011049,Rice,Chhattisgarh,Kondagaon,Annual,2014,1.928
RICE_011050,Rice,Chhattisgarh,Korba,Annual,2014,1.503
RICE_011051,Rice,Chhattisgarh,Koriya,Annual,2014,1.784
RICE_011052,Rice,Chhattisgarh,Mahasmund,Annual,2014,1.871
RICE_011053,Rice,Chhattisgarh,Mungli,Annual,2014,2.029
RICE_011054,Rice,Chhattisgarh,Narayanpur,Annual,2014,1.77
RICE_011055,Rice,Chhattisgarh,Raigarh,Annual,2014,1.61
RICE_011056,Rice,Chhattisgarh,Raipur,Annual,2014,2.023
RICE_011057,Rice,Chhattisgarh,Rajnandgaon,Annual,2014,1.672
RICE_011058,Rice,Chhattisgarh,Sukma,Annual,2014,2.222
RICE_011059,Rice,Chhattisgarh,Surajpur,Annual,2014,1.839
RICE_011060,Rice,Chhattisgarh,Surguja,Annual,2014,1.762
RICE_011061,Rice,Gujarat,Ahmedabad,Annual,2014,2.682
RICE_011062,Rice,Gujarat,Anand,Annual,2014,2.801
RICE_011063,Rice,Gujarat,Aravalli,Annual,2014,0.309
RICE_011064,Rice,Gujarat,Bharuch,Annual,2014,2.135
RICE_011065,Rice,Gujarat,Chhota Udaipur,Annual,2014,1.399
RICE_011066,Rice,Gujarat,Dahod,Annual,2014,0.522
RICE_011067,Rice,Gujarat,Dangs,Annual,2014,1.494
RICE_011068,Rice,Gujarat,Gandhinagar,Annual,2014,2.278
RICE_011069,Rice,Gujarat,Kheda,Annual,2014,2.563
RICE_011070,Rice,Gujarat,Mahisagar,Annual,2014,1.502
RICE_011071,Rice,Gujarat,Mehsana,Annual,2014,2.651
RICE_011072,Rice,Gujarat,Narmada,Annual,2014,0.731
RICE_011073,Rice,Gujarat,Navsari,Annual,2014,2.805
RICE_011074,Rice,Gujarat,Panchmahal,Annual,2014,1.084
RICE_011075,Rice,Gujarat,Sabarkantha,Annual,2014,2.402
RICE_011076,Rice,Gujarat,Surat,Annual,2014,2.272
RICE_011077,Rice,Gujarat,Tapi,Annual,2014,2.501
RICE_011078,Rice,Gujarat,Vadodara,Annual,2014,1.767
RICE_011079,Rice,Gujarat,Valsad,Annual,2014,2.075
RICE_011080,Rice,Haryana,Ambala,Annual,2014,3.627
RICE_011081,Rice,Haryana,Bhiwani,Annual,2014,1.429
RICE_011082,Rice,Haryana,Faridabad,Annual,2014,2.727
RICE_011083,Rice,Haryana,Fatehabad,Annual,2014,3.697
RICE_011084,Rice,Haryana,Gurgaon,Annual,2014,3.2
RICE_011085,Rice,Haryana,Hissar,Annual,2014,2.833
RICE_011086,Rice,Haryana,Jhajjar,Annual,2014,2.371
RICE_011087,Rice,Haryana,Jind,Annual,2014,2.683
RICE_011088,Rice,Haryana,Kaithal,Annual,2014,3.23
RICE_011089,Rice,Haryana,Karnal,Annual,2014,3.233
RICE_011090,Rice,Haryana,Kurukshetra,Annual,2014,3.519
RICE_011091,Rice,Haryana,Mewat,Annual,2014,3.143
RICE_011092,Rice,Haryana,Palwal,Annual,2014,2.676
RICE_011093,Rice,Haryana,Panchkula,Annual,2014,2.9
RICE_011094,Rice,Haryana,Panipat,Annual,2014,2.444
RICE_011095,Rice,Haryana,Rewari,Annual,2014,3.0
RICE_011096,Rice,Haryana,Rohtak,Annual,2014,2.244
RICE_011097,Rice,Haryana,Sirsa,Annual,2014,3.646
RICE_011098,Rice,Haryana,Sonepat,Annual,2014,2.534
RICE_011099,Rice,Haryana,Yamunanagar,Annual,2014,3.8
RICE_011100,Rice,Himachal Pradesh,Bilashpur,Annual,2014,2.292
RICE_011101,Rice,Himachal Pradesh,Chamba,Annual,2014,1.321
RICE_011102,Rice,Himachal Pradesh,Hamirpur,Annual,2014,1.556
RICE_011103,Rice,Himachal Pradesh,Kangra,Annual,2014,1.658
RICE_011104,Rice,Himachal Pradesh,Kinnaur,Annual,2014,2.0
RICE_011105,Rice,Himachal Pradesh,Kullu,Annual,2014,1.441
RICE_011106,Rice,Himachal Pradesh,Mandi,Annual,2014,1.326
RICE_011107,Rice,Himachal Pradesh,Shimla,Annual,2014,1.009
RICE_011108,Rice,Himachal Pradesh,Sirmaur,Annual,2014,1.3
RICE_011109,Rice,Himachal Pradesh,Solan,Annual,2014,2.777
RICE_011110,Rice,Himachal Pradesh,Una,Annual,2014,2.537
RICE_011111,Rice,Jharkhand,Bokaro,Annual,2014,2.571
RICE_011112,Rice,Jharkhand,Chatra,Annual,2014,2.625
RICE_011113,Rice,Jharkhand,Devghar / Deogarh,Annual,2014,1.87
RICE_011114,Rice,Jharkhand,Dhanbad,Annual,2014,2.512
RICE_011115,Rice,Jharkhand,Gadva / Garhwa,Annual,2014,1.526
RICE_011116,Rice,Jharkhand,Giridih,Annual,2014,2.526
RICE_011117,Rice,Jharkhand,Godda,Annual,2014,2.105
RICE_011118,Rice,Jharkhand,Gumla,Annual,2014,1.605
RICE_011119,Rice,Jharkhand,Hazaribagh,Annual,2014,2.525
RICE_011120,Rice,Jharkhand,Jamtara,Annual,2014,1.658
RICE_011121,Rice,Jharkhand,Khodrama / Koderma,Annual,2014,1.794
RICE_011122,Rice,Jharkhand,Khunti,Annual,2014,2.026
RICE_011123,Rice,Jharkhand,Latehar,Annual,2014,0.944
RICE_011124,Rice,Jharkhand,Lohardagga,Annual,2014,2.086
RICE_011125,Rice,Jharkhand,Pakund / Pakur,Annual,2014,2.348
RICE_011126,Rice,Jharkhand,Palamau,Annual,2014,1.061
RICE_011127,Rice,Jharkhand,Ramgadh,Annual,2014,2.254
RICE_011128,Rice,Jharkhand,Ranchi,Annual,2014,2.608
RICE_011129,Rice,Jharkhand,Sahebganj,Annual,2014,1.75
RICE_011130,Rice,Jharkhand,Santhal Paragana / Dumka,Annual,2014,1.915
RICE_011131,Rice,Jharkhand,Sariakela / Kharsawan,Annual,2014,2.401
RICE_011132,Rice,Jharkhand,Simdega,Annual,2014,2.009
RICE_011133,Rice,Jharkhand,Singhbhum East,Annual,2014,2.859
RICE_011134,Rice,Jharkhand,Singhbhum West,Annual,2014,1.843
RICE_011135,Rice,Karnataka,Bagalkote,Annual,2014,2.667
RICE_011136,Rice,Karnataka,Bangalore (Rural),Annual,2014,3.446
RICE_011137,Rice,Karnataka,Bangalore (Urban),Annual,2014,3.567
RICE_011138,Rice,Karnataka,Belgaum,Annual,2014,2.948
RICE_011139,Rice,Karnataka,Bellary,Annual,2014,3.44
RICE_011140,Rice,Karnataka,Bidar,Annual,2014,0.966
RICE_011141,Rice,Karnataka,Bijapur,Annual,2014,3.0
RICE_011142,Rice,Karnataka,Chamaraja Nagar,Annual,2014,3.236
RICE_011143,Rice,Karnataka,Chickmagalur,Annual,2014,2.61
RICE_011144,Rice,Karnataka,Chikkaballapur,Annual,2014,2.383
RICE_011145,Rice,Karnataka,Chitradurga,Annual,2014,2.172
RICE_011146,Rice,Karnataka,Dakshina Kannada,Annual,2014,2.541
RICE_011147,Rice,Karnataka,Davanagere,Annual,2014,3.656
RICE_011148,Rice,Karnataka,Dharwad,Annual,2014,1.594
RICE_011149,Rice,Karnataka,Gadag,Annual,2014,2.941
RICE_011150,Rice,Karnataka,Gulbarga,Annual,2014,1.392
RICE_011151,Rice,Karnataka,Hassan,Annual,2014,3.043
RICE_011152,Rice,Karnataka,Haveri,Annual,2014,2.563
RICE_011153,Rice,Karnataka,Kodagu,Annual,2014,2.807
RICE_011154,Rice,Karnataka,Kolar,Annual,2014,2.559
RICE_011155,Rice,Karnataka,Koppal,Annual,2014,3.203
RICE_011156,Rice,Karnataka,Mandya,Annual,2014,3.69
RICE_011157,Rice,Karnataka,Mysore,Annual,2014,3.394
RICE_011158,Rice,Karnataka,Raichur,Annual,2014,3.032
RICE_011159,Rice,Karnataka,Ramanagaram,Annual,2014,2.423
RICE_011160,Rice,Karnataka,Shimoge,Annual,2014,3.036
RICE_011161,Rice,Karnataka,Tumkur,Annual,2014,2.832
RICE_011162,Rice,Karnataka,Udupi,Annual,2014,2.772
RICE_011163,Rice,Karnataka,Uttara Kannada,Annual,2014,2.229
RICE_011164,Rice,Karnataka,Yadagiri,Annual,2014,2.65
RICE_011165,Rice,Kerala,Alappuzha,Annual,2014,2.995
RICE_011166,Rice,Kerala,Eranakulam,Annual,2014,2.149
RICE_011167,Rice,Kerala,Idukki,Annual,2014,2.571
RICE_011168,Rice,Kerala,Kannur,Annual,2014,2.25
RICE_011169,Rice,Kerala,Kasaragod,Annual,2014,2.285
RICE_011170,Rice,Kerala,Kollam,Annual,2014,2.368
RICE_011171,Rice,Kerala,Kottayam,Annual,2014,2.855
RICE_011172,Rice,Kerala,Kozhikode,Annual,2014,1.474
RICE_011173,Rice,Kerala,Malappuram,Annual,2014,2.652
RICE_011174,Rice,Kerala,Palakkad,Annual,2014,2.851
RICE_011175,Rice,Kerala,Pathanamthitta,Annual,2014,2.923
RICE_011176,Rice,Kerala,Thiruvananthapuram,Annual,2014,2.66
RICE_011177,Rice,Kerala,Thrissur,Annual,2014,3.148
RICE_011178,Rice,Kerala,Wayanad,Annual,2014,2.701
RICE_011179,Rice,Madhya Pradesh,Alirajpur,Annual,2014,0.934
RICE_011180,Rice,Madhya Pradesh,Anuppur,Annual,2014,1.931
RICE_011181,Rice,Madhya Pradesh,Ashoknagar,Annual,2014,1.665
RICE_011182,Rice,Madhya Pradesh,Balaghat,Annual,2014,1.834
RICE_011183,Rice,Madhya Pradesh,Barwani,Annual,2014,2.0
RICE_011184,Rice,Madhya Pradesh,Betul,Annual,2014,2.241
RICE_011185,Rice,Madhya Pradesh,Bhind,Annual,2014,3.445
RICE_011186,Rice,Madhya Pradesh,Bhopal,Annual,2014,2.545
RICE_011187,Rice,Madhya Pradesh,Chhatarpur,Annual,2014,0.867
RICE_011188,Rice,Madhya Pradesh,Chhindwara,Annual,2014,2.4
RICE_011189,Rice,Madhya Pradesh,Damoh,Annual,2014,1.071
RICE_011190,Rice,Madhya Pradesh,Datia,Annual,2014,0.978
RICE_011191,Rice,Madhya Pradesh,Dewas,Annual,2014,0.67
RICE_011192,Rice,Madhya Pradesh,Dhar,Annual,2014,0.67
RICE_011193,Rice,Madhya Pradesh,Dindori,Annual,2014,1.775
RICE_011194,Rice,Madhya Pradesh,Guna,Annual,2014,3.33
RICE_011195,Rice,Madhya Pradesh,Gwalior,Annual,2014,2.272
RICE_011196,Rice,Madhya Pradesh,Harda,Annual,2014,1.714
RICE_011197,Rice,Madhya Pradesh,Hoshangabad,Annual,2014,1.861
RICE_011198,Rice,Madhya Pradesh,Jabalpur,Annual,2014,1.083
RICE_011199,Rice,Madhya Pradesh,Jhabua,Annual,2014,0.606
RICE_011200,Rice,Madhya Pradesh,Katni,Annual,2014,1.428
RICE_011201,Rice,Madhya Pradesh,Khandwa,Annual,2014,1.25
RICE_011202,Rice,Madhya Pradesh,Khargone,Annual,2014,2.0
RICE_011203,Rice,Madhya Pradesh,Mandla,Annual,2014,1.023
RICE_011204,Rice,Madhya Pradesh,Morena,Annual,2014,3.33
RICE_011205,Rice,Madhya Pradesh,Narsinghpur,Annual,2014,1.407
RICE_011206,Rice,Madhya Pradesh,Panna,Annual,2014,1.369
RICE_011207,Rice,Madhya Pradesh,Raisen,Annual,2014,2.501
RICE_011208,Rice,Madhya Pradesh,Rajgarh,Annual,2014,0.67
RICE_011209,Rice,Madhya Pradesh,Rewa,Annual,2014,1.809
RICE_011210,Rice,Madhya Pradesh,Sagar,Annual,2014,1.066
RICE_011211,Rice,Madhya Pradesh,Satna,Annual,2014,1.936
RICE_011212,Rice,Madhya Pradesh,Sehore,Annual,2014,3.409
RICE_011213,Rice,Madhya Pradesh,Seoni,Annual,2014,1.434
RICE_011214,Rice,Madhya Pradesh,Shahdol,Annual,2014,1.965
RICE_011215,Rice,Madhya Pradesh,Sheopur Kalan,Annual,2014,2.246
RICE_011216,Rice,Madhya Pradesh,Shivpuri,Annual,2014,1.238
RICE_011217,Rice,Madhya Pradesh,Sidhi,Annual,2014,0.857
RICE_011218,Rice,Madhya Pradesh,Singrauli,Annual,2014,1.773
RICE_011219,Rice,Madhya Pradesh,Tikamgarh,Annual,2014,0.41
RICE_011220,Rice,Madhya Pradesh,Umaria,Annual,2014,1.673
RICE_011221,Rice,Madhya Pradesh,Vidisha,Annual,2014,0.833
RICE_011222,Rice,Maharashtra,Ahmednagar,Annual,2014,0.256
RICE_011223,Rice,Maharashtra,Amarawati,Annual,2014,0.302
RICE_011224,Rice,Maharashtra,Beed,Annual,2014,0.25
RICE_011225,Rice,Maharashtra,Bhandara,Annual,2014,1.645
RICE_011226,Rice,Maharashtra,Chandrapur,Annual,2014,0.778
RICE_011227,Rice,Maharashtra,Gadchiroli,Annual,2014,1.324
RICE_011228,Rice,Maharashtra,Gondia,Annual,2014,2.008
RICE_011229,Rice,Maharashtra,Kolhapur,Annual,2014,3.029
RICE_011230,Rice,Maharashtra,Latur,Annual,2014,0.19
RICE_011231,Rice,Maharashtra,Nagpur,Annual,2014,1.212
RICE_011232,Rice,Maharashtra,Nanded,Annual,2014,0.125
RICE_011233,Rice,Maharashtra,Nandurbar,Annual,2014,0.495
RICE_011234,Rice,Maharashtra,Nasik,Annual,2014,1.218
RICE_011235,Rice,Maharashtra,Osmanabad,Annual,2014,0.191
RICE_011236,Rice,Maharashtra,Palghar,Annual,2014,2.517
RICE_011237,Rice,Maharashtra,Pune,Annual,2014,1.658
RICE_011238,Rice,Maharashtra,Raigad,Annual,2014,2.8
RICE_011239,Rice,Maharashtra,Ratnagiri,Annual,2014,3.041
RICE_011240,Rice,Maharashtra,Sangli,Annual,2014,2.026
RICE_011241,Rice,Maharashtra,Satara,Annual,2014,1.79
RICE_011242,Rice,Maharashtra,Sindhudurg,Annual,2014,3.254
RICE_011243,Rice,Maharashtra,Solapur,Annual,2014,0.25
RICE_011244,Rice,Maharashtra,Thane,Annual,2014,2.421
RICE_011245,Rice,Orissa,Angul,Annual,2014,2.486
RICE_011246,Rice,Orissa,Balasore,Annual,2014,2.291
RICE_011247,Rice,Orissa,Bargarh,Annual,2014,2.928
RICE_011248,Rice,Orissa,Bhadrak,Annual,2014,1.421
RICE_011249,Rice,Orissa,Bolangir,Annual,2014,3.114
RICE_011250,Rice,Orissa,Boudh,Annual,2014,2.3
RICE_011251,Rice,Orissa,Cuttack,Annual,2014,2.505
RICE_011252,Rice,Orissa,Deogarh,Annual,2014,2.983
RICE_011253,Rice,Orissa,Dhenkanal,Annual,2014,3.313
RICE_011254,Rice,Orissa,Gajapati,Annual,2014,1.487
RICE_011255,Rice,Orissa,Ganjam,Annual,2014,2.71
RICE_011256,Rice,Orissa,Jagatsinghapur,Annual,2014,2.165
RICE_011257,Rice,Orissa,Jajapur,Annual,2014,1.856
RICE_011258,Rice,Orissa,Jharsuguda,Annual,2014,1.424
RICE_011259,Rice,Orissa,Kalahandi,Annual,2014,2.329
RICE_011260,Rice,Orissa,Kendrapara,Annual,2014,1.438
RICE_011261,Rice,Orissa,Keonjhar,Annual,2014,2.348
RICE_011262,Rice,Orissa,Khurda,Annual,2014,2.177
RICE_011263,Rice,Orissa,Koraput,Annual,2014,2.042
RICE_011264,Rice,Orissa,Malkangiri,Annual,2014,1.725
RICE_011265,Rice,Orissa,Mayurbhanja,Annual,2014,2.176
RICE_011266,Rice,Orissa,Nawarangpur,Annual,2014,2.328
RICE_011267,Rice,Orissa,Nayagarh,Annual,2014,2.099
RICE_011268,Rice,Orissa,Nuapada,Annual,2014,2.121
RICE_011269,Rice,Orissa,Phulbani ( Kandhamal ),Annual,2014,1.852
RICE_011270,Rice,Orissa,Puri,Annual,2014,2.109
RICE_011271,Rice,Orissa,Rayagada,Annual,2014,2.82
RICE_011272,Rice,Orissa,Sambalpur,Annual,2014,2.433
RICE_011273,Rice,Orissa,Sonepur,Annual,2014,3.361
RICE_011274,Rice,Orissa,Sundargarh,Annual,2014,2.535
RICE_011275,Rice,Punjab,Amritsar,Annual,2014,2.775
RICE_011276,Rice,Punjab,Barnala,Annual,2014,4.694
RICE_011277,Rice,Punjab,Bhatinda,Annual,2014,4.445
RICE_011278,Rice,Punjab,Faridkot,Annual,2014,3.972
RICE_011279,Rice,Punjab,Fatehgarh Sahib,Annual,2014,4.349
RICE_011280,Rice,Punjab,Fazilka,Annual,2014,3.062
RICE_011281,Rice,Punjab,Ferozpur,Annual,2014,3.878
RICE_011282,Rice,Punjab,Gurdaspur,Annual,2014,2.613
RICE_011283,Rice,Punjab,Hoshiarpur,Annual,2014,3.437
RICE_011284,Rice,Punjab,Jalandhar,Annual,2014,3.689
RICE_011285,Rice,Punjab,Kapurthala,Annual,2014,3.752
RICE_011286,Rice,Punjab,Ludhiana,Annual,2014,4.354
RICE_011287,Rice,Punjab,Mansa,Annual,2014,3.61
RICE_011288,Rice,Punjab,Moga,Annual,2014,4.605
RICE_011289,Rice,Punjab,Pathankot,Annual,2014,2.483
RICE_011290,Rice,Punjab,Patiala,Annual,2014,3.93
RICE_011291,Rice,Punjab,Roopnagar,Annual,2014,3.583
RICE_011292,Rice,Punjab,S.A.S Nagar,Annual,2014,3.241
RICE_011293,Rice,Punjab,S.B.S Nagar,Annual,2014,3.965
RICE_011294,Rice,Punjab,Sangrur,Annual,2014,4.727
RICE_011295,Rice,Punjab,Shri Mukatsar Sahib,Annual,2014,3.807
RICE_011296,Rice,Punjab,Taran Taran,Annual,2014,3.068
RICE_011297,Rice,Rajasthan,Ajmer,Annual,2014,2.0
RICE_011298,Rice,Rajasthan,Alwar,Annual,2014,2.2
RICE_011299,Rice,Rajasthan,Banswara,Annual,2014,0.637
RICE_011300,Rice,Rajasthan,Baran,Annual,2014,3.505
RICE_011301,Rice,Rajasthan,Bharatpur,Annual,2014,2.192
RICE_011302,Rice,Rajasthan,Bhilwara,Annual,2014,2.196
RICE_011303,Rice,Rajasthan,Bikaner,Annual,2014,2.0
RICE_011304,Rice,Rajasthan,Bundi,Annual,2014,2.221
RICE_011305,Rice,Rajasthan,Chittorgarh,Annual,2014,2.176
RICE_011306,Rice,Rajasthan,Dholpur,Annual,2014,2.2
RICE_011307,Rice,Rajasthan,Dungarpur,Annual,2014,0.697
RICE_011308,Rice,Rajasthan,Ganganagar,Annual,2014,3.273
RICE_011309,Rice,Rajasthan,Hanumangarh,Annual,2014,3.624
RICE_011310,Rice,Rajasthan,Jhalawar,Annual,2014,2.186
RICE_011311,Rice,Rajasthan,Karoli,Annual,2014,1.163
RICE_011312,Rice,Rajasthan,Kota,Annual,2014,2.233
RICE_011313,Rice,Rajasthan,Pratapgarh,Annual,2014,2.18
RICE_011314,Rice,Rajasthan,Rajsamand,Annual,2014,2.0
RICE_011315,Rice,Rajasthan,Swami Madhopur,Annual,2014,2.193
RICE_011316,Rice,Rajasthan,Tonk,Annual,2014,1.0
RICE_011317,Rice,Rajasthan,Udaipur,Annual,2014,1.074
RICE_011318,Rice,Tamil Nadu,Ariyalur,Annual,2014,5.03
RICE_011319,Rice,Tamil Nadu,Chengalpattu Mgr / Kancheepuram,Annual,2014,4.685
RICE_011320,Rice,Tamil Nadu,Chidambanar / Toothukudi,Annual,2014,5.166
RICE_011321,Rice,Tamil Nadu,Coimbatore,Annual,2014,4.594
RICE_011322,Rice,Tamil Nadu,Dharmapuri,Annual,2014,5.2
RICE_011323,Rice,Tamil Nadu,Dindigul Anna,Annual,2014,5.856
RICE_011324,Rice,Tamil Nadu,Kanyakumari,Annual,2014,5.079
RICE_011325,Rice,Tamil Nadu,Karur,Annual,2014,5.101
RICE_011326,Rice,Tamil Nadu,Krishnagiri,Annual,2014,4.885
RICE_011327,Rice,Tamil Nadu,Madurai,Annual,2014,4.139
RICE_011328,Rice,Tamil Nadu,Nagapattinam,Annual,2014,3.636
RICE_011329,Rice,Tamil Nadu,Namakkal,Annual,2014,5.118
RICE_011330,Rice,Tamil Nadu,North Arcot / Vellore,Annual,2014,5.323
RICE_011331,Rice,Tamil Nadu,Perambular,Annual,2014,4.831
RICE_011332,Rice,Tamil Nadu,Periyar (Erode),Annual,2014,4.759
RICE_011333,Rice,Tamil Nadu,Pudukkottai,Annual,2014,4.151
RICE_011334,Rice,Tamil Nadu,Ramananthapuram,Annual,2014,3.621
RICE_011335,Rice,Tamil Nadu,Salem,Annual,2014,5.313
RICE_011336,Rice,Tamil Nadu,Sivagangai / Pasumpon,Annual,2014,3.455
RICE_011337,Rice,Tamil Nadu,South Arcot / Cuddalore,Annual,2014,4.767
RICE_011338,Rice,Tamil Nadu,Thanjavur,Annual,2014,3.916
RICE_011339,Rice,Tamil Nadu,The Nilgiris,Annual,2014,5.0
RICE_011340,Rice,Tamil Nadu,Theni,Annual,2014,5.195
RICE_011341,Rice,Tamil Nadu,Thirunelveli,Annual,2014,5.108
RICE_011342,Rice,Tamil Nadu,Thiruppur,Annual,2014,5.744
RICE_011343,Rice,Tamil Nadu,Thiruvallur,Annual,2014,4.423
RICE_011344,Rice,Tamil Nadu,Thiruvannamalai,Annual,2014,4.716
RICE_011345,Rice,Tamil Nadu,Tiruchirapalli / Trichy,Annual,2014,4.685
RICE_011346,Rice,Tamil Nadu,Tiruvarur,Annual,2014,4.428
RICE_011347,Rice,Tamil Nadu,Villupuram,Annual,2014,4.855
RICE_011348,Rice,Tamil Nadu,Virudhunagar / Kamarajar,Annual,2014,4.151
RICE_011349,Rice,Telangana,Adilabad,Annual,2014,2.519
RICE_011350,Rice,Telangana,Karimnagar,Annual,2014,3.559
RICE_011351,Rice,Telangana,Khammam,Annual,2014,3.131
RICE_011352,Rice,Telangana,Mahabubnagar,Annual,2014,2.601
RICE_011353,Rice,Telangana,Medak,Annual,2014,3.274
RICE_011354,Rice,Telangana,Nalgonda,Annual,2014,3.22
RICE_011355,Rice,Telangana,Nizamabad,Annual,2014,3.666
RICE_011356,Rice,Telangana,Rangareddy,Annual,2014,2.615
RICE_011357,Rice,Telangana,Warangal,Annual,2014,3.08
RICE_011358,Rice,Uttar Pradesh,Agra,Annual,2014,2.385
RICE_011359,Rice,Uttar Pradesh,Aligarh,Annual,2014,2.234
RICE_011360,Rice,Uttar Pradesh,Allahabad,Annual,2014,2.1
RICE_011361,Rice,Uttar Pradesh,Ambedkar Nagar,Annual,2014,2.451
RICE_011362,Rice,Uttar Pradesh,Amethi/C.S.M. Nagar,Annual,2014,1.518
RICE_011363,Rice,Uttar Pradesh,Amroha/J.B.Fulenagar,Annual,2014,2.663
RICE_011364,Rice,Uttar Pradesh,Auraiya,Annual,2014,3.155
RICE_011365,Rice,Uttar Pradesh,Azamgarh,Annual,2014,1.977
RICE_011366,Rice,Uttar Pradesh,Bagpat,Annual,2014,2.508
RICE_011367,Rice,Uttar Pradesh,Bahraich,Annual,2014,2.225
RICE_011368,Rice,Uttar Pradesh,Ballia,Annual,2014,2.057
RICE_011369,Rice,Uttar Pradesh,Balrampur,Annual,2014,1.835
RICE_011370,Rice,Uttar Pradesh,Banda,Annual,2014,1.785
RICE_011371,Rice,Uttar Pradesh,Barabanki,Annual,2014,2.76
RICE_011372,Rice,Uttar Pradesh,Bareilly,Annual,2014,2.059
RICE_011373,Rice,Uttar Pradesh,Basti,Annual,2014,1.944
RICE_011374,Rice,Uttar Pradesh,Bijnor,Annual,2014,2.616
RICE_011375,Rice,Uttar Pradesh,Budaun,Annual,2014,2.053
RICE_011376,Rice,Uttar Pradesh,Buland Shahar,Annual,2014,2.561
RICE_011377,Rice,Uttar Pradesh,Chandauli,Annual,2014,2.961
RICE_011378,Rice,Uttar Pradesh,Chitrakoot,Annual,2014,1.008
RICE_011379,Rice,Uttar Pradesh,Deoria,Annual,2014,2.009
RICE_011380,Rice,Uttar Pradesh,Etah,Annual,2014,2.208
RICE_011381,Rice,Uttar Pradesh,Etawah,Annual,2014,2.586
RICE_011382,Rice,Uttar Pradesh,Faizabad,Annual,2014,2.197
RICE_011383,Rice,Uttar Pradesh,Farrukhabad,Annual,2014,2.791
RICE_011384,Rice,Uttar Pradesh,Fatehpur,Annual,2014,1.946
RICE_011385,Rice,Uttar Pradesh,Firozabad,Annual,2014,2.428
RICE_011386,Rice,Uttar Pradesh,G.B.Nagar,Annual,2014,2.784
RICE_011387,Rice,Uttar Pradesh,Ghaziabad,Annual,2014,2.743
RICE_011388,Rice,Uttar Pradesh,Ghazipur,Annual,2014,2.153
RICE_011389,Rice,Uttar Pradesh,Gonda,Annual,2014,2.07
RICE_011390,Rice,Uttar Pradesh,Gorakhpur,Annual,2014,2.21
RICE_011391,Rice,Uttar Pradesh,Hamirpur,Annual,2014,1.75
RICE_011392,Rice,Uttar Pradesh,Hapur,Annual,2014,2.951
RICE_011393,Rice,Uttar Pradesh,Hardoi,Annual,2014,1.965
RICE_011394,Rice,Uttar Pradesh,Hathras,Annual,2014,1.933
RICE_011395,Rice,Uttar Pradesh,Jalaun,Annual,2014,1.745
RICE_011396,Rice,Uttar Pradesh,Jaunpur,Annual,2014,2.414
RICE_011397,Rice,Uttar Pradesh,Jhansi,Annual,2014,1.846
RICE_011398,Rice,Uttar Pradesh,Kannauj,Annual,2014,2.379
RICE_011399,Rice,Uttar Pradesh,Kanpur Dehat,Annual,2014,2.473
RICE_011400,Rice,Uttar Pradesh,Kanpur Nagar,Annual,2014,2.316
RICE_011401,Rice,Uttar Pradesh,Kasganj/Khansi Ram Nagar,Annual,2014,2.389
RICE_011402,Rice,Uttar Pradesh,Kheri,Annual,2014,2.724
RICE_011403,Rice,Uttar Pradesh,Kushambi,Annual,2014,2.163
RICE_011404,Rice,Uttar Pradesh,Kushi Nagar / Padrauna,Annual,2014,2.142
RICE_011405,Rice,Uttar Pradesh,Lalitpur,Annual,2014,0.781
RICE_011406,Rice,Uttar Pradesh,Lucknow,Annual,2014,2.325
RICE_011407,Rice,Uttar Pradesh,Mahoba,Annual,2014,2.0
RICE_011408,Rice,Uttar Pradesh,Mahrajgani,Annual,2014,2.453
RICE_011409,Rice,Uttar Pradesh,Mainpuri,Annual,2014,2.608
RICE_011410,Rice,Uttar Pradesh,Mathura,Annual,2014,2.323
RICE_011411,Rice,Uttar Pradesh,Mau,Annual,2014,1.757
RICE_011412,Rice,Uttar Pradesh,Meerut,Annual,2014,2.964
RICE_011413,Rice,Uttar Pradesh,Mirzpur,Annual,2014,2.315
RICE_011414,Rice,Uttar Pradesh,Moradabad,Annual,2014,2.342
RICE_011415,Rice,Uttar Pradesh,Muzaffarnagar,Annual,2014,2.411
RICE_011416,Rice,Uttar Pradesh,Pilibhit,Annual,2014,2.626
RICE_011417,Rice,Uttar Pradesh,Pratapgarh,Annual,2014,2.263
RICE_011418,Rice,Uttar Pradesh,Rae-Bareily,Annual,2014,2.364
RICE_011419,Rice,Uttar Pradesh,Rampur,Annual,2014,2.26
RICE_011420,Rice,Uttar Pradesh,Saharanpur,Annual,2014,2.488
RICE_011421,Rice,Uttar Pradesh,Sambhal,Annual,2014,2.189
RICE_011422,Rice,Uttar Pradesh,Santh Kabir Nagar,Annual,2014,1.788
RICE_011423,Rice,Uttar Pradesh,Santh Ravi Das Nagar / Bhadoi,Annual,2014,2.214
RICE_011424,Rice,Uttar Pradesh,Shahjahanpur,Annual,2014,2.805
RICE_011425,Rice,Uttar Pradesh,Shamli,Annual,2014,2.645
RICE_011426,Rice,Uttar Pradesh,Shravasti,Annual,2014,2.175
RICE_011427,Rice,Uttar Pradesh,Sidharthnagar,Annual,2014,2.43
RICE_011428,Rice,Uttar Pradesh,Sitapur,Annual,2014,2.333
RICE_011429,Rice,Uttar Pradesh,Sonbhadra,Annual,2014,1.777
RICE_011430,Rice,Uttar Pradesh,Sultanpur,Annual,2014,1.781
RICE_011431,Rice,Uttar Pradesh,Unnao,Annual,2014,1.678
RICE_011432,Rice,Uttar Pradesh,Varanasi,Annual,2014,2.322
RICE_011433,Rice,Uttarakhand,Almorah,Annual,2014,1.17
RICE_011434,Rice,Uttarakhand,Bageshwar,Annual,2014,1.517
RICE_011435,Rice,Uttarakhand,Chamoli,Annual,2014,1.279
RICE_011436,Rice,Uttarakhand,Champavat,Annual,2014,1.298
RICE_011437,Rice,Uttarakhand,Dehradun,Annual,2014,1.925
RICE_011438,Rice,Uttarakhand,Garhwal,Annual,2014,1.191
RICE_011439,Rice,Uttarakhand,Haridwar,Annual,2014,2.226
RICE_011440,Rice,Uttarakhand,Nainital,Annual,2014,2.813
RICE_011441,Rice,Uttarakhand,Pithorgarh,Annual,2014,1.269
RICE_011442,Rice,Uttarakhand,Rudraprayag,Annual,2014,1.306
RICE_011443,Rice,Uttarakhand,Tehri Garhwal,Annual,2014,1.682
RICE_011444,Rice,Uttarakhand,Udham Singh Nagar,Annual,2014,3.244
RICE_011445,Rice,Uttarakhand,Uttar Kashi,Annual,2014,1.663
RICE_011446,Rice,West Bengal,24-Paraganas North,Annual,2014,3.018
RICE_011447,Rice,West Bengal,24-Paraganas South,Annual,2014,2.586
RICE_011448,Rice,West Bengal,Bankura,Annual,2014,2.764
RICE_011449,Rice,West Bengal,Birbhum,Annual,2014,3.28
RICE_011450,Rice,West Bengal,Burdwan,Annual,2014,3.251
RICE_011451,Rice,West Bengal,Cooch Behar,Annual,2014,2.596
RICE_011452,Rice,West Bengal,Dakshin Dinajpur,Annual,2014,2.874
RICE_011453,Rice,West Bengal,Darjeeling,Annual,2014,2.105
RICE_011454,Rice,West Bengal,East Midnapore / Purba Midnapore,Annual,2014,2.666
RICE_011455,Rice,West Bengal,Hooghly,Annual,2014,3.116
RICE_011456,Rice,West Bengal,Jalpaiguri,Annual,2014,2.437
RICE_011457,Rice,West Bengal,Jhargram,Annual,2014,2.73
RICE_011458,Rice,West Bengal,Malda,Annual,2014,3.465
RICE_011459,Rice,West Bengal,Murshidabad,Annual,2014,3.24
RICE_011460,Rice,West Bengal,Nadia,Annual,2014,3.215
RICE_011461,Rice,West Bengal,Purulia,Annual,2014,2.143
RICE_011462,Rice,West Bengal,Uttar Dinajpur,Annual,2014,2.746
RICE_011463,Rice,West Bengal,West Midnapore,Annual,2014,2.77
RICE_011464,Rice,Andhra Pradesh,Anantapur,Annual,2015,2.905
RICE_011465,Rice,Andhra Pradesh,Chittoor,Annual,2015,3.795
RICE_011466,Rice,Andhra Pradesh,East Godavari,Annual,2015,3.787
RICE_011467,Rice,Andhra Pradesh,Guntur,Annual,2015,2.909
RICE_011468,Rice,Andhra Pradesh,Kadapa Ysr,Annual,2015,3.058
RICE_011469,Rice,Andhra Pradesh,Krishna,Annual,2015,3.456
RICE_011470,Rice,Andhra Pradesh,Kurnool,Annual,2015,3.087
RICE_011471,Rice,Andhra Pradesh,Prakasam,Annual,2015,4.025
RICE_011472,Rice,Andhra Pradesh,S.P.S. Nellore,Annual,2015,4.474
RICE_011473,Rice,Andhra Pradesh,Srikakulam,Annual,2015,2.311
RICE_011474,Rice,Andhra Pradesh,Visakhapatnam,Annual,2015,2.14
RICE_011475,Rice,Andhra Pradesh,Vizianagaram,Annual,2015,2.946
RICE_011476,Rice,Andhra Pradesh,West Godavari,Annual,2015,3.86
RICE_011477,Rice,Assam,Baksa,Annual,2015,2.09
RICE_011478,Rice,Assam,Barpeta,Annual,2015,1.789
RICE_011479,Rice,Assam,Bongaigaon,Annual,2015,1.804
RICE_011480,Rice,Assam,Cachar,Annual,2015,2.047
RICE_011481,Rice,Assam,Chirang,Annual,2015,1.712
RICE_011482,Rice,Assam,Darrang,Annual,2015,2.4
RICE_011483,Rice,Assam,Dhemaji,Annual,2015,1.457
RICE_011484,Rice,Assam,Dhubri,Annual,2015,2.7
RICE_011485,Rice,Assam,Dibrugarh,Annual,2015,1.933
RICE_011486,Rice,Assam,Goalpara,Annual,2015,2.205
RICE_011487,Rice,Assam,Golaghat,Annual,2015,2.173
RICE_011488,Rice,Assam,Hailakandi,Annual,2015,2.372
RICE_011489,Rice,Assam,Jorhat,Annual,2015,2.122
RICE_011490,Rice,Assam,Kamrup,Annual,2015,2.481
RICE_011491,Rice,Assam,Kamrup (Metro),Annual,2015,2.339
RICE_011492,Rice,Assam,Karbi Anglong,Annual,2015,1.645
RICE_011493,Rice,Assam,Karimganj,Annual,2015,1.627
RICE_011494,Rice,Assam,Kokrajhar,Annual,2015,1.69
RICE_011495,Rice,Assam,Lakhimpur,Annual,2015,2.032
RICE_011496,Rice,Assam,Marigaon,Annual,2015,2.368
RICE_011497,Rice,Assam,Nagaon,Annual,2015,2.305
RICE_011498,Rice,Assam,Nalbari,Annual,2015,2.147
RICE_011499,Rice,Assam,North Cachar Hil,Annual,2015,2.179
RICE_011500,Rice,Assam,Sibsagar,Annual,2015,2.028
RICE_011501,Rice,Assam,Sonitpur,Annual,2015,2.197
RICE_011502,Rice,Assam,Tinsukia,Annual,2015,1.829
RICE_011503,Rice,Assam,Udalguri,Annual,2015,1.941
RICE_011504,Rice,Bihar,Araria,Annual,2015,2.066
RICE_011505,Rice,Bihar,Arwal,Annual,2015,3.125
RICE_011506,Rice,Bihar,Aurangabad,Annual,2015,3.453
RICE_011507,Rice,Bihar,Banka,Annual,2015,3.352
RICE_011508,Rice,Bihar,Begusarai,Annual,2015,1.584
RICE_011509,Rice,Bihar,Bhabhua / Kaimur,Annual,2015,2.586
RICE_011510,Rice,Bihar,Bhagalpur,Annual,2015,2.356
RICE_011511,Rice,Bihar,Bhojpur,Annual,2015,3.465
RICE_011512,Rice,Bihar,Buxar,Annual,2015,3.086
RICE_011513,Rice,Bihar,Champaran (East),Annual,2015,0.722
RICE_011514,Rice,Bihar,Champaran (West),Annual,2015,1.845
RICE_011515,Rice,Bihar,Darbhanga,Annual,2015,1.402
RICE_011516,Rice,Bihar,Gaya,Annual,2015,2.401
RICE_011517,Rice,Bihar,Gopalganj,Annual,2015,0.834
RICE_011518,Rice,Bihar,Jamui,Annual,2015,1.879
RICE_011519,Rice,Bihar,Jehanabad,Annual,2015,2.678
RICE_011520,Rice,Bihar,Katihar,Annual,2015,2.098
RICE_011521,Rice,Bihar,Khagaria,Annual,2015,1.854
RICE_011522,Rice,Bihar,Kishanganj,Annual,2015,1.773
RICE_011523,Rice,Bihar,Lakhisarai,Annual,2015,4.27
RICE_011524,Rice,Bihar,Madhepura,Annual,2015,2.035
RICE_011525,Rice,Bihar,Madhubani,Annual,2015,1.035
RICE_011526,Rice,Bihar,Mungair,Annual,2015,2.623
RICE_011527,Rice,Bihar,Muzaffarpur,Annual,2015,0.95
RICE_011528,Rice,Bihar,Nalanda,Annual,2015,2.897
RICE_011529,Rice,Bihar,Nawada,Annual,2015,2.538
RICE_011530,Rice,Bihar,Patna,Annual,2015,3.028
RICE_011531,Rice,Bihar,Purnea,Annual,2015,1.942
RICE_011532,Rice,Bihar,Rohtas,Annual,2015,3.863
RICE_011533,Rice,Bihar,Saharsa,Annual,2015,1.984
RICE_011534,Rice,Bihar,Samastipur,Annual,2015,1.684
RICE_011535,Rice,Bihar,Saran,Annual,2015,1.08
RICE_011536,Rice,Bihar,Sheikapura,Annual,2015,3.872
RICE_011537,Rice,Bihar,Sheohar,Annual,2015,0.55
RICE_011538,Rice,Bihar,Sitamarhi,Annual,2015,0.967
RICE_011539,Rice,Bihar,Siwan,Annual,2015,1.577
RICE_011540,Rice,Bihar,Supaul,Annual,2015,1.895
RICE_011541,Rice,Bihar,Vaishali,Annual,2015,1.02
RICE_011542,Rice,Chhattisgarh,Balod,Annual,2015,1.088
RICE_011543,Rice,Chhattisgarh,Baloda Bazar,Annual,2015,1.419
RICE_011544,Rice,Chhattisgarh,Balrampur,Annual,2015,1.126
RICE_011545,Rice,Chhattisgarh,Bastar,Annual,2015,0.824
RICE_011546,Rice,Chhattisgarh,Bemetra,Annual,2015,1.436
RICE_011547,Rice,Chhattisgarh,Bijapur,Annual,2015,0.935
RICE_011548,Rice,Chhattisgarh,Bilaspur,Annual,2015,1.163
RICE_011549,Rice,Chhattisgarh,Dantewara,Annual,2015,0.72
RICE_011550,Rice,Chhattisgarh,Dhamtari,Annual,2015,1.813
RICE_011551,Rice,Chhattisgarh,Durg,Annual,2015,1.342
RICE_011552,Rice,Chhattisgarh,Gariaband,Annual,2015,0.749
RICE_011553,Rice,Chhattisgarh,Janjgir,Annual,2015,2.822
RICE_011554,Rice,Chhattisgarh,Jashpur,Annual,2015,0.899
RICE_011555,Rice,Chhattisgarh,Kanker,Annual,2015,1.22
RICE_011556,Rice,Chhattisgarh,Kawardha,Annual,2015,1.002
RICE_011557,Rice,Chhattisgarh,Kondagaon,Annual,2015,1.108
RICE_011558,Rice,Chhattisgarh,Korba,Annual,2015,0.788
RICE_011559,Rice,Chhattisgarh,Koriya,Annual,2015,0.733
RICE_011560,Rice,Chhattisgarh,Mahasmund,Annual,2015,1.443
RICE_011561,Rice,Chhattisgarh,Mungli,Annual,2015,2.183
RICE_011562,Rice,Chhattisgarh,Narayanpur,Annual,2015,0.706
RICE_011563,Rice,Chhattisgarh,Raigarh,Annual,2015,1.103
RICE_011564,Rice,Chhattisgarh,Raipur,Annual,2015,1.597
RICE_011565,Rice,Chhattisgarh,Rajnandgaon,Annual,2015,0.742
RICE_011566,Rice,Chhattisgarh,Sukma,Annual,2015,1.279
RICE_011567,Rice,Chhattisgarh,Surajpur,Annual,2015,1.256
RICE_011568,Rice,Chhattisgarh,Surguja,Annual,2015,1.435
RICE_011569,Rice,Gujarat,Ahmedabad,Annual,2015,2.601
RICE_011570,Rice,Gujarat,Anand,Annual,2015,2.769
RICE_011571,Rice,Gujarat,Aravalli,Annual,2015,1.164
RICE_011572,Rice,Gujarat,Banaskantha,Annual,2015,1.125
RICE_011573,Rice,Gujarat,Bharuch,Annual,2015,1.98
RICE_011574,Rice,Gujarat,Chhota Udaipur,Annual,2015,1.411
RICE_011575,Rice,Gujarat,Dahod,Annual,2015,0.276
RICE_011576,Rice,Gujarat,Dangs,Annual,2015,1.973
RICE_011577,Rice,Gujarat,Gandhinagar,Annual,2015,2.054
RICE_011578,Rice,Gujarat,Kheda,Annual,2015,2.521
RICE_011579,Rice,Gujarat,Mahisagar,Annual,2015,1.732
RICE_011580,Rice,Gujarat,Mehsana,Annual,2015,2.408
RICE_011581,Rice,Gujarat,Narmada,Annual,2015,0.598
RICE_011582,Rice,Gujarat,Navsari,Annual,2015,2.51
RICE_011583,Rice,Gujarat,Panchmahal,Annual,2015,1.046
RICE_011584,Rice,Gujarat,Sabarkantha,Annual,2015,3.138
RICE_011585,Rice,Gujarat,Surat,Annual,2015,2.278
RICE_011586,Rice,Gujarat,Surendranagar,Annual,2015,2.515
RICE_011587,Rice,Gujarat,Tapi,Annual,2015,2.1
RICE_011588,Rice,Gujarat,Vadodara,Annual,2015,1.735
RICE_011589,Rice,Gujarat,Valsad,Annual,2015,2.438
RICE_011590,Rice,Haryana,Ambala,Annual,2015,3.834
RICE_011591,Rice,Haryana,Bhiwani,Annual,2015,2.12
RICE_011592,Rice,Haryana,Faridabad,Annual,2015,1.833
RICE_011593,Rice,Haryana,Fatehabad,Annual,2015,4.176
RICE_011594,Rice,Haryana,Gurgaon,Annual,2015,3.0
RICE_011595,Rice,Haryana,Hissar,Annual,2015,2.334
RICE_011596,Rice,Haryana,Jhajjar,Annual,2015,2.629
RICE_011597,Rice,Haryana,Jind,Annual,2015,2.426
RICE_011598,Rice,Haryana,Kaithal,Annual,2015,3.027
RICE_011599,Rice,Haryana,Karnal,Annual,2015,3.066
RICE_011600,Rice,Haryana,Kurukshetra,Annual,2015,3.69
RICE_011601,Rice,Haryana,Mewat,Annual,2015,3.2
RICE_011602,Rice,Haryana,Palwal,Annual,2015,2.232
RICE_011603,Rice,Haryana,Panchkula,Annual,2015,3.656
RICE_011604,Rice,Haryana,Panipat,Annual,2015,2.703
RICE_011605,Rice,Haryana,Rewari,Annual,2015,3.0
RICE_011606,Rice,Haryana,Rohtak,Annual,2015,2.091
RICE_011607,Rice,Haryana,Sirsa,Annual,2015,3.117
RICE_011608,Rice,Haryana,Sonepat,Annual,2015,2.628
RICE_011609,Rice,Haryana,Yamunanagar,Annual,2015,3.784
RICE_011610,Rice,Himachal Pradesh,Bilashpur,Annual,2015,2.077
RICE_011611,Rice,Himachal Pradesh,Chamba,Annual,2015,1.205
RICE_011612,Rice,Himachal Pradesh,Hamirpur,Annual,2015,1.412
RICE_011613,Rice,Himachal Pradesh,Kangra,Annual,2015,1.507
RICE_011614,Rice,Himachal Pradesh,Kinnaur,Annual,2015,2.0
RICE_011615,Rice,Himachal Pradesh,Kullu,Annual,2015,1.313
RICE_011616,Rice,Himachal Pradesh,Mandi,Annual,2015,1.733
RICE_011617,Rice,Himachal Pradesh,Shimla,Annual,2015,0.912
RICE_011618,Rice,Himachal Pradesh,Sirmaur,Annual,2015,1.182
RICE_011619,Rice,Himachal Pradesh,Solan,Annual,2015,2.523
RICE_011620,Rice,Himachal Pradesh,Una,Annual,2015,2.306
RICE_011621,Rice,Jharkhand,Bokaro,Annual,2015,0.982
RICE_011622,Rice,Jharkhand,Chatra,Annual,2015,1.021
RICE_011623,Rice,Jharkhand,Devghar / Deogarh,Annual,2015,1.297
RICE_011624,Rice,Jharkhand,Dhanbad,Annual,2015,1.118
RICE_011625,Rice,Jharkhand,Gadva / Garhwa,Annual,2015,0.744
RICE_011626,Rice,Jharkhand,Giridih,Annual,2015,1.211
RICE_011627,Rice,Jharkhand,Godda,Annual,2015,0.492
RICE_011628,Rice,Jharkhand,Gumla,Annual,2015,0.979
RICE_011629,Rice,Jharkhand,Hazaribagh,Annual,2015,1.432
RICE_011630,Rice,Jharkhand,Jamtara,Annual,2015,0.637
RICE_011631,Rice,Jharkhand,Khodrama / Koderma,Annual,2015,0.897
RICE_011632,Rice,Jharkhand,Khunti,Annual,2015,0.85
RICE_011633,Rice,Jharkhand,Latehar,Annual,2015,0.563
RICE_011634,Rice,Jharkhand,Lohardagga,Annual,2015,1.085
RICE_011635,Rice,Jharkhand,Pakund / Pakur,Annual,2015,1.964
RICE_011636,Rice,Jharkhand,Palamau,Annual,2015,0.927
RICE_011637,Rice,Jharkhand,Ramgadh,Annual,2015,0.555
RICE_011638,Rice,Jharkhand,Ranchi,Annual,2015,0.788
RICE_011639,Rice,Jharkhand,Sahebganj,Annual,2015,1.385
RICE_011640,Rice,Jharkhand,Santhal Paragana / Dumka,Annual,2015,0.717
RICE_011641,Rice,Jharkhand,Sariakela / Kharsawan,Annual,2015,0.656
RICE_011642,Rice,Jharkhand,Simdega,Annual,2015,1.162
RICE_011643,Rice,Jharkhand,Singhbhum East,Annual,2015,1.62
RICE_011644,Rice,Jharkhand,Singhbhum West,Annual,2015,0.71
RICE_011645,Rice,Karnataka,Bagalkote,Annual,2015,3.0
RICE_011646,Rice,Karnataka,Bangalore (Rural),Annual,2015,2.635
RICE_011647,Rice,Karnataka,Bangalore (Urban),Annual,2015,3.09
RICE_011648,Rice,Karnataka,Belgaum,Annual,2015,0.666
RICE_011649,Rice,Karnataka,Bellary,Annual,2015,3.645
RICE_011650,Rice,Karnataka,Bidar,Annual,2015,0.852
RICE_011651,Rice,Karnataka,Bijapur,Annual,2015,2.8
RICE_011652,Rice,Karnataka,Chamaraja Nagar,Annual,2015,3.589
RICE_011653,Rice,Karnataka,Chickmagalur,Annual,2015,2.673
RICE_011654,Rice,Karnataka,Chikkaballapur,Annual,2015,2.722
RICE_011655,Rice,Karnataka,Chitradurga,Annual,2015,2.377
RICE_011656,Rice,Karnataka,Dakshina Kannada,Annual,2015,2.657
RICE_011657,Rice,Karnataka,Davanagere,Annual,2015,3.75
RICE_011658,Rice,Karnataka,Dharwad,Annual,2015,0.306
RICE_011659,Rice,Karnataka,Gadag,Annual,2015,3.269
RICE_011660,Rice,Karnataka,Gulbarga,Annual,2015,2.088
RICE_011661,Rice,Karnataka,Hassan,Annual,2015,2.734
RICE_011662,Rice,Karnataka,Haveri,Annual,2015,1.215
RICE_011663,Rice,Karnataka,Kodagu,Annual,2015,2.699
RICE_011664,Rice,Karnataka,Kolar,Annual,2015,1.525
RICE_011665,Rice,Karnataka,Koppal,Annual,2015,3.481
RICE_011666,Rice,Karnataka,Mandya,Annual,2015,3.665
RICE_011667,Rice,Karnataka,Mysore,Annual,2015,3.382
RICE_011668,Rice,Karnataka,Raichur,Annual,2015,3.044
RICE_011669,Rice,Karnataka,Ramanagaram,Annual,2015,2.31
RICE_011670,Rice,Karnataka,Shimoge,Annual,2015,2.606
RICE_011671,Rice,Karnataka,Tumkur,Annual,2015,2.818
RICE_011672,Rice,Karnataka,Udupi,Annual,2015,2.499
RICE_011673,Rice,Karnataka,Uttara Kannada,Annual,2015,1.658
RICE_011674,Rice,Karnataka,Yadagiri,Annual,2015,2.011
RICE_011675,Rice,Kerala,Alappuzha,Annual,2015,2.816
RICE_011676,Rice,Kerala,Eranakulam,Annual,2015,2.126
RICE_011677,Rice,Kerala,Idukki,Annual,2015,2.478
RICE_011678,Rice,Kerala,Kannur,Annual,2015,2.103
RICE_011679,Rice,Kerala,Kasaragod,Annual,2015,2.227
RICE_011680,Rice,Kerala,Kollam,Annual,2015,2.155
RICE_011681,Rice,Kerala,Kottayam,Annual,2015,3.042
RICE_011682,Rice,Kerala,Kozhikode,Annual,2015,1.256
RICE_011683,Rice,Kerala,Malappuram,Annual,2015,2.722
RICE_011684,Rice,Kerala,Palakkad,Annual,2015,2.816
RICE_011685,Rice,Kerala,Pathanamthitta,Annual,2015,3.313
RICE_011686,Rice,Kerala,Thiruvananthapuram,Annual,2015,2.573
RICE_011687,Rice,Kerala,Thrissur,Annual,2015,3.203
RICE_011688,Rice,Kerala,Wayanad,Annual,2015,2.575
RICE_011689,Rice,Madhya Pradesh,Alirajpur,Annual,2015,1.066
RICE_011690,Rice,Madhya Pradesh,Anuppur,Annual,2015,1.565
RICE_011691,Rice,Madhya Pradesh,Ashoknagar,Annual,2015,1.665
RICE_011692,Rice,Madhya Pradesh,Balaghat,Annual,2015,1.674
RICE_011693,Rice,Madhya Pradesh,Barwani,Annual,2015,0.67
RICE_011694,Rice,Madhya Pradesh,Betul,Annual,2015,1.714
RICE_011695,Rice,Madhya Pradesh,Bhind,Annual,2015,4.555
RICE_011696,Rice,Madhya Pradesh,Bhopal,Annual,2015,2.444
RICE_011697,Rice,Madhya Pradesh,Chhatarpur,Annual,2015,0.334
RICE_011698,Rice,Madhya Pradesh,Chhindwara,Annual,2015,1.742
RICE_011699,Rice,Madhya Pradesh,Damoh,Annual,2015,1.132
RICE_011700,Rice,Madhya Pradesh,Datia,Annual,2015,1.714
RICE_011701,Rice,Madhya Pradesh,Dindori,Annual,2015,1.245
RICE_011702,Rice,Madhya Pradesh,Guna,Annual,2015,1.335
RICE_011703,Rice,Madhya Pradesh,Gwalior,Annual,2015,2.83
RICE_011704,Rice,Madhya Pradesh,Harda,Annual,2015,1.557
RICE_011705,Rice,Madhya Pradesh,Hoshangabad,Annual,2015,2.889
RICE_011706,Rice,Madhya Pradesh,Jabalpur,Annual,2015,0.879
RICE_011707,Rice,Madhya Pradesh,Jhabua,Annual,2015,0.6
RICE_011708,Rice,Madhya Pradesh,Katni,Annual,2015,1.422
RICE_011709,Rice,Madhya Pradesh,Khandwa,Annual,2015,0.476
RICE_011710,Rice,Madhya Pradesh,Mandla,Annual,2015,1.985
RICE_011711,Rice,Madhya Pradesh,Morena,Annual,2015,4.0
RICE_011712,Rice,Madhya Pradesh,Narsinghpur,Annual,2015,2.627
RICE_011713,Rice,Madhya Pradesh,Panna,Annual,2015,0.315
RICE_011714,Rice,Madhya Pradesh,Raisen,Annual,2015,2.29
RICE_011715,Rice,Madhya Pradesh,Rajgarh,Annual,2015,1.33
RICE_011716,Rice,Madhya Pradesh,Rewa,Annual,2015,0.948
RICE_011717,Rice,Madhya Pradesh,Sagar,Annual,2015,0.286
RICE_011718,Rice,Madhya Pradesh,Satna,Annual,2015,2.288
RICE_011719,Rice,Madhya Pradesh,Sehore,Annual,2015,3.945
RICE_011720,Rice,Madhya Pradesh,Seoni,Annual,2015,1.412
RICE_011721,Rice,Madhya Pradesh,Shahdol,Annual,2015,1.673
RICE_011722,Rice,Madhya Pradesh,Sheopur Kalan,Annual,2015,3.474
RICE_011723,Rice,Madhya Pradesh,Shivpuri,Annual,2015,2.485
RICE_011724,Rice,Madhya Pradesh,Sidhi,Annual,2015,0.648
RICE_011725,Rice,Madhya Pradesh,Singrauli,Annual,2015,1.917
RICE_011726,Rice,Madhya Pradesh,Tikamgarh,Annual,2015,0.112
RICE_011727,Rice,Madhya Pradesh,Umaria,Annual,2015,1.795
RICE_011728,Rice,Madhya Pradesh,Vidisha,Annual,2015,1.333
RICE_011729,Rice,Maharashtra,Ahmednagar,Annual,2015,1.229
RICE_011730,Rice,Maharashtra,Amarawati,Annual,2015,0.214
RICE_011731,Rice,Maharashtra,Bhandara,Annual,2015,1.511
RICE_011732,Rice,Maharashtra,Chandrapur,Annual,2015,0.839
RICE_011733,Rice,Maharashtra,Dhule,Annual,2015,1.174
RICE_011734,Rice,Maharashtra,Gadchiroli,Annual,2015,0.856
RICE_011735,Rice,Maharashtra,Gondia,Annual,2015,1.588
RICE_011736,Rice,Maharashtra,Kolhapur,Annual,2015,2.461
RICE_011737,Rice,Maharashtra,Latur,Annual,2015,0.079
RICE_011738,Rice,Maharashtra,Nagpur,Annual,2015,1.21
RICE_011739,Rice,Maharashtra,Nanded,Annual,2015,0.25
RICE_011740,Rice,Maharashtra,Nandurbar,Annual,2015,0.915
RICE_011741,Rice,Maharashtra,Nasik,Annual,2015,1.453
RICE_011742,Rice,Maharashtra,Osmanabad,Annual,2015,0.097
RICE_011743,Rice,Maharashtra,Palghar,Annual,2015,2.31
RICE_011744,Rice,Maharashtra,Pune,Annual,2015,1.965
RICE_011745,Rice,Maharashtra,Raigad,Annual,2015,2.94
RICE_011746,Rice,Maharashtra,Ratnagiri,Annual,2015,2.452
RICE_011747,Rice,Maharashtra,Sangli,Annual,2015,1.92
RICE_011748,Rice,Maharashtra,Satara,Annual,2015,1.512
RICE_011749,Rice,Maharashtra,Sindhudurg,Annual,2015,2.918
RICE_011750,Rice,Maharashtra,Thane,Annual,2015,2.26
RICE_011751,Rice,Orissa,Angul,Annual,2015,0.791
RICE_011752,Rice,Orissa,Balasore,Annual,2015,1.702
RICE_011753,Rice,Orissa,Bargarh,Annual,2015,1.924
RICE_011754,Rice,Orissa,Bhadrak,Annual,2015,2.506
RICE_011755,Rice,Orissa,Bolangir,Annual,2015,0.94
RICE_011756,Rice,Orissa,Boudh,Annual,2015,0.954
RICE_011757,Rice,Orissa,Cuttack,Annual,2015,2.014
RICE_011758,Rice,Orissa,Deogarh,Annual,2015,0.996
RICE_011759,Rice,Orissa,Dhenkanal,Annual,2015,1.596
RICE_011760,Rice,Orissa,Gajapati,Annual,2015,0.975
RICE_011761,Rice,Orissa,Ganjam,Annual,2015,1.923
RICE_011762,Rice,Orissa,Jagatsinghapur,Annual,2015,2.571
RICE_011763,Rice,Orissa,Jajapur,Annual,2015,1.231
RICE_011764,Rice,Orissa,Jharsuguda,Annual,2015,0.94
RICE_011765,Rice,Orissa,Kalahandi,Annual,2015,1.118
RICE_011766,Rice,Orissa,Kendrapara,Annual,2015,1.846
RICE_011767,Rice,Orissa,Keonjhar,Annual,2015,1.132
RICE_011768,Rice,Orissa,Khurda,Annual,2015,1.432
RICE_011769,Rice,Orissa,Koraput,Annual,2015,1.972
RICE_011770,Rice,Orissa,Malkangiri,Annual,2015,1.37
RICE_011771,Rice,Orissa,Mayurbhanja,Annual,2015,0.984
RICE_011772,Rice,Orissa,Nawarangpur,Annual,2015,1.254
RICE_011773,Rice,Orissa,Nayagarh,Annual,2015,0.848
RICE_011774,Rice,Orissa,Nuapada,Annual,2015,0.847
RICE_011775,Rice,Orissa,Phulbani ( Kandhamal ),Annual,2015,0.861
RICE_011776,Rice,Orissa,Puri,Annual,2015,2.085
RICE_011777,Rice,Orissa,Rayagada,Annual,2015,1.167
RICE_011778,Rice,Orissa,Sambalpur,Annual,2015,1.05
RICE_011779,Rice,Orissa,Sonepur,Annual,2015,2.514
RICE_011780,Rice,Orissa,Sundargarh,Annual,2015,1.172
RICE_011781,Rice,Punjab,Amritsar,Annual,2015,2.834
RICE_011782,Rice,Punjab,Barnala,Annual,2015,4.645
RICE_011783,Rice,Punjab,Bhatinda,Annual,2015,4.526
RICE_011784,Rice,Punjab,Faridkot,Annual,2015,3.991
RICE_011785,Rice,Punjab,Fatehgarh Sahib,Annual,2015,4.465
RICE_011786,Rice,Punjab,Fazilka,Annual,2015,2.865
RICE_011787,Rice,Punjab,Ferozpur,Annual,2015,3.898
RICE_011788,Rice,Punjab,Gurdaspur,Annual,2015,2.857
RICE_011789,Rice,Punjab,Hoshiarpur,Annual,2015,3.542
RICE_011790,Rice,Punjab,Jalandhar,Annual,2015,3.887
RICE_011791,Rice,Punjab,Kapurthala,Annual,2015,4.017
RICE_011792,Rice,Punjab,Ludhiana,Annual,2015,4.595
RICE_011793,Rice,Punjab,Mansa,Annual,2015,3.903
RICE_011794,Rice,Punjab,Moga,Annual,2015,4.76
RICE_011795,Rice,Punjab,Pathankot,Annual,2015,3.143
RICE_011796,Rice,Punjab,Patiala,Annual,2015,3.957
RICE_011797,Rice,Punjab,Roopnagar,Annual,2015,4.472
RICE_011798,Rice,Punjab,S.A.S Nagar,Annual,2015,3.742
RICE_011799,Rice,Punjab,S.B.S Nagar,Annual,2015,4.271
RICE_011800,Rice,Punjab,Sangrur,Annual,2015,4.869
RICE_011801,Rice,Punjab,Shri Mukatsar Sahib,Annual,2015,4.222
RICE_011802,Rice,Punjab,Taran Taran,Annual,2015,2.831
RICE_011803,Rice,Rajasthan,Alwar,Annual,2015,2.0
RICE_011804,Rice,Rajasthan,Banswara,Annual,2015,0.505
RICE_011805,Rice,Rajasthan,Baran,Annual,2015,2.522
RICE_011806,Rice,Rajasthan,Bharatpur,Annual,2015,2.335
RICE_011807,Rice,Rajasthan,Bhilwara,Annual,2015,2.0
RICE_011808,Rice,Rajasthan,Bikaner,Annual,2015,1.5
RICE_011809,Rice,Rajasthan,Bundi,Annual,2015,2.228
RICE_011810,Rice,Rajasthan,Chittorgarh,Annual,2015,2.01
RICE_011811,Rice,Rajasthan,Dholpur,Annual,2015,2.05
RICE_011812,Rice,Rajasthan,Dungarpur,Annual,2015,0.674
RICE_011813,Rice,Rajasthan,Ganganagar,Annual,2015,3.127
RICE_011814,Rice,Rajasthan,Hanumangarh,Annual,2015,2.81
RICE_011815,Rice,Rajasthan,Jhalawar,Annual,2015,2.021
RICE_011816,Rice,Rajasthan,Karoli,Annual,2015,1.35
RICE_011817,Rice,Rajasthan,Kota,Annual,2015,2.646
RICE_011818,Rice,Rajasthan,Pratapgarh,Annual,2015,2.035
RICE_011819,Rice,Rajasthan,Rajsamand,Annual,2015,2.0
RICE_011820,Rice,Rajasthan,Sirohi,Annual,2015,1.0
RICE_011821,Rice,Rajasthan,Swami Madhopur,Annual,2015,2.019
RICE_011822,Rice,Rajasthan,Tonk,Annual,2015,1.0
RICE_011823,Rice,Rajasthan,Udaipur,Annual,2015,0.959
RICE_011824,Rice,Tamil Nadu,Ariyalur,Annual,2015,5.087
RICE_011825,Rice,Tamil Nadu,Chengalpattu Mgr / Kancheepuram,Annual,2015,4.249
RICE_011826,Rice,Tamil Nadu,Chidambanar / Toothukudi,Annual,2015,4.017
RICE_011827,Rice,Tamil Nadu,Coimbatore,Annual,2015,3.911
RICE_011828,Rice,Tamil Nadu,Dharmapuri,Annual,2015,4.481
RICE_011829,Rice,Tamil Nadu,Dindigul Anna,Annual,2015,4.8
RICE_011830,Rice,Tamil Nadu,Kanyakumari,Annual,2015,4.305
RICE_011831,Rice,Tamil Nadu,Karur,Annual,2015,3.983
RICE_011832,Rice,Tamil Nadu,Krishnagiri,Annual,2015,4.485
RICE_011833,Rice,Tamil Nadu,Madurai,Annual,2015,3.638
RICE_011834,Rice,Tamil Nadu,Nagapattinam,Annual,2015,2.065
RICE_011835,Rice,Tamil Nadu,Namakkal,Annual,2015,5.041
RICE_011836,Rice,Tamil Nadu,North Arcot / Vellore,Annual,2015,3.906
RICE_011837,Rice,Tamil Nadu,Perambular,Annual,2015,4.557
RICE_011838,Rice,Tamil Nadu,Periyar (Erode),Annual,2015,4.268
RICE_011839,Rice,Tamil Nadu,Pudukkottai,Annual,2015,3.517
RICE_011840,Rice,Tamil Nadu,Ramananthapuram,Annual,2015,2.603
RICE_011841,Rice,Tamil Nadu,Salem,Annual,2015,4.959
RICE_011842,Rice,Tamil Nadu,Sivagangai / Pasumpon,Annual,2015,2.819
RICE_011843,Rice,Tamil Nadu,South Arcot / Cuddalore,Annual,2015,3.623
RICE_011844,Rice,Tamil Nadu,Thanjavur,Annual,2015,3.59
RICE_011845,Rice,Tamil Nadu,The Nilgiris,Annual,2015,4.438
RICE_011846,Rice,Tamil Nadu,Theni,Annual,2015,5.425
RICE_011847,Rice,Tamil Nadu,Thirunelveli,Annual,2015,4.958
RICE_011848,Rice,Tamil Nadu,Thiruppur,Annual,2015,4.523
RICE_011849,Rice,Tamil Nadu,Thiruvallur,Annual,2015,3.286
RICE_011850,Rice,Tamil Nadu,Thiruvannamalai,Annual,2015,3.966
RICE_011851,Rice,Tamil Nadu,Tiruchirapalli / Trichy,Annual,2015,4.17
RICE_011852,Rice,Tamil Nadu,Tiruvarur,Annual,2015,3.425
RICE_011853,Rice,Tamil Nadu,Villupuram,Annual,2015,4.242
RICE_011854,Rice,Tamil Nadu,Virudhunagar / Kamarajar,Annual,2015,3.517
RICE_011855,Rice,Telangana,Adilabad,Annual,2015,2.637
RICE_011856,Rice,Telangana,Karimnagar,Annual,2015,3.251
RICE_011857,Rice,Telangana,Khammam,Annual,2015,3.034
RICE_011858,Rice,Telangana,Mahabubnagar,Annual,2015,2.233
RICE_011859,Rice,Telangana,Medak,Annual,2015,2.849
RICE_011860,Rice,Telangana,Nalgonda,Annual,2015,2.917
RICE_011861,Rice,Telangana,Nizamabad,Annual,2015,2.681
RICE_011862,Rice,Telangana,Rangareddy,Annual,2015,2.529
RICE_011863,Rice,Telangana,Warangal,Annual,2015,3.164
RICE_011864,Rice,Uttar Pradesh,Agra,Annual,2015,2.399
RICE_011865,Rice,Uttar Pradesh,Aligarh,Annual,2015,2.346
RICE_011866,Rice,Uttar Pradesh,Allahabad,Annual,2015,1.833
RICE_011867,Rice,Uttar Pradesh,Ambedkar Nagar,Annual,2015,2.111
RICE_011868,Rice,Uttar Pradesh,Amethi/C.S.M. Nagar,Annual,2015,1.967
RICE_011869,Rice,Uttar Pradesh,Amroha/J.B.Fulenagar,Annual,2015,2.257
RICE_011870,Rice,Uttar Pradesh,Auraiya,Annual,2015,2.82
RICE_011871,Rice,Uttar Pradesh,Azamgarh,Annual,2015,1.97
RICE_011872,Rice,Uttar Pradesh,Bagpat,Annual,2015,2.747
RICE_011873,Rice,Uttar Pradesh,Bahraich,Annual,2015,1.888
RICE_011874,Rice,Uttar Pradesh,Ballia,Annual,2015,1.694
RICE_011875,Rice,Uttar Pradesh,Balrampur,Annual,2015,1.803
RICE_011876,Rice,Uttar Pradesh,Banda,Annual,2015,1.295
RICE_011877,Rice,Uttar Pradesh,Barabanki,Annual,2015,2.751
RICE_011878,Rice,Uttar Pradesh,Bareilly,Annual,2015,2.064
RICE_011879,Rice,Uttar Pradesh,Basti,Annual,2015,1.88
RICE_011880,Rice,Uttar Pradesh,Bijnor,Annual,2015,2.59
RICE_011881,Rice,Uttar Pradesh,Budaun,Annual,2015,1.847
RICE_011882,Rice,Uttar Pradesh,Buland Shahar,Annual,2015,2.688
RICE_011883,Rice,Uttar Pradesh,Chandauli,Annual,2015,3.085
RICE_011884,Rice,Uttar Pradesh,Chitrakoot,Annual,2015,0.667
RICE_011885,Rice,Uttar Pradesh,Deoria,Annual,2015,0.776
RICE_011886,Rice,Uttar Pradesh,Etah,Annual,2015,1.545
RICE_011887,Rice,Uttar Pradesh,Etawah,Annual,2015,2.466
RICE_011888,Rice,Uttar Pradesh,Faizabad,Annual,2015,2.088
RICE_011889,Rice,Uttar Pradesh,Farrukhabad,Annual,2015,2.246
RICE_011890,Rice,Uttar Pradesh,Fatehpur,Annual,2015,2.047
RICE_011891,Rice,Uttar Pradesh,Firozabad,Annual,2015,2.397
RICE_011892,Rice,Uttar Pradesh,G.B.Nagar,Annual,2015,2.616
RICE_011893,Rice,Uttar Pradesh,Ghaziabad,Annual,2015,2.568
RICE_011894,Rice,Uttar Pradesh,Ghazipur,Annual,2015,2.165
RICE_011895,Rice,Uttar Pradesh,Gonda,Annual,2015,2.061
RICE_011896,Rice,Uttar Pradesh,Gorakhpur,Annual,2015,1.395
RICE_011897,Rice,Uttar Pradesh,Hamirpur,Annual,2015,1.143
RICE_011898,Rice,Uttar Pradesh,Hapur,Annual,2015,2.836
RICE_011899,Rice,Uttar Pradesh,Hardoi,Annual,2015,2.256
RICE_011900,Rice,Uttar Pradesh,Hathras,Annual,2015,1.966
RICE_011901,Rice,Uttar Pradesh,Jalaun,Annual,2015,1.795
RICE_011902,Rice,Uttar Pradesh,Jaunpur,Annual,2015,1.76
RICE_011903,Rice,Uttar Pradesh,Jhansi,Annual,2015,1.785
RICE_011904,Rice,Uttar Pradesh,Kannauj,Annual,2015,2.351
RICE_011905,Rice,Uttar Pradesh,Kanpur Dehat,Annual,2015,2.635
RICE_011906,Rice,Uttar Pradesh,Kanpur Nagar,Annual,2015,2.274
RICE_011907,Rice,Uttar Pradesh,Kasganj/Khansi Ram Nagar,Annual,2015,1.917
RICE_011908,Rice,Uttar Pradesh,Kheri,Annual,2015,2.629
RICE_011909,Rice,Uttar Pradesh,Kushambi,Annual,2015,2.119
RICE_011910,Rice,Uttar Pradesh,Kushi Nagar / Padrauna,Annual,2015,1.583
RICE_011911,Rice,Uttar Pradesh,Lalitpur,Annual,2015,0.636
RICE_011912,Rice,Uttar Pradesh,Lucknow,Annual,2015,2.026
RICE_011913,Rice,Uttar Pradesh,Mahoba,Annual,2015,1.0
RICE_011914,Rice,Uttar Pradesh,Mahrajgani,Annual,2015,2.464
RICE_011915,Rice,Uttar Pradesh,Mainpuri,Annual,2015,2.636
RICE_011916,Rice,Uttar Pradesh,Mathura,Annual,2015,2.224
RICE_011917,Rice,Uttar Pradesh,Mau,Annual,2015,1.456
RICE_011918,Rice,Uttar Pradesh,Meerut,Annual,2015,2.91
RICE_011919,Rice,Uttar Pradesh,Mirzpur,Annual,2015,1.737
RICE_011920,Rice,Uttar Pradesh,Moradabad,Annual,2015,2.336
RICE_011921,Rice,Uttar Pradesh,Muzaffarnagar,Annual,2015,2.596
RICE_011922,Rice,Uttar Pradesh,Pilibhit,Annual,2015,3.01
RICE_011923,Rice,Uttar Pradesh,Pratapgarh,Annual,2015,1.799
RICE_011924,Rice,Uttar Pradesh,Rae-Bareily,Annual,2015,2.126
RICE_011925,Rice,Uttar Pradesh,Rampur,Annual,2015,2.26
RICE_011926,Rice,Uttar Pradesh,Saharanpur,Annual,2015,2.283
RICE_011927,Rice,Uttar Pradesh,Sambhal,Annual,2015,2.301
RICE_011928,Rice,Uttar Pradesh,Santh Kabir Nagar,Annual,2015,1.755
RICE_011929,Rice,Uttar Pradesh,Santh Ravi Das Nagar / Bhadoi,Annual,2015,2.076
RICE_011930,Rice,Uttar Pradesh,Shahjahanpur,Annual,2015,3.149
RICE_011931,Rice,Uttar Pradesh,Shamli,Annual,2015,2.498
RICE_011932,Rice,Uttar Pradesh,Shravasti,Annual,2015,1.95
RICE_011933,Rice,Uttar Pradesh,Sidharthnagar,Annual,2015,2.262
RICE_011934,Rice,Uttar Pradesh,Sitapur,Annual,2015,2.158
RICE_011935,Rice,Uttar Pradesh,Sonbhadra,Annual,2015,1.487
RICE_011936,Rice,Uttar Pradesh,Sultanpur,Annual,2015,2.077
RICE_011937,Rice,Uttar Pradesh,Unnao,Annual,2015,1.584
RICE_011938,Rice,Uttar Pradesh,Varanasi,Annual,2015,2.059
RICE_011939,Rice,Uttarakhand,Almorah,Annual,2015,1.09
RICE_011940,Rice,Uttarakhand,Bageshwar,Annual,2015,1.397
RICE_011941,Rice,Uttarakhand,Chamoli,Annual,2015,1.29
RICE_011942,Rice,Uttarakhand,Champavat,Annual,2015,1.403
RICE_011943,Rice,Uttarakhand,Dehradun,Annual,2015,2.159
RICE_011944,Rice,Uttarakhand,Garhwal,Annual,2015,1.339
RICE_011945,Rice,Uttarakhand,Haridwar,Annual,2015,2.142
RICE_011946,Rice,Uttarakhand,Nainital,Annual,2015,2.855
RICE_011947,Rice,Uttarakhand,Pithorgarh,Annual,2015,1.301
RICE_011948,Rice,Uttarakhand,Rudraprayag,Annual,2015,1.495
RICE_011949,Rice,Uttarakhand,Tehri Garhwal,Annual,2015,1.709
RICE_011950,Rice,Uttarakhand,Udham Singh Nagar,Annual,2015,3.448
RICE_011951,Rice,Uttarakhand,Uttar Kashi,Annual,2015,1.767
RICE_011952,Rice,West Bengal,24-Paraganas North,Annual,2015,2.95
RICE_011953,Rice,West Bengal,24-Paraganas South,Annual,2015,2.354
RICE_011954,Rice,West Bengal,Bankura,Annual,2015,2.747
RICE_011955,Rice,West Bengal,Birbhum,Annual,2015,3.356
RICE_011956,Rice,West Bengal,Burdwan,Annual,2015,3.37
RICE_011957,Rice,West Bengal,Cooch Behar,Annual,2015,2.673
RICE_011958,Rice,West Bengal,Dakshin Dinajpur,Annual,2015,2.991
RICE_011959,Rice,West Bengal,Darjeeling,Annual,2015,2.361
RICE_011960,Rice,West Bengal,East Midnapore / Purba Midnapore,Annual,2015,2.654
RICE_011961,Rice,West Bengal,Hooghly,Annual,2015,3.138
RICE_011962,Rice,West Bengal,Jalpaiguri,Annual,2015,2.526
RICE_011963,Rice,West Bengal,Jhargram,Annual,2015,1.97
RICE_011964,Rice,West Bengal,Malda,Annual,2015,3.418
RICE_011965,Rice,West Bengal,Murshidabad,Annual,2015,3.283
RICE_011966,Rice,West Bengal,Nadia,Annual,2015,3.134
RICE_011967,Rice,West Bengal,Purulia,Annual,2015,1.839
RICE_011968,Rice,West Bengal,Uttar Dinajpur,Annual,2015,2.789
RICE_011969,Rice,West Bengal,West Midnapore,Annual,2015,2.932
